wind_speed,storm_surge,central_pressure,eye_diameter,precipitation,visibility,pressure_variation,cyclone_duration,sea_surface_temp,wave_height,ocean_current,humidity,target
143.63502971184062,1.8513292883861965,878.5117051207718,67.2702994208898,228.7983513134371,7.872710405548842,64.8256954077822,9.31186913493299,30.804018859210935,13.703670171040423,18.682040923334924,53.303056148825554,0
287.67857660247904,5.419009473783581,874.0936397216,79.66813971913723,322.17293171999455,9.468713187500429,17.238636210516624,44.82540677547104,30.309245066196915,7.88040722729247,16.645604811570163,13.789882173033396,0
232.99848545285127,8.729458358764083,1071.876374156311,25.046789879249896,304.06437191606364,17.090947864043606,87.23945633548149,199.4989932215862,21.436312979950365,10.873654077541266,8.807695625143003,59.12429057506141,1
199.66462104925915,7.322248864095612,874.8638599548518,62.48740996069989,61.55996187750947,6.800087721197842,61.311623906924154,184.02440552120058,33.838586073587,6.540724469588818,30.363333505074397,31.478562371695794,1
89.00466011060914,8.065611478614498,881.5849178385893,57.17459831437487,59.69978789658956,17.392993696243426,15.720388355695425,84.15424594971525,28.527083032352294,9.450518663136572,23.831208025431444,5.234876680960243,0
88.99863008405066,6.587833667107174,1027.8194787253892,83.28303767882711,107.26974709796534,1.7626886195338298,96.23380574812069,90.434550665811,25.455882817035263,5.10863906131678,43.28504961620018,94.86561577065649,1
64.52090304204987,6.922765645178525,934.921952735162,90.60870604812605,144.4298905364149,15.535968744172614,51.83654633353206,128.05306405285907,31.3480787524296,4.51738529678168,1.6054790241029127,64.14903690642878,1
266.54403644373383,8.491956515653193,1033.0131670865544,1.2156771477386807,163.38223256339305,16.95095266109473,7.289845187165501,0.057841124432291835,23.86048187602451,8.673446792542705,32.193396377756315,87.6918931870847,1
200.2787529358022,2.4966800885918596,819.6098472693155,67.40199190587927,271.8788867333381,3.636353056746775,62.68329044150672,57.89864064912669,30.402647555694806,7.471945112759705,38.14744392557806,67.60560050132531,1
227.01814444901137,4.894249636431405,946.2713581020153,5.1835799119729025,22.67217286633416,8.60693064744401,25.31989070128102,49.97563406597146,20.59566811358371,8.693045537249716,37.974328459415354,35.698369214011294,0
55.14612357395061,2.2120944181960223,810.0840800549848,54.88586650773559,13.869081690426555,3.3099954932731124,80.36934518773025,60.11590721994323,32.591120564139075,4.2999087193053445,44.30369835477626,51.268807232881144,0
292.4774630404986,9.87668007996647,818.7959610366064,28.76327290436782,156.76422517756362,14.132082579884354,81.78220735661907,193.41740220802592,26.722562705319778,5.504367477254929,36.4516871414747,67.57467603471771,1
258.11066020010543,9.440593396866133,1071.9312360033232,30.67765995221412,278.8654768551922,10.706955361233135,97.89473558546618,67.12172557114636,29.550393715369125,1.2584694094336397,46.39050308238482,96.02523252014376,1
103.08477766956904,0.394268113685059,841.7736113352786,35.29585034523566,77.37413718259303,12.706466934166421,50.186953102450374,45.96511729203556,23.318567297100255,0.7841455840830858,16.632829991044574,25.366945912169648,0
95.45624180177515,7.055751725156885,959.7262046825651,62.12924490496101,256.6017925025007,3.929739339124223,45.495687972773716,121.02323059032757,30.156105689876718,3.8018569450952437,25.160470837577154,87.49770586241176,1
95.85112746335845,9.252483174156659,923.3286807802119,33.40499656687692,103.93125517611979,4.23491724104839,75.34756054464806,207.75480872945568,31.58360413839915,1.1137028899581862,0.7039831641445338,92.40778052942694,1
126.06056073988444,1.8057534512733353,904.2029978776528,73.26990505902803,354.43444352540655,0.8299465101981274,13.247065634192657,57.92392892099997,27.098197803265982,1.5566206295211105,0.34787936516456064,67.04155146589565,0
181.18910790805947,5.679452305526294,1069.9500037061816,40.45273855738697,358.2759777066466,6.441350703914594,54.69155137931242,18.848698270271687,29.265903860926915,12.193926080909057,12.006331022575994,93.12666274013378,1
157.98625466052894,9.154882975880419,806.5470190326469,6.835320030995861,118.9148817125306,11.1948932266735,54.624760013085094,85.53713660391952,26.844888857335977,0.5831054552503395,5.040359856954263,39.78785874773685,1
122.80728504951048,0.3394597858579884,999.1369058526767,78.37598424841073,91.9975015852962,17.158698279946577,8.947312281038721,179.43643789559468,33.411370538867686,9.88414190902114,13.010568396787681,95.30161760404428,0
202.96322368059487,6.974202672468399,1089.018330264065,28.5758324592706,164.52158882649252,13.338548949173614,41.798408550691356,132.1657307267507,27.468037707714785,4.0883662322310075,8.85216472641987,70.27828771659749,1
84.87346516301045,2.9734900737255074,968.0504550385526,43.276687959926264,96.21263407205949,8.707926467995028,85.3284798567202,196.0304086978434,32.62713063543228,13.073185210621897,1.426001241932412,4.20057674188119,0
123.03616213380454,9.243961953765304,1081.0467386099276,68.54438832219016,268.95353731668143,19.062402287882755,85.61536219946603,230.30211542621615,32.020280874053725,7.274884268662493,45.46520732030247,90.68728318190527,1
141.59046082342292,9.710582451653679,815.6773637858071,33.2456157148712,330.42587381931423,14.384904011516637,9.9237664919681,190.23899442038808,26.15757232022535,4.583646889917386,0.41115656944457624,48.44728090331925,1
164.01749605425897,9.442664891134338,925.6379957222484,5.658565614671563,269.2368523644868,18.603304057251002,9.072088274783086,144.9127389225008,23.451267377862127,7.764584035341518,36.80410721685427,46.032698477783285,1
246.2939903482534,4.742142166574638,878.0473372886154,37.39210470128136,329.7401788997398,10.551759465443313,26.26954770019353,118.40198113257132,26.091231988396565,5.729370285679033,7.607394345975827,56.646660597963425,0
99.91844553958992,8.620426509893134,1019.2462894942189,94.44485826943034,158.79686488298967,5.178085495862792,87.47660625539935,9.616580723584,32.3932606366283,8.464515970047453,45.61148109998,14.938454677122792,1
178.5586096034029,8.445493985350703,1094.3891271491739,64.17343972985582,62.52678828354434,1.0565337272944397,12.890258507349895,236.2372749153699,23.414488037290887,1.7179930248952235,44.63979697949429,46.916604856739866,1
198.1036422155106,3.1910047324325563,876.9590187332743,67.1479148667207,295.1803789590369,14.52169702967701,71.99968026274462,92.03546941801021,27.86654518786624,14.954857542188266,32.695057318462865,83.11272167177457,1
61.61260317999943,8.289154741506774,996.2523804422224,63.22821536376399,144.18980205662155,2.4260599601106825,10.116561961310321,36.53477134004803,32.09145121941121,6.3833381654507635,33.611707490030255,1.5482459137515336,0
201.8862129753596,0.3700763471549262,859.429289827922,19.899213895943678,268.508330091653,6.055502565439344,62.31378537478254,160.0101252951496,25.30216212692568,5.22345959561053,0.26695709848442717,27.29171603243713,0
92.63103092182288,5.96269878482053,969.599076371483,41.833386410228016,108.25757679270626,10.649418157677948,35.60672991191448,68.22918938291023,29.63314455504046,10.653147724743974,49.2435783056801,0.245458644384422,0
66.26289824631988,2.3000883728770303,939.1797460065009,75.09397983633183,32.491853922669065,11.288331755594953,78.8913962965867,140.58678502345143,23.68447361073222,5.458491097429987,43.89163017879072,41.571130914984835,0
287.2213843133333,1.205668857772788,1091.601598889461,10.137289755315916,397.03271819510536,12.011663939742721,23.36904488253636,140.8242978827019,21.639191680522398,12.499114575431365,44.7553112865046,72.83155104937347,0
291.40800826863983,0.7695320162920916,982.5581818089399,27.785277608971228,62.48060317223971,3.3251066069940127,63.920182938995985,106.9751570166886,31.915763376392846,6.814060865406379,32.962226852543594,79.87718291146285,1
252.09933702911528,6.962887758781397,904.8519116260456,27.631910846585363,395.3683975853924,7.5947480964329745,23.568253457588494,200.66846773081022,21.484529351130604,10.793376198981523,17.239346432726826,94.51897611270066,1
126.15344229334268,3.3987496376806616,834.22873546638,43.2018927594506,390.9119730265789,12.343884542339334,71.36602831121537,63.59209477330633,24.07072092619377,1.611798246628298,44.68243245452404,60.85046129707865,0
74.41802850159597,7.247667715287615,845.3740486204804,98.0368740942185,317.52724156321585,19.396377292675695,87.36780345607488,107.6718219882562,32.8266413299616,12.691787783326676,14.575846407559617,25.462686665289546,1
221.05825662803923,0.6535634079894237,867.5950789853705,6.750254668382194,263.76918483279906,14.552622753993774,12.680179912676003,129.04611086183314,25.19703930618001,11.035769801671648,28.135577167110142,92.4147949136699,0
160.03812343490034,3.152903378306103,875.2899984020894,51.870099438059505,231.12282010043387,18.452075141879156,86.65956885955035,159.26993298415192,34.59568024271242,3.1757516769294853,4.98654861719412,77.53157538803761,1
80.5095587111947,5.394912923753372,1055.1848173523413,17.936468201221047,346.4406181511339,15.24424116628354,59.35752544142979,188.1532441213415,34.6960150216079,2.1792901461867995,46.09778150663751,57.44284830031445,1
173.79422752781755,7.907231648389636,968.3668364847574,97.06765454097442,115.77580864779517,11.834339377848009,12.711049086702397,94.75374789078145,24.02414030680335,4.744385230884366,7.038522888560666,69.56402157189359,1
58.5971302788046,3.187525029320699,957.0172734123099,11.33035047274642,187.0724849939508,3.840467382726891,42.7541855359712,155.05126658318304,20.614673333748357,14.641058790478565,11.244840286520363,92.43163550074291,0
277.3301005196955,6.2589137643700905,834.4306615607652,40.36010023615913,247.75598774660077,13.333713037850261,16.08602934850979,36.14662873644459,30.575949263080688,3.852473618505879,27.906707906410748,71.23940284729217,1
114.69499540000423,8.85977748236187,1058.0419080048305,73.78849848346061,164.47619034779643,12.467591319198142,70.03478888665695,223.83554413019488,26.764797539725155,6.8419081341995,38.204650010649075,36.8374507584734,1
215.6305710884955,6.158631881823045,1016.8442909625451,70.45544280274453,170.9945816361072,12.049383409145328,75.88681344179497,91.93411354104084,21.511292659393643,0.4503033857600447,30.967565296814946,71.30282022890967,1
127.92776902235273,2.329594747536338,820.3005085700005,42.272863689393226,132.11386700083375,9.795717359764815,10.579652027279895,175.08514127434523,30.61284228467064,5.958412943493488,11.606695640007809,4.027816273538787,0
180.0170052944527,0.2440078155653802,1012.3505291689306,34.652416795271826,225.6927266738144,10.573132079785513,50.613985269464436,4.881859651722635,20.46762363667882,8.569800231496542,0.04715212637451671,38.64155618305812,0
186.67756983581992,8.700988739009299,963.0614652027938,39.76123785528706,340.2298112060464,6.688850542362081,81.46250560259172,49.24491429715368,33.05295035738363,14.296869187619476,37.85752901537196,40.63230318455793,1
96.21361388138176,0.21269410850387138,824.5176037240335,26.42762631586393,80.61135120252514,10.386253852846064,93.61630415509966,116.89981063765872,22.079787936699557,7.751040674100967,49.26036629555469,16.68382344208347,0
292.3961569411397,8.747016726841995,937.490192458597,20.53329387067998,373.77321550137657,3.951118113569565,51.351786674177,210.78059225576317,21.909678181200874,12.286609892665316,40.49565601530452,2.3085480551770177,1
243.78320584027864,5.28937134027212,945.4088861390142,48.303969755889,275.63506149929185,16.103487947207537,95.02792236114071,126.54123598816251,22.635084469528767,8.206914638533508,23.010330907830767,13.338123663774281,0
284.87473539104724,9.390676985128962,849.7323620489827,26.853375606760732,329.3092850720121,3.715539093974156,53.56889704560298,223.16891575053097,34.403995377380994,0.6117752015327715,45.18836306995533,65.46214957970551,1
273.70683760691225,7.987832357736654,1083.7094441000847,28.746166489725013,222.47627705200466,1.6993257977893284,39.419049459990795,116.11125517987112,30.39754040380769,4.725124127846611,20.4923836559175,80.22888163636875,1
199.47499470277128,9.979341105333376,1054.9926114441987,65.67560634745571,311.80668056962537,8.724920527143148,84.82031285528954,117.70778321662799,32.02057303195455,8.633242617466548,26.246704212173377,98.82034927269741,1
280.4685587557792,3.5071181545171015,1000.7067011987325,96.85373316998923,6.480158935786884,13.166148790121238,49.2982710458089,28.739229240127653,25.964524785991294,14.258909488966864,23.856488369784163,34.63635031084943,0
72.12312551297987,7.671882889311269,938.6886683001821,60.363720055937506,327.3521699118141,8.754336498670828,47.190251056452304,192.63749859653277,25.04469091257433,12.8869553962685,22.381193633276247,59.937922226110175,1
98.9957156047863,4.019309136092422,923.5296624753526,7.697946706496628,16.05554363414661,5.535082639026172,49.03124894098283,59.271698992095,23.51726010174755,3.4253342126827144,38.75953846469529,93.71449668151219,0
61.30682222763451,4.798756203039089,995.2920401452863,7.558361385406698,355.965350545145,11.163423677808815,84.67850018697453,215.90699744935563,27.209720424686132,3.3016474502874527,26.338445363474598,16.70417813381526,0
131.33258269081608,6.275054632183701,963.6295608220717,95.1423220845566,396.78509889545734,6.940046708243999,83.19415416880521,218.59781287929508,28.277431003012527,3.0175945067085115,15.835856101260804,71.76455863427427,1
147.1693224223705,8.736771141863388,818.6819317645657,29.729079030733363,117.62698487071113,18.65735380253266,40.35199924402112,226.39442684979593,29.47662265479133,13.837483444537547,12.907908382923916,75.49787331491632,1
117.83725794347397,9.840834691992951,953.7507946310996,9.206698608247542,84.12742251431746,18.45290279207144,33.3299859870525,124.8553173847416,23.85677755998042,12.78999229652581,1.8873658483716693,8.897553586933837,0
257.18437728798233,7.682734138645182,1041.9210851698517,59.90445871503815,306.1453455432163,10.04743639944191,49.19280240391293,162.50250834807466,34.22981121354486,11.623251483794231,29.1597580941523,86.12493851830651,1
139.18833167339733,4.177667821673338,937.7719632790875,62.36487782902661,101.21053636810129,6.55767988036517,57.277250973710906,186.84381121479925,22.546377473107036,5.891026713363414,11.49807077005171,81.31050471108439,1
120.23362742184518,4.213570022770702,815.5869732662806,64.85048201186882,346.2249532688814,14.742648279132782,23.833721062799697,31.443508476111745,34.484797621496185,7.565710564481502,7.406696100819154,3.3403006577434446,0
185.67402078956212,7.375823015888915,1035.88345981521,26.74020278575413,41.13703686299068,0.7342588696613328,79.39550847155907,144.22972679939934,20.222841837612556,6.964976171927292,32.691498191383886,9.108441488005148,0
85.23105624369066,2.3877714576830233,860.4091346407923,1.5110684214475034,50.382078551743305,9.495380120873024,48.648276573242285,8.231496312794802,27.216885377252684,3.8009716133905895,34.06046289107744,4.912689389185232,0
250.54924518850993,1.1047411313139466,877.5862504664117,96.50153694544719,391.6606220402462,6.72646788540667,33.40455484199596,119.4158600132942,25.000517571748443,7.575420692231504,37.607744612883295,33.47435317993622,0
68.6376609199427,3.546221576407765,849.4119060296888,25.089304569110247,269.53555930800184,18.410717702051095,10.68209929639906,37.16224358885458,26.736851208953762,0.45744821779131695,25.178844816929573,50.92889906799262,0
296.72173415012935,2.8723899165408175,899.0645194614492,67.60262880525475,338.75488977158113,0.24006054545365085,23.884516040360694,43.90150223090033,28.559968684711833,1.9771556024618875,44.70273026019433,53.23477279546288,1
243.06119232416435,2.963081204559901,1027.0254517065905,70.66298698787095,129.7317509406072,11.056297514366982,94.92811717559837,87.61141600622436,26.533837370190636,13.298843942534196,46.81713766991139,26.766675976944263,0
99.6789203835431,2.3360775104990994,955.8157578511812,61.00074170794857,270.59349980824175,14.81327162133252,30.50996868195266,103.78492001196072,26.222702754523922,11.27519650547135,40.36854698962447,91.15968865602741,1
51.3805292809006,0.42093189636361883,861.4643822452138,31.290739421364822,237.69673092343888,9.700359750480825,16.885928936703532,149.56138188772493,30.9908512311996,6.343026135886306,31.77967410040936,36.826278987191316,0
253.86535711370854,0.1787393473341381,1063.3490234456121,27.109625376406576,241.2600480491788,1.7080606032544332,46.06727916549932,17.86282042524376,30.28814412629697,7.757255434258158,15.186047679559433,4.555015596535251,0
226.71433596190428,9.877223897360315,1063.8745564854587,59.76682827027031,273.0129838150886,19.449227800558045,30.70877433602487,120.88602269698671,32.499069230537714,5.549983289399662,49.14724608101106,30.022711154138637,1
232.25179201024682,4.277731337358624,1061.1735275138021,86.60956336116915,230.14366925163944,10.360208627521958,3.5159250271194153,43.83003126074427,23.749384718592434,11.111698007410087,13.706808359596916,53.11094225441555,0
242.81758667148642,3.8432664715968166,871.6388634144618,94.67337289233956,171.62494772106638,12.283724886380227,32.314521727941724,137.75404200761807,29.14292764631095,11.762807688481194,10.132846099521553,40.822182258823204,0
68.5111629335226,6.796472826930699,935.3718032542964,10.590580440375764,110.36907775221874,4.732195654150146,54.41086239394686,152.97710694268403,28.777921780892807,11.449277853047386,22.107705689329137,27.384251909925915,0
139.61643213606817,2.1825388786506417,1095.4968968422625,15.482861259771985,307.4325323652808,9.669961702136076,55.17123720199669,133.61022157268494,25.54606716309033,10.839175872516744,2.842028535619423,13.132324976431741,0
78.96726488128243,9.499611839502254,1031.6037428929972,94.47362587830797,90.50897200127449,8.582989839166437,35.65589211768887,177.19092251479384,27.290863128540213,3.0675650803919376,48.92472323358954,81.91645000962298,1
265.7758564688984,7.863450144155521,808.150226367668,73.65352283347926,276.94172246176566,1.4979168400396747,44.73027562526006,80.54621861781632,24.706732149585932,5.069549688607181,29.42167782082124,99.61452421241918,1
205.82453170688947,0.8941100231225951,819.5613773781477,88.29938248297731,93.33312905973065,2.1232070709493445,96.55179182347663,183.6255819919514,22.127665964254778,7.047681524755124,27.847604583208764,32.95421335238821,0
132.7245062131623,4.175807757849284,939.1794130436998,20.263263413534315,250.13206798178155,16.74945039237549,37.73484772303116,103.86409960996647,23.207018159940993,4.9618948714148345,32.78981399498599,38.162104417660395,0
65.88958757150591,8.791183075621646,1072.766061758468,58.758587110940184,298.83130685161154,4.796399044131805,25.822681325998296,116.20427959742324,21.582704696018016,11.324103002374935,24.851182388860334,61.8037524676957,1
127.74558042891555,9.447320222914103,961.6105393858143,70.11395944174737,87.48555556261567,3.899165429972611,24.34670440667601,155.54451054265715,30.24604362785186,4.94030286374932,1.6031758547270791,71.84414747355413,1
131.29583050668674,4.674015112498697,949.343752410287,68.01118854469726,23.977320344523314,10.098229025002786,45.776461270413414,4.40601215981375,29.910910896637272,2.0734813017800575,30.61556444201984,39.20295348035913,0
232.40154458451602,6.134113892107077,831.6421099869892,40.81516908666981,52.389497197669634,15.37494262725026,75.9520148716944,156.9586131408596,34.25909557369809,5.985606780724561,35.80869384782153,90.49295169818153,1
209.38936783880328,1.6703394609207523,997.0340314172882,1.5394891691308477,242.3987869084102,1.2389303715797584,20.59881841884732,148.46043577730768,30.94517620470862,14.698716491735706,20.837453031202656,56.00039892289183,0
271.8031856440816,9.911686261369766,1046.6309481800677,58.29260568042631,339.77856249029423,11.536158392765117,70.92961271407681,74.36330802078717,20.780687581341972,3.388221194003638,37.86477860355964,45.0390076405931,1
168.05373129048732,2.3167170138344337,914.1260022522687,25.310153917960875,17.998728494169747,2.384208856811467,2.1149823349416286,20.590628375877476,33.263677608934316,9.182379884148435,11.35006496692103,64.66727531599051,0
79.89856148457542,9.427317741351256,1032.6835552775983,45.02542461428904,293.6605036166585,0.7292210165123691,41.8932977983946,21.824507979129876,32.94012744418589,6.494595747595595,11.063829553309201,95.28038482491732,1
228.31119680574875,6.496466489923685,1089.3429961702436,95.75810150838173,136.52745838002085,1.0548790432443478,77.58650652027869,221.57369927645485,26.649804811590478,1.0653685147398995,8.070849384378697,79.45522944217055,1
240.19626215422437,6.077367948788591,861.1299377383067,39.903531764243475,191.411347967809,16.683282164168826,33.873295577443145,165.4270370942009,28.787945757918823,7.318149089970892,18.59973798945809,4.001313053512434,0
190.31929939237406,5.126885110165086,956.9988893584224,83.98016066644267,371.54381993822625,2.3594496725612313,56.37371014453995,30.504627304977696,34.64117498708778,10.532464929724688,42.35060176945418,33.230991073995966,1
242.74179498864024,2.3066981171775867,886.1413874253726,18.854060574925114,132.7886018943382,0.903027288245839,20.49792328259108,85.61356063413753,27.984565457722493,7.698299637417281,41.39560310745322,47.05446849512227,0
173.4488990910977,1.7652803200550826,1037.8563257101519,67.24604980250288,186.1347735757944,8.757997742858246,74.19953911261723,142.19591853638315,33.57982742564135,13.081590956198715,19.14121039817519,31.451757220910526,0
180.68320734549852,2.2048620907017535,973.2780097643472,97.70069544389435,5.472965904272442,16.879869438840494,5.227910326875962,200.5372092217557,21.245581367152795,4.33405524986374,29.455936799011827,70.01875608304566,0
156.8852545896374,1.8643826214425452,990.3747252650911,10.189310087293679,32.63948800193535,5.248167529786039,85.25426448755003,10.478622891122047,22.865778030630242,1.293737569559474,36.04081582374578,82.6269149862581,0
56.3547816860238,7.795844735667533,1039.3742478847682,0.8319942227192012,103.43663645391361,8.434252350518328,19.819638642166815,56.791951552802125,26.61132415161977,14.048484174870092,12.06033873140115,73.13450951852715,1
76.97285674832611,3.501252591667301,918.7911417987365,43.35827926326144,11.140896328429761,0.7984506512750245,87.43980317083307,213.5397576708912,28.771352125059572,5.672945242923285,8.407054294737353,98.93332868282752,1
57.857296421683564,0.5784267656339637,1074.527020522113,9.26254830513672,252.5501304193004,8.981570282697518,35.25292413005173,2.1997320441159562,32.243417777942,8.6460832718045,48.60479966061555,27.25476478930291,0
209.1026028159451,9.691026301408113,959.908660173842,74.83843496762313,170.559342720649,11.552261612742674,72.26835744744866,48.33578467053297,34.8239317271478,11.88004689195294,30.877865660480925,87.49894950244214,1
128.58899526908166,8.837858849634257,847.3864468506044,91.45486638485589,219.25808109120882,11.418141075042897,31.922529778618845,230.16580223351184,25.832772447111747,4.864704958133709,49.070786091683196,76.66226651744861,1
177.1426727911757,9.27752283195213,1008.7697354506407,43.402097270875885,69.85887435853182,6.648533843487304,90.59116712346476,147.21644316532107,20.711234542101273,10.742468072664167,16.887799356611456,36.21787575581461,1
276.89161848152327,9.949078226464353,1037.9784051314764,25.871164215544095,118.37281177464645,6.31066361326271,12.663712551837436,62.80112799300155,32.01757254942987,2.0312827472674204,35.151584998706575,73.41245436569686,1
112.32305728721875,1.738952492194873,895.0285031202579,43.44033190066098,265.52978994109003,2.1324723787319577,17.85197892725987,16.077862655003425,29.06571078624212,4.369406208082579,11.130181827061886,10.407595641824695,0
152.59573075890745,3.9624201890265875,1057.1537770996258,72.3447817850001,386.12108945215994,7.335966412925368,49.303012515880226,6.765921707333318,22.978142883023025,2.1706595420477988,13.060008563695646,78.93334823405523,0
238.88778463576216,7.582384757040913,1071.8429764297298,0.9054161580370979,20.16670944088368,1.989893377459293,8.193843903814614,58.738819112862544,27.422426849321305,12.168458376020368,25.5951060634812,53.23306025871026,0
107.19954137290561,6.960206180537922,883.0713462133426,58.945398948469716,356.15372834210643,15.331918894241031,19.598018470176193,211.55659670133852,31.134653683005865,3.3397385284017806,15.980906275403562,29.22901727092532,1
69.24497745719825,1.5389590633985506,1095.0564418145666,61.329168488737906,230.7524805244834,19.325485954963717,94.37663822120143,99.81927703140228,31.556176806029654,10.761053331078154,8.381078192029223,65.57773017841801,0
122.43786322844201,8.158331249906178,842.2134584146276,63.76882468959355,225.56782670224948,19.401489133334138,97.64896611478872,172.88000859983833,27.49427617998143,14.14947595868479,13.1440350994663,64.1619998714409,1
90.30532181350111,2.2444057183666066,860.604700520747,24.202207998087722,200.11141408310414,17.301421987507876,37.62593293304219,220.38840849118986,24.578217951932885,7.9165831360331556,1.787419723293232,20.94862227195997,0
282.42441308564327,2.2381761482262306,855.2674517714079,71.40527233781268,27.757634361673354,12.015842986792382,92.32860210139357,97.92971078467599,34.6061387305774,8.100437883910315,35.221181073874334,3.0397414811526136,0
252.03009489110423,5.3697442289341355,1068.196913002361,9.13914863317764,35.950740694464265,14.017313944877598,54.48246756734317,45.90656904897529,29.950439164347394,6.915503521467181,24.60583285429308,43.36225869016739,0
208.35093912760587,5.929399348417031,996.2877656974886,19.92703364668008,240.36480226363443,5.704116053608281,26.974246587376705,124.10830340566068,26.12356279019448,4.888352150904641,4.712153320226281,56.95118693444212,0
267.8651475469294,5.8008620783781115,845.6312849666818,87.74700466544819,136.38342857422333,12.615408403452413,70.23987210805987,217.94008489436507,24.206948363069785,7.1348254638737565,8.58469965642456,87.66052783705985,1
250.91801922477862,0.9148683739775487,932.0970255105046,73.87231507265663,366.90722663107226,9.112990988797549,65.89018065748571,193.04985939304814,30.966544745053433,9.042112984001392,5.126726905632201,92.82167956475944,1
96.64251472150896,8.774608626303804,984.5894075209405,1.3745554011345251,162.6362149437889,9.640346795538651,98.91253191087334,15.799162407156908,23.632751683906516,14.78987358255989,30.629640413793823,52.88052181567664,1
273.13974962249443,2.6560004258870604,825.039225496815,24.83762603698002,57.312583481056436,15.15553120750316,26.50472874092833,166.21747201861965,22.575649834605322,14.066468389773362,4.71051818062469,75.38034837685449,0
184.83556047891267,1.2951492128280417,1064.7249105222018,21.440648299316457,285.8875334008144,5.638367111945033,67.20595026617355,137.2554053901489,27.947508334431056,12.932294374396827,37.714116651760804,43.93032723279969,0
251.86003879101563,8.887480798689772,1041.0810606324605,27.080632803697256,117.34136857640394,6.360792233890398,5.202375502944689,217.79116232314212,24.349810889662127,13.336958035572875,1.0255459660195587,74.6082156572893,1
274.02282498087334,9.556514982297534,951.5620320729914,24.755977027988642,210.18812294235727,18.492835822572733,11.36460386967194,29.395540044071335,29.433577173854225,7.017737749380644,12.468789399794606,20.48015249391669,0
129.50086874296596,8.621276172654506,1090.137984577751,6.252629574284574,279.133114202068,1.124485897019445,0.3918374951093262,128.16866716911758,21.769080123113504,9.861664907661972,44.53333379459536,37.106473480353145,0
77.51298113191919,8.09516074724878,925.32829378253,45.894051659682034,360.1056444808282,9.712685968266808,99.94606810596731,211.07104644285417,29.824116568509822,13.426000844043212,35.9265659061123,63.42279988136148,1
106.98379063548542,6.552419806390217,1095.2330957109493,73.27334747861651,316.8764779206704,18.256016008157236,80.22736971474778,98.40570881801833,24.249447919965533,5.894261474870296,3.648416646284386,1.815796560707883,0
156.77694715656406,5.5085737060913935,1000.3759996410881,60.67317247174364,270.54442714908964,12.20726015636314,78.67230147335408,115.6787802558881,20.00364401651769,14.426437175182032,41.056305224258985,72.2461310338954,1
254.50369148062327,0.8698675991141014,990.4013819761824,67.28716685980798,271.85327295805746,10.92814148424264,50.97260752881797,16.91056264006999,21.904040865112645,6.236790931037745,24.65175607701024,83.55355012681667,0
265.18264581408584,4.084532130706987,849.7864685887355,8.114917853623915,378.3698576128346,4.994883584587104,30.006708290543994,66.7544737077386,34.004230667526414,9.016239980898234,42.33915135844146,39.91416610939515,1
51.738032632797676,3.72688517012314,1064.578327491393,95.14907101767872,118.32963899861441,6.865509781288965,15.126428446267592,77.88159580054736,33.01031958673037,10.647070699085578,30.03698872251967,44.79424171771643,0
177.68682564439143,2.5975378376032623,928.2469063761846,83.84918338430248,0.444837678474963,17.04096831609386,28.467473884646367,226.82938769877288,23.504135480543553,14.258880196139074,34.09165160164294,85.1282212216531,0
154.35275078719474,7.234201136885849,848.6700217347438,80.50903184956627,108.78182375927948,11.184362635369162,37.597122192913915,67.84016652987818,31.675578568182367,3.669244110783991,49.67507801978541,77.56546353260335,1
105.52695261768255,4.9587573507877085,803.7822559927278,82.29838050417675,87.1565518506976,10.294843875135598,75.6310096980294,110.60849646471648,29.128573897609613,11.191964673579633,11.616777296200908,28.814948903337502,0
79.9663418334207,0.8104621590764793,967.9267050915148,93.27105081327613,264.7338340455993,1.9915942708005785,53.96617889031524,161.11306165542715,34.56357067174804,7.812233792161233,31.197278738069418,32.397610656153894,0
134.403792850907,2.2018320194981134,958.2198866368029,54.42539661136977,253.4846399062116,0.32056312910246243,7.748362655548268,38.92400937789057,25.604084893010885,4.028357109309616,23.016069502869918,67.88782323905966,0
285.72742597812976,6.832587636595959,1015.8060867107475,20.02820178676259,237.38455308188952,19.273703773740984,1.802900895891224,116.74617291404988,30.221909187757568,11.649102596945859,1.9725976461345718,56.31980924481612,1
130.80073300518882,0.7613085949030018,1067.0774159053406,61.678360785254114,6.49737728378148,7.539723345736833,10.233217953406315,177.24936947421781,20.95303583635878,8.283334202607698,0.7235320751432517,16.222957109649695,0
179.6976554358415,8.512069140487688,823.8219753929088,74.2881493667939,291.511221780259,12.064261241990087,41.049871369737936,208.04525112649586,25.943710202246088,9.914607309745136,5.961428890892933,30.99299092291664,1
225.75473972379447,4.951465270139743,1019.4489471021087,73.79173933540254,129.41216499419662,1.5943014637456998,93.31929170490183,150.3022259189824,34.457264917822705,4.843516028668516,32.454587026927406,89.99832768786541,1
140.9074005948235,4.80586577326648,856.2235832292747,52.14490241668801,266.02239560265247,13.662285714460932,63.74024812092216,160.5728436760675,28.084713116751807,7.219109277414075,28.35815439566961,68.81744367222635,1
292.9455206802402,5.924077846595176,1057.4531159471492,6.845871933357806,222.63137140086133,18.651334174119217,80.18258998755151,30.30803342029655,24.31819255002267,9.260313764821007,27.671478058186374,98.59743176855194,1
290.6118237355278,8.246809659251491,1045.7190541584969,37.11129384301278,137.09237017116288,11.513305059948394,46.637459450454855,226.9863593391233,21.804064446929104,6.07366221404766,1.5928381264130043,76.70125299807694,1
112.94557395634104,3.4780920790219305,962.2381264956633,92.07666084633573,53.8305068416431,2.5223064475082113,36.16660831950428,31.817778596275765,30.552925102722956,2.97558809771552,23.465149818000352,94.19744321435903,1
174.31212647309636,6.780161525590636,1013.0728395869935,58.4448909757426,37.76755906419238,11.634430549469535,10.840037271662272,185.9215049236316,29.672840651445902,14.42460738472956,46.231140892126426,21.61885738704754,0
125.21957745419242,5.657319639957911,894.3050339551245,53.83319432557134,332.60733324488945,15.326944262093047,87.5933022186205,63.55591722679652,25.60908070405662,7.672013100639261,19.87959346553233,77.14848748169257,1
121.2101235943669,2.6702827016942132,941.3503696798443,26.885351438219352,367.3590168326232,8.128330731480373,78.31600290279029,224.06235448830037,34.264120277987516,11.008805554315508,31.246123489422818,2.021752014779743,0
59.2217368386332,8.78629986355158,1046.4910693131415,36.84489199165789,259.91521870571984,17.596754958829358,16.811809759772512,172.79028944867508,20.333042194817754,6.165707903340872,38.990933781157175,67.07600217115339,1
202.39108349497423,7.974260216069281,937.7795591519641,89.53460891531692,41.37364594419335,12.97365906714729,51.22605638762605,180.91529111480855,24.55585777447739,5.326976460385745,39.19626395709438,46.92822781202414,1
175.66975580721538,6.584518346584255,907.3394795976326,66.64630475268358,160.81088675529628,17.984978365784052,48.73748079212449,52.574201534371994,33.81604229449372,6.107464477006875,25.96400411976357,34.676007192006864,1
62.86968781249734,8.505817290942419,948.26373417509,78.73870267523328,291.5756800420629,12.470106224946743,62.50915526865286,106.3295943924386,24.814031574791606,6.1379496567847465,42.89759727011682,86.24043522930891,1
119.66161605915286,8.672942009598025,1048.4747757311654,45.434542306765515,311.9283536040272,2.6257594400964845,94.61868939912613,148.27516670142873,23.783792507827556,8.162701739129304,19.568904668187347,85.42676926575307,1
277.06647149166344,7.083629767150348,900.5624142112619,63.024721945615795,47.28744891643544,6.193834222103782,57.97714417624796,184.79366836958422,28.01330614896871,8.152048049720447,44.434660739239916,2.230170489864358,0
109.89047266674311,8.37013328363672,852.1284779407231,24.838360874320752,0.012287538152966349,4.035898965049139,54.02172667786186,24.950250218973498,32.35702624880807,7.457307238243075,12.011358319777266,60.9505122449431,1
86.22371802280577,6.974714616692836,1013.6042060992343,70.54608302834863,284.854818352242,18.176529954337248,5.032293293466394,230.9676759490868,21.547201413175415,2.0217867737615713,14.010820349528553,36.78322243209564,0
172.36319006939075,6.801407717603004,1047.7934638124245,42.76013337033373,142.63847039448225,15.208001345749654,6.290747601802393,213.65296093309345,34.14531064468604,7.441132177507967,2.656031209950055,41.56610015004492,1
296.41261352765014,6.186113782151843,830.19124355706,44.25455148147456,101.7925326473041,13.52796737820012,18.734679132678888,64.88366171894025,31.926093217717458,2.536558506309772,39.779091827114144,83.2040739218776,1
110.51381787787511,7.527166395576412,871.9622338267834,64.93223245768817,5.158987915810176,6.019326392632434,3.247077169174828,197.46245832775966,22.71875383327328,1.8920367944364775,20.85276181163528,30.983977152767828,0
218.03388685146965,1.586051052930737,842.5915969282981,93.62806214689266,216.11976270459988,3.6808954410042705,74.33528955700123,124.39774152955762,30.680119417972442,13.989685760117517,11.455830695569952,94.30488106376201,1
240.4049038321794,8.808707591989284,904.38242347465,6.400634660862092,340.4602941703927,15.129021759778237,72.3330303993963,110.83355557488447,25.774380839563356,9.074250197215564,11.589513880828983,17.963382637214075,1
109.4093859980999,8.71843527745232,935.1052936716238,82.47432373470076,383.05265850903515,9.483158917581594,13.605623443164294,75.4641853947373,26.03442017114478,9.892350871868764,45.069997061461656,66.27224233681778,1
232.05408715296488,0.29247283034559146,1024.647901088992,29.238311041219312,226.2979802453157,4.515791043012582,83.60789007952809,139.4324607915822,31.749351386582994,6.026905055000457,41.69583002305185,67.21050670137647,1
141.9457831798133,8.258167505647627,995.3442754645023,44.391945450637785,205.78453109595768,12.332439563305503,15.478603484611197,175.17338824886346,34.44177211971098,13.634713378722964,27.676544267859164,25.21951614279182,1
208.07645764839486,1.288698674734452,986.2785702435293,2.1913328775008956,34.02255419569644,0.8066770427690395,30.11755869973588,98.62389719106199,21.89983809270791,9.568957343694983,30.805540020786054,32.4750608967202,0
208.38242769022366,3.351188542591419,905.7124839828963,30.1046077834313,219.5491206170399,6.52340508256507,24.8976899161365,151.0126063219901,26.30945355318229,11.537548042853812,23.71627852751455,83.47984925799405,1
183.94367101868963,7.435082562916078,1052.434265925428,50.26312426301305,151.99163158615784,9.371139891822693,37.23070985730478,167.8351010772729,27.214124121264554,5.528437035415708,19.583327143940444,76.18052549549525,1
72.57244251360208,1.607598960483082,941.3861502194494,5.617607734743901,242.85411235343076,2.959166682188117,25.466376588996187,170.6692360836686,25.644677254324964,14.400178212286882,45.77384406091657,32.909588031475955,0
258.82562389730947,8.179670241190621,1093.7314814045462,49.10957293831652,155.49053915061867,19.69308955181679,48.8950926438452,12.47186355148326,25.447836855743375,12.306919352374726,6.280635176015103,53.39565469349339,1
130.19501624293395,8.32134177957742,990.2426414887211,92.71106288584274,96.1196493801467,4.1819472917922855,40.74078813546854,206.33947336441605,20.784030013423948,12.809226945218155,20.9223394858114,6.168029625309545,0
96.62962759996356,5.074677337608362,837.8794224693509,10.539321810780521,37.9861100913506,2.607062600865311,98.65694907793265,109.9807955436115,30.283079308439348,2.5829140113863143,17.228095399393766,20.874588239862923,0
60.19378538869098,0.0638587171683358,1002.8532686226301,76.44407280755044,125.9673778355583,4.070697477737928,5.592635012822567,62.97985960709147,26.54321625680068,4.0644481180682925,24.90753601255742,48.58205588603991,0
197.72323579706045,2.870381331749128,897.5312046295097,40.967105337599264,38.65793371510091,15.381222663194485,14.218137638735161,58.02348179512358,22.9219070396589,4.284398995253656,22.881593727258753,8.59737352792116,0
219.3910904605706,6.169269183757422,1005.8981590058293,65.5173714524338,70.75878032959358,8.510113185436856,5.282589390860249,115.92338708254812,32.240502534531025,4.063638348703067,25.94447658255407,84.33323548919375,1
54.14695723196404,9.811861780274235,820.8923444487217,26.023659798522935,394.93446343181836,11.30831879505076,62.58411949823758,212.8395694725502,32.03841122227442,12.831122431564319,6.995948861349705,71.80062101076479,1
178.02326457482025,6.3181352701666835,852.4644311527878,15.949226254135828,177.64142276264744,0.4201831397272149,5.450927741371958,90.80341960383527,27.29587442133341,0.47827192812888164,25.657075075663855,94.36336706484948,1
106.6239437994845,2.5980358106415977,1056.7211776717359,16.046261427122644,212.74870660200662,0.6886261714662911,83.64397373761233,179.9341792280504,24.47675991721641,1.1414998347116145,12.120940694360543,69.34669059640271,0
211.29319760236245,6.340057030996114,868.1538671070545,7.049194564314465,349.4474114948861,8.916510996540323,51.19386306819278,23.236495436932465,29.571390886946787,4.108723059448556,9.216567449409563,94.04013722621856,1
93.59160725124786,5.3998537971585545,1051.112337572882,18.564670490124303,398.22756019627514,16.33310486403247,52.70076245815337,114.25360851625483,24.322282036661047,2.9980946197416545,3.241710939309561,55.4512555690965,0
222.73443452561648,7.798453951511436,883.7828265363231,66.42193849889682,233.0857797378726,17.704777574151304,56.15945077121942,238.00467369425655,23.54011895485568,3.4778942082427253,38.132627937807044,60.02186110619694,1
146.68383657513436,1.069806388269584,992.8645730176123,88.16906118435081,324.9895284176687,1.7341313519128043,17.081370630621073,184.90507267016088,30.9577198103949,11.9691478387995,21.372096042827998,97.69710546262608,1
284.1824971841836,7.61027902502028,1008.2451720529493,81.41256855911618,130.7764097346701,10.767262042020455,19.769030311448756,50.52683722574712,20.60487859581426,8.446898908380703,31.33218416558792,64.21291468642603,1
84.3802360364983,5.412665786761103,953.7964259435159,68.51343098744842,122.29758297891644,18.26459372558541,31.88173228730047,120.34595368749856,21.42152706551891,0.0865599193945199,36.379667165237166,3.07865688607466,0
135.26658776256463,9.629920038589946,891.5932030090194,11.043186341110268,161.08148839782407,7.759455087957727,59.34964158218514,56.06994327565597,20.101822610353846,6.439841485562929,33.965833265677674,72.38027766305233,1
78.36838031014727,3.418721660386861,863.7933129113288,28.918744629594983,269.00290506945964,16.591316628567373,21.011777594021453,98.29462254300222,22.29414779713139,6.118273902755384,23.525035954484114,90.54686921374156,0
281.1734045696407,6.326218931339481,809.9568063687278,30.980687532246897,272.8766757020395,2.673913087988724,11.633172713326124,187.22016569639155,21.034850130656892,1.709179041668153,19.394926447586492,79.55802497943266,1
269.33483834524526,9.320281055100175,891.1839203722171,24.99569463976212,126.09577385978032,18.707889793355974,97.01168864184322,185.09395566969687,34.93703551669878,10.142126829021857,18.797995482033187,58.38332726254226,1
114.4854069287889,1.0250972799067926,995.9488371593849,51.50056597097231,53.28396965465147,15.028466350626053,2.1981814809622913,54.74409069657243,24.332149549311346,10.531457825692366,32.00243984650282,67.13035130935164,0
214.99601150854477,9.372284872364512,1081.4914455345447,53.55538148796726,252.95850258620342,18.826687855738033,80.26974053360216,221.33359635716644,22.23902019003871,10.813398285781465,24.73971774709367,99.01917892516717,1
254.30555005030396,6.878857223008134,1061.3613446789157,35.68859751711102,51.33034487550581,13.53234467105013,78.8035149575022,142.21636386355843,23.61494386993877,10.927064183378882,42.45661239942553,9.066208850933833,0
188.80020289986558,0.678370591051719,1029.8194329605908,35.3789158736436,231.39700329173203,7.2680786399885395,29.7214113845096,91.18182983088349,34.04188357310202,0.000792403984452017,43.735099216335605,66.72448286332396,0
182.41264458900162,3.0096356694681625,1036.5342029759895,82.85555979060814,277.3688512225236,18.76362345049445,13.56266160073134,120.46453938740656,27.802403345365935,14.308812057700832,8.528018900325923,28.339769457059383,0
110.46307272511292,7.081720886452816,999.4954710427986,78.92928483196856,280.24459855778065,5.5113355261835695,14.562864670542341,145.21710082505848,25.472271444617853,12.213131505819947,6.811682577286282,64.00903965861701,1
73.2756919514748,0.673506014687717,878.0860572698009,30.779583168074566,301.3888442638387,6.64345044123465,69.74316172371925,134.3737276429885,33.10087186863829,13.559725448839279,31.520046301799976,60.762357588393876,1
274.3039394883317,5.8217046017627325,1072.1585092117489,91.37884438732593,349.1437686262658,14.016168360034806,64.28065910861737,116.73720852868277,25.92485405823549,0.23464942961151203,15.06128740311397,15.345683210816208,0
275.10451429083264,3.4588305695295674,1001.2196935717502,95.2815017002506,199.98359678591538,15.306325990507725,78.27456742513867,121.18387298145603,25.025128549365437,14.007881936786092,0.928535938254943,20.674664574023915,0
208.27536431831697,6.209155177674771,968.132189294132,32.67425420300408,292.0996758118285,18.588069676983075,93.74811723991047,42.33885850269268,23.109237838246035,12.146827930321571,44.432133468147754,62.16295780432135,1
134.75744776217516,0.4574203381251285,833.2968407640443,35.442494879305485,247.6690941463347,4.09604818112419,69.1927363266592,195.05589703312305,25.666952358641172,12.558287144380479,11.345038362190413,12.822994730377413,0
137.3023936531652,8.715368061523762,934.1166631419276,50.56341534219588,74.65597591907303,15.959960704384478,15.585153655144346,130.02247678584368,24.75026534025389,1.3993107708295276,46.46403258429046,26.518087513032285,0
231.48891971755984,9.734889691773969,938.1074813605778,94.11208125336735,10.275857947763267,14.77092106793927,24.344261676541066,31.459166809128742,30.159559389472115,11.081670433778966,35.87172254391268,83.52455477380025,1
274.27756498814426,9.688778552856915,1059.369082856801,87.63194331423115,113.81655427077351,1.2758911250719573,84.21937308731145,183.8777043798667,24.343740570060906,14.398750344631365,38.132674495574214,32.70915060016386,1
271.77160606627933,7.496518317429247,963.9944660563365,10.25679625835898,177.21348253504777,7.744462824204139,20.93060758342086,223.7865548105642,28.657996196338424,10.178210121272409,10.07307478965802,48.80601562696629,1
244.96888646440595,1.3008624013063197,914.1201646911229,39.27307432714162,246.8423777714625,5.655309141201972,7.252231695448142,227.3536558168709,20.98838247547959,8.558421069369096,11.709721280840647,94.11403351458402,0
210.50791153857193,7.582631959290226,1093.0400985531978,55.33711897497719,339.9837322012821,6.089808487080608,70.32800540422505,88.56425577868146,22.869337350447715,14.184445166234955,26.06338769120329,22.71490888369463,1
71.03499124876221,0.2458691645880151,833.2161779978946,50.313247255154,78.49828668246626,19.658937591094016,40.2526355490142,32.52404965458097,26.11107907417023,6.64405682601654,8.604992632493108,38.96260173580104,0
90.40717852365344,0.22123551528997254,926.7645284935834,19.38630679368927,50.21991595939084,12.855548269598557,92.00400525459035,124.41591039193564,34.05423880863043,8.98940349465718,15.271584634151614,60.64577755435457,0
274.63854713176977,3.2361021914954122,812.6074025514216,85.88167711681547,385.391978989731,14.353523155869992,65.02550710936616,27.026215043812964,25.658779785735433,7.145074402415493,16.073123897390225,75.53389295039722,1
201.60726491489748,4.886431904046658,1021.9712362300791,67.69407829968374,43.21782375056284,19.532352746300184,9.041897779166074,224.15698044302815,29.961111817997512,13.992693320404488,7.981496662638205,90.16533867127052,1
52.29926290415741,7.704074178077932,1075.4229656597452,83.79083748518036,191.39642804287567,7.544035649152773,94.78565672536607,44.05911056523504,23.82630833632097,1.141270901482609,10.259141669758037,91.54729875735151,1
75.36788571650803,6.832953766065052,884.0111988651469,85.87642793494722,234.22549151732076,16.03680336905612,25.85572636402459,60.663806388279376,21.905503639598475,7.516795512380223,39.42759210041283,77.6640074372623,1
215.87544227701395,4.459027063767484,1057.5025030397362,74.83558536657398,216.5497683629753,8.690619266089907,33.72124904062858,97.59276645239291,20.87804900120075,10.304286620781575,8.359792727363418,22.833083659331045,0
51.265395961554674,2.736266662816659,887.6654691385693,43.92106012497173,34.412862813177284,17.390673436299593,40.2260413683542,91.95947245419019,24.58120247814127,11.878598076333553,1.4228695921961243,2.4809330042565803,0
90.20201285437466,9.971245001577111,1073.2310484931745,61.054675501542455,22.81076560144775,3.6131508262260636,5.122429640431325,190.71909417549335,22.36491540195362,8.745279711662045,31.46774713144692,38.37739303556238,0
187.18344734164654,4.261813022359729,1026.1885710790352,16.036540611974313,42.19337098441427,18.95372354128559,49.65154222306049,109.51603693223096,22.610156720241864,13.63376616182181,48.7991559696225,14.154885098782334,0
222.97379942317332,4.513870243296755,1041.4720330524315,67.36454174749078,234.235073549045,4.375434168217593,12.331849107529225,40.984382400800854,31.41138962580425,14.129871703258075,16.56069073115607,71.0387647438298,1
212.99031487565014,1.6362382119166918,805.4019666801363,17.925325573928074,217.73795505372843,6.524410139618631,40.097032668835176,64.13037491665779,20.237571064173114,0.9647883479037528,5.932785159812615,66.11305868257168,0
106.06732736513995,7.948095487499294,1088.8431071222078,69.39495905101568,93.4963168146977,15.12384468213561,35.07097879920843,122.18721244500529,28.367151886031515,6.035558093120615,28.51936626837654,4.397164162145484,0
228.04480533688397,6.936822257814886,1018.0012976210969,22.959816075396866,255.10965673823662,7.8751028313081335,77.28400834265034,35.38894018227238,25.69192070890197,0.3518853258173166,45.31771055478231,83.65937791309511,1
109.31227187420001,2.207696127887604,891.42532861584,11.755130015021997,328.02700082225977,12.164227535328934,80.3170511632731,146.79736215504337,27.59824999862821,4.941249860616644,39.20308899142394,24.874326629118226,0
131.34992453981693,0.823810456158427,1048.818399457654,16.52844901429574,16.631583938637505,8.891470021388571,15.3412882389088,135.77935357227503,28.442453558219043,8.053023269559032,31.1257934206358,43.22270754910422,0
236.62285127950602,6.804993020747131,884.456359524479,0.1992135219070268,199.25197741921696,14.847398741795637,36.65511873792262,171.52855593174183,24.700515416859172,13.661923957649233,15.75282483037997,66.79337354557424,1
212.40822476180367,6.545112142811353,1061.8261518698384,71.87396178535302,275.7241648410761,4.5666250473722165,37.33531610318317,225.04910769104825,24.42663290276428,12.698314836981043,27.094008663810996,42.94187868522533,1
262.3058526235445,2.7325952699820935,833.7741171235812,73.24010490583791,100.92477082787484,1.1691597447375401,15.141044393608505,218.94109466427736,31.001027740023588,1.9124959000797859,4.562242065212768,44.12878027999434,0
214.40322307508583,9.508635622504103,1011.1057932382387,51.493334991325945,123.10836211725965,5.998587949461324,79.84535050511906,227.0581483365195,33.06915482181736,1.3954556211134355,33.9472712140335,6.5627995335740374,1
192.0771508338679,1.5105789178090023,962.2095429934731,16.13628010553837,245.45516119575353,9.486173297368605,70.72283283354233,58.731743285688225,22.88872448687792,8.839010081350006,36.25480094488254,40.14435492600038,0
73.41869195702311,4.323348010426019,828.9603410586323,8.355433751068976,359.1741173774948,3.3604010438535714,19.038178629703474,31.57567359344511,21.464281408027233,7.98176958688174,48.25158114549594,76.48478932199835,0
141.92895076485837,9.436159201675988,872.5681484776517,1.912896643728701,323.96976812115975,7.095945793127774,36.6721908593799,72.54640811914764,33.46693709588039,3.9956646214503575,13.019867937253583,91.51763371865978,1
116.30059192043136,4.197273169261223,803.7212108831944,16.57481769652207,233.2520876398334,7.999660365871371,10.580502485651422,214.8204414639155,25.24843195471098,13.491796268307528,0.9228209521511321,41.34971370633718,0
110.9974108447709,6.385259476640855,940.6303896393517,89.08555349831467,292.08868710289966,1.147836873765471,62.820659709304394,233.29283390963718,28.269760859942213,13.910496141923302,27.28042322135753,42.358582687907884,1
293.2526386881114,3.9759439796279428,890.3795782280001,24.153684170168177,145.92898808311946,11.66614496368409,12.137192454861967,206.23798825691424,25.393147167800052,6.03917157510244,35.33952521984072,70.26271063236521,0
148.2744311666901,2.7421520234867005,979.5072452893277,35.42713272172156,256.3862112395031,17.68686855942575,98.59341686249178,26.404253070610466,21.88703504519077,13.354538356702804,39.5203737941494,94.27720011052766,1
273.0116387942783,9.839776479598282,889.1713423125851,10.534548448133318,186.4726364510228,3.0348582590610484,78.06820746878623,227.38271953435037,28.83997467421592,5.75923341394459,9.68694665124053,26.70609402393602,1
207.78465649931573,4.09334006315043,889.9757334520954,22.236130474817028,75.97445458302437,11.956160268030281,39.023854958399504,101.60592656418864,27.877112776544443,11.052252477445503,13.087643451851182,44.014420653793685,0
248.7028258854121,8.940992036791345,1022.957959619481,51.922457078020514,280.6953095509029,13.294784098216926,57.85639322793544,2.234469782964883,23.044903387867958,7.139133263215863,25.629546263364816,79.59732435523011,1
175.65927327629802,2.299546058910862,814.4428507935061,60.775268309565256,222.58585493952882,8.386693608385766,91.13418162164088,106.17449777956647,26.778035669784167,1.838747347607745,16.530040498500092,60.96935693740385,1
194.22597115658976,2.131047040250833,1070.8684985575962,24.535231416621105,143.44863278143657,14.0219517472854,55.40992803958261,11.056600722112222,31.954212560234687,13.919013018555322,43.025574329372255,11.058634396395473,0
173.12942345471598,0.3113408288451136,1055.6791623173544,5.773215922511721,364.5356760314523,8.21463086982024,17.44984863979552,130.53070107866822,28.85639154661837,6.811448900663049,23.688007686936015,62.77327355622657,0
98.81074694951113,6.5166682537588505,1000.341404967922,39.10328691273987,8.373647130693307,10.092745759548698,37.87033555811593,81.25296658489232,21.453759906004922,11.017305604836055,39.97893220510015,18.674628459732688,0
230.61302881537634,3.6852634372376114,977.9664710322153,23.420337092633414,126.3092604997984,0.1470608910885396,84.31448650297455,113.6243840625717,28.220322458437025,5.507607216469382,29.030988024117686,51.02159340784041,1
120.19309061021394,8.64358249839637,1067.6907494418956,21.955392322980195,22.752559111058623,13.834402282693777,64.42130159896179,147.16088657834808,30.541074489343803,0.2832131786435199,38.6545070808556,52.910326766043845,1
56.07899160786346,4.732099066915572,855.5990538586143,95.98628027134552,306.6109264886509,13.226853578894488,65.07243843338003,208.51226299627686,31.89055108671127,1.5079553803775387,16.633649326516192,87.62033622249848,1
211.36807397679195,9.681934279147217,823.6907486572486,61.63004859257241,280.84298164551706,0.7680175465268912,86.68214856884892,158.85637835326287,29.436763679514,7.443292192348866,41.57083109651556,46.249427401243814,1
94.27766985176223,1.8552551570312115,871.8530509728614,55.68784431720959,132.54088749452683,7.365002147902661,89.39730574625047,104.17172843476337,22.289872468111756,10.349465356895436,13.728615777551079,27.94424222358942,0
285.1146460882286,8.686231679556109,1038.373483610057,41.57751035233219,270.2651608828292,19.580636815833348,91.97925717794362,196.6626848808876,30.65259899885241,5.021029898689186,27.30494040016454,23.096634821603157,1
288.48214425064685,7.765968527917417,810.401080017945,42.89443334301443,158.37489047837994,8.414731251372336,9.48491932531561,217.33971301755173,30.160127691222748,10.432326887664756,10.700355658693711,87.42518766843361,1
278.7160975551121,7.70921844644052,974.842050525047,54.090500383808084,302.5015165689737,10.038908102636835,54.41260019631009,28.742391943727334,20.3664032441095,10.479533841479341,23.77632608130967,17.10108544182284,0
142.5396750638611,8.447832281168877,1098.631254857393,69.64298070361072,181.67346509468243,18.19860316319437,74.05095212183186,127.66391461266994,26.17621501385365,10.559038609917463,15.908760475435157,42.58685608831437,1
53.864154132216854,7.610239909429989,1056.7088281512617,70.21460961818295,164.91189113266623,14.345237517315129,75.69268451270138,68.2828703381866,24.9942537044356,7.387827810307626,13.335171531860713,18.717311492694698,0
282.07964064693135,6.262203216314154,956.4337067130768,17.169390770544958,373.8919661953204,11.64140262248447,60.67162019700039,11.294687490467377,30.04118096380465,13.72329225182256,48.349250901401874,77.33040401143754,1
157.04603707932858,1.3124487768238757,819.0922727859927,50.0112752076627,100.3516399562801,15.95609362682145,16.678733518367416,160.4512068273565,23.24203718466381,7.337947769709234,8.00370527433653,47.4372639974619,0
291.6637047609174,0.32526179491251916,1049.412054315713,41.195809503410196,48.17893599862617,17.287325329119465,79.74205539416643,207.06498659021415,28.863078844613877,6.753977902449573,39.366291872869766,35.1143690556812,0
290.9049942723132,9.208478478156868,979.6935524531632,87.05269662693841,233.81724530378327,9.137761434745338,72.01113335149458,39.09663707457457,33.69808942721259,2.990712285159405,49.20824797416075,36.10996406264668,1
263.25236386684,6.166503145207381,834.47989911787,63.14189212183764,387.72872491367156,9.502167298636708,8.613577154903629,194.97927782973613,31.967035583129118,4.614826310345047,0.9950741870038915,85.22142067229794,1
123.61222301739642,7.965372909761763,828.1571854470069,53.25040664159818,151.13568549087466,7.721018713036716,46.380982467437626,204.814976048866,33.82186604324796,0.6350173877745502,34.951370702104754,55.37739542944381,1
146.27443215048132,4.815223515125501,1072.8880458309777,11.539464217891737,24.81470545151261,19.33412280036921,17.39773995218036,219.44170623995603,34.67758950399035,9.503029404242554,12.645590277814357,71.78678511312636,1
262.78416787921424,1.1730818896239448,1000.7600788814235,60.56378893234115,135.72210692382697,13.943325085807007,33.74770457129719,63.66842138065258,20.16005190509244,3.7280361589063933,2.0243912164152222,89.70385162506845,0
129.23050128906942,1.2518579220255044,1048.7860397950267,11.720390568023342,202.37266172782338,1.6644613241614459,1.8081092205685434,216.94873564557344,29.341119145662162,4.562328817281976,20.14447894783154,90.17416760406421,0
92.37318667152311,6.855652872289713,1063.6936700846802,33.720657556575205,64.76920265288548,17.25919246626037,40.032986841075825,76.95906113674374,26.192590966383598,11.562217824964819,46.76089050854375,32.850905433786316,0
189.20031561458754,4.303058948994627,971.5317056144967,14.284196481433186,263.2408872225968,9.611198816725361,54.987692115621044,132.56112322932069,32.897817355026824,4.908317747421808,0.5882547183498843,95.24512631463853,1
284.03869354019525,2.005247267003367,955.2339055265124,69.20736470243689,399.09975560408026,1.3750781284497493,61.95825928270868,12.121792999747711,23.777220530136976,3.6329383801971327,29.394284596489083,2.4875882014605444,0
224.00744916874325,4.915945467414369,929.128223096297,20.62521138361526,180.69579039257752,10.994345103266221,66.34903451287101,10.531461208498465,34.71544233672614,2.535866237005586,25.069823929766216,37.68355610161657,1
192.51529252234124,0.6420893707513409,895.0839763373358,39.1859373188026,141.89142269208506,8.343285579514042,83.629131310246,172.8895710557287,29.20561954315621,11.622876032729339,43.66920821855238,89.57988575088416,1
74.29412344269213,5.819714019143988,930.3787882576136,89.56747776187787,160.28166673378666,17.554988097252497,21.546290727573002,106.67519471466986,31.903061033432465,1.9455938698504034,4.200085726031283,27.463687981698293,0
203.75180667479245,2.6899340443509767,1032.163896719047,20.431638339897027,46.05847135808045,4.079892072187747,12.048182243846794,61.51017008861221,21.283993292341524,6.806306403755303,34.07630149433252,27.308145032131836,0
297.51346252606584,7.975591006371881,980.5770293045395,50.780506395877914,353.3094405704895,16.52929218984366,85.15371718979256,45.699239045978445,22.751868271382975,7.603951741157916,34.005484921663864,30.26222850818887,1
85.021003809131,3.1036195892357377,1067.7569869864537,41.9271661166022,165.9302622085408,11.153773823709054,15.661281489264988,160.78883780621234,31.376055095513046,10.310848690285718,33.45400084311416,61.23133848469222,0
179.58241309093418,4.552201490818012,933.0140043137563,1.8124041045729733,154.90976456993653,1.092206064269381,97.47600813361953,0.09637056608156946,20.329797830589854,9.499252234994932,47.11672474675185,43.83327756143538,0
269.3432679819889,0.11620539908100636,982.1268736156262,79.27581135728128,263.87610917218973,19.436906026509693,84.2538229398637,193.413880607245,32.253169788406744,12.160810094177622,41.154376450344024,72.67348363533426,1
235.1921544385511,0.7244688779455888,989.3922659275966,6.904590631459973,176.81336837244942,10.252304882064,50.08766058895991,19.019905471182916,20.20923528037867,0.6712715088935722,2.0986363121753007,89.49106425646659,0
224.253935248817,3.924935564066848,977.5091486918976,47.42550209769536,259.2933875231384,5.81753708463165,98.14214249220252,45.95750757794867,29.8567825859191,4.446610871690958,23.554142535225658,67.41993749428606,1
225.6210209967773,4.799388347171235,1010.7901319256549,56.06782949389499,24.578516052315003,9.388136839785162,9.737672910800422,92.6967348717815,25.47640880347709,4.202011781630696,19.897652810066674,20.44667201975755,0
139.8727878049388,6.000205481193037,871.2300405124419,62.842645661458704,325.48933748889095,17.15715567034978,30.306576117510165,116.36609753186487,29.172422790787987,2.1902535838816233,15.507361054540103,93.26819023605022,1
123.39796106612334,2.9166257870930323,953.7091332637372,68.86316293078755,376.20158115176105,6.09806248770127,63.822441504061146,85.19882779534603,30.440471104836703,4.337673807846647,22.566836257704864,26.44928733474785,0
252.3402888696284,6.949818861265426,831.2674408425044,25.327238352271507,259.5061544637544,3.8535279297340064,35.00068684731787,76.97091959623053,25.137128287794564,4.6464797121435515,19.20970924629887,14.989429532815812,0
252.52834866979518,8.601223971892045,915.3533982934438,0.9978776658449373,381.8263715435243,2.581424938617629,92.83725519807918,231.33984289756523,21.619436721662534,7.828266928912174,21.616694993933265,8.996727886096089,1
266.7680796450259,7.7985098889334985,946.3001205863793,72.3443662354912,60.572925747985316,5.957187967804225,6.562608817781756,153.97912349841462,21.044688016223986,9.95556718389384,48.963093280432126,56.33837406661656,1
278.31013813911784,0.39618825348357145,995.6672778636417,53.56565993475786,190.96647579214147,15.60096174080087,54.941183206096454,5.62390928817317,28.834040338438218,5.716507704177211,4.431648737479038,11.376246248065181,0
177.83559971523445,4.805069472578289,1085.1593157758612,83.61177032072487,240.7226935781789,9.432527303905234,59.08662673951145,103.24221802663517,27.809830306011673,10.792053469700718,46.11154349193649,13.877588411263076,0
175.37907367179992,1.0493017841817487,980.1953199645068,82.13883629006943,232.69465896847467,4.5496320738708,65.27281237772242,210.00208793855285,31.133015136816987,5.0424800786937,24.011835673551335,30.003048059549663,0
249.5737947416938,2.4204501586252745,1023.078174852968,84.33261677878832,160.58471163561728,3.323699992194984,25.566622333181442,72.3494847385603,27.646032650059055,4.354255159721405,31.187112274977057,28.16530096844638,0
212.4909826944413,9.866625932671464,951.8798178485608,48.50946599795402,135.23376374650456,6.654589530207582,36.45664275198644,22.693522745853176,26.336686850463188,8.117820837855366,41.50914833088469,60.42395103321423,1
225.49171931442584,1.4249554290151323,990.2312094128994,33.362839583686565,50.72960902016752,18.798487457714177,84.36805296649777,182.01234518158026,25.971307673543464,0.3557454045868591,18.023151457462777,81.67452794726815,0
248.94816735902526,4.988881534513561,821.279664840132,79.155820259137,156.69698022491127,6.8605342518004875,19.494276897015983,145.4433196646595,20.396703538965014,1.1968368545100057,21.521095404398345,76.13496562028924,0
272.50133545439155,6.181557343181191,876.3174742525541,45.12941130292549,65.06432604219405,19.762481519092706,82.68678471733621,136.87500187836093,25.033358025449857,6.269543153797906,20.475924013935696,26.248445471647674,0
134.49878921288393,7.024649705441039,908.5559279615416,18.34421964034345,293.74627059688737,9.704609115307123,56.26554229027424,12.858374305777902,34.640302362867416,14.143690670876348,18.736551126787994,24.53104979859799,1
143.89573815998602,5.5964868348691414,941.748006501954,85.49740195614743,83.53237419783599,3.5832783658030176,76.21875111940821,33.71976235092416,33.10333364340633,10.822676697651355,46.27646608234475,96.57915301069676,1
73.49548496021725,0.09770847419183659,813.6946236507151,88.25598767723473,23.42612211381354,17.822801835870187,71.36073662634715,149.41185509114732,24.940671005513266,1.3218985425083662,41.4464945596506,0.8236241591960125,0
194.57003524904349,3.2646130824399187,842.0072292659953,46.63097561401701,220.94645512689374,9.207107462696538,20.7511495384879,49.877721950120595,28.816931075995583,12.694770191713106,5.449999493148805,87.97205330602158,1
58.98556844918552,5.1771164338471145,883.0442923373918,7.569972730978747,238.09189308776064,14.193426870090489,56.88127364338729,120.97681913962184,32.70945118303241,10.984511559122716,5.4061676238548015,19.972851912240497,0
166.39950453311502,0.8786649914483335,1091.4598072703152,38.782608991693124,348.7652245122022,19.674231664183036,86.77231528050923,130.77160464705443,26.61911505125103,9.164197885539798,21.39347574264956,94.72843230897678,1
185.66115867689416,3.5062693120918076,899.4041021309152,80.35376594626034,230.79264496707276,1.00350700639948,43.211623680192936,68.04172566502545,20.269367956252264,12.304394409137661,4.932868836640453,34.23072848275197,0
121.6353130320711,0.33203108791366565,944.6123174336248,90.17740285462287,138.1923414893783,1.9338911957513427,96.65907702233167,227.6220373299583,21.1176569272796,6.061647716144357,30.954654763555983,44.03517738932523,0
197.7083151422527,0.7857849715502074,858.8293138215179,20.347274249759582,321.2047526105282,14.409134829255123,45.221510010171805,202.19138564053804,27.6558908202306,3.3225157628077913,7.184580363086695,70.7120613944381,0
57.62506248476236,3.9692327620159604,983.2340213227305,6.697361202527152,216.11155727496842,5.6365000659094395,14.278563666788468,173.36964183187163,34.54159063513818,7.68035083663139,26.11866319834005,58.76690514732603,1
59.337047187303604,1.3271575404306035,884.2049646547923,87.73504531328386,31.712113852476698,3.6860279390019812,38.94346800776732,18.71852793825818,30.398143133283014,8.232626333902108,0.36099735018588763,31.79393297068228,0
255.65014016491457,5.675408482615581,862.097773531528,38.94049389788753,226.34022412529868,0.7872375963945899,95.17024063905372,25.471204634164664,21.063742871578544,8.07489558014868,15.829817420632336,55.38309158678235,1
140.04766035281574,6.894649691372657,954.9717885337938,54.176096426756324,363.20741816866496,0.4369342397240361,31.97208493398542,118.26752300758938,22.84041313687794,8.47610687220158,33.85953618363277,73.07068843628862,1
81.7651281629712,8.005866991090828,801.6517397481263,96.80658120507589,158.52505019928822,15.489712062395817,86.80981598670628,38.57120380583656,31.569847148252748,14.230573773587713,24.20194701139242,4.23349459024921,1
180.5608150137011,2.0015024424481007,802.2992097947676,6.656472791422285,118.53032075992003,2.688668547391,88.12506816818897,234.78371124707377,32.62159639934367,13.53368434644347,48.91347429994941,1.1199305255704117,0
242.4983882746527,1.6748258225906976,865.7206427305573,64.83180074520956,57.38778280720802,9.354412319423018,35.01865243319611,38.04485616657827,29.26541879282886,13.135755548384092,43.70518980331054,45.80669390728913,0
103.95525687421079,1.0456784033440025,811.0164087502463,7.410542257486707,60.57820877414293,12.11793630358966,8.325765805063213,116.99228051135375,29.666347544447248,12.021252163629407,17.95353895215756,13.183661780351418,0
205.72261895475006,6.364302495436367,832.4077262392074,37.54689284665004,173.10859373672756,8.567036011376924,72.45579091588182,87.3890536419613,20.425061755750768,14.15142160897928,2.2743270736137298,66.43442914647144,1
71.33686624844199,7.064757264869011,901.6581948016255,80.38145451934467,238.2719296646118,0.5421330467246621,31.1512299013986,153.4527411489835,32.42795389372263,1.4774196251910487,42.28131500575094,21.40524562274342,1
62.92043029215192,0.3158614482564204,1040.775703873944,43.34722327556344,32.2461620678407,15.670030051758177,78.29236142575724,30.96873813346198,31.824128122562442,3.9768489216860923,45.56171551573357,43.2851106795671,0
182.838657892037,9.362122462436899,971.6145930107903,99.71823539029504,375.8274356100663,0.21026449083306975,44.26548482604331,103.27594273017381,23.885527161550208,7.4258391848187735,41.03136967095184,19.767093687426897,1
185.15878040252662,0.5197128365147241,953.8003177869249,55.905928494660216,302.05344697807834,15.23779788754968,48.52667423426216,65.92920787371447,30.630150799482607,12.698017396851078,6.397497045988243,54.848358574912446,0
209.35747537455163,5.412963353010705,888.0466469624365,32.11621526359535,234.64956731346507,17.866089875762455,77.79094067485369,213.06036592120512,23.22281909637497,7.577485672840988,49.895756720614386,11.60534593845689,0
231.5228334306654,7.090605194509164,1079.526115829845,22.011132590475313,331.3754683755963,8.656798421143446,38.23633310616279,9.74057091232682,20.604952415772694,11.22052109012383,12.92921107763869,2.310685278748026,0
293.96301986563367,8.709691237460856,919.1045123711575,35.05205342861618,32.07470272484532,10.710849461955965,44.31273453229145,219.29459856155023,23.01704813885566,2.0843985787337433,36.210245640418506,5.113163810669718,0
179.07508707529882,7.140869321324278,826.1278300387314,37.25332737595508,190.73555109324977,9.539667852353075,37.619046876962216,199.9185932527201,22.67943315131449,3.786207194648403,45.40174381678608,95.425844151531,1
130.73911823531148,8.017280830697919,985.1199548353404,6.8713677723960975,252.03725074466536,7.784172372468776,36.734051527728,71.41697194579571,25.06621995102271,10.976641425565086,11.784355716535472,14.228621861093583,0
248.79654869217592,3.3945019254280604,834.1515180429805,36.95741994267732,331.4611624473157,17.748490707407207,52.594657690145944,189.42975712250512,26.276742457631872,2.4710101333158607,45.4129277338533,70.84782531368351,1
117.70806281551856,8.148251137465122,903.5669428405076,46.423851973922496,313.38782401970707,17.87867021339981,80.87994445011508,7.491254481299414,27.628083372465618,5.2703390198239015,15.474078959743348,6.792620422282624,0
159.74285517640902,0.8011484638467514,952.2235816153427,72.27377522388046,110.82769988535985,6.716327292830691,36.176831192256586,232.04773207041447,27.151308132624923,3.9729938672035714,48.82066111920281,10.816035223518217,0
69.61409533556649,8.948166560605276,1062.2667574055527,65.6729484721608,376.3520678236817,12.30139508029396,52.42547205377367,126.38278622154944,24.06011908947934,5.247925413337177,14.06300101902373,50.887625140933466,1
56.33768585386438,5.475923761537363,948.0639741020356,70.87656552291543,49.73833657234814,18.538151242917284,67.07273254426008,72.78744625570687,20.437560028611117,10.624860736169556,47.67179123789176,46.48709301543437,0
290.66210366948127,8.172977699624937,1010.6776298094993,0.8363681876857099,350.0534474484609,19.24116997882703,26.9439446303655,87.0199710227225,29.07652433355726,5.517707717142015,2.6772325446337453,95.15803094398696,1
258.99503012805144,4.523182845183001,1097.8450516997211,21.766739958053606,388.3760998418474,10.17918080844095,27.752280490239258,15.937284830519367,25.936172447710316,8.328949839119103,35.46360058349065,94.48354530207374,1
223.9935515234245,6.4357769519652495,839.4467359693945,66.16842883998565,70.86140928905023,9.056496105686536,93.34131270234548,237.4438833700894,24.480082360813245,1.4989781558161446,26.605556691850186,77.9608642542465,1
152.2382361035675,5.264026609361132,882.4194576558558,48.398936817974715,288.82642568151414,5.573886318570516,72.35345733310886,9.430066836166189,33.004115642457684,12.075265398519416,23.89385385613653,60.21018301273497,1
93.32358001771144,7.315895217553319,918.3728226792939,0.5313475668345946,16.114207511199385,19.1774374638082,57.71866762233089,157.17770955548616,31.201149616972398,5.548329384721873,11.174715712791999,45.4960317393011,0
89.10926066777151,0.8162998203058958,926.5484535616495,80.44946424318223,162.16913005566198,2.856286089457347,64.7720054420612,106.25662264955,32.866483225586634,9.728012385500136,35.2797894888246,35.617853432842104,0
112.56072454114883,0.603520839905638,923.3063225796637,77.28095732903374,206.5133196790696,11.596591520954501,2.9299443103418366,227.7398923652916,27.424741920686913,10.88084402492749,9.540474572315356,94.70875469755555,0
187.30666617653011,2.4710323401014644,1072.2833007669665,54.841916299356264,232.25809036385363,5.6510053503727775,61.81029655616969,59.03993767363084,21.963968781901663,3.144913831675506,27.642089799238413,60.29088114246856,0
228.6489806750156,1.5954468011318834,1014.2097933400569,6.646332577627212,374.3748992994238,5.580165806955932,50.95088732242019,127.70083774512271,30.44332154181909,13.27012477430025,12.66226815201254,57.90725276859945,0
215.0493441794328,8.717835665922017,982.3715642272111,76.65150495325847,268.90027491767785,8.099371747523769,54.574967977943565,115.76549005986071,23.09110669905763,9.243363774104294,47.781068989067805,23.190112176891486,1
119.9834742364857,2.192139873580443,892.8118153588346,58.37135877313639,192.5111804876948,19.97585871631309,35.94238268308171,168.68794657202432,26.618445036375753,6.430877126272222,1.4315596917826412,4.669781788511306,0
288.7163201657985,9.758652558191313,1047.1371152663885,78.19599771579591,323.87001450635574,1.0993261367964413,8.14738977129419,16.322455668580922,20.975011834233328,2.735027753673293,9.986414005561828,94.51885797595445,1
234.47422917394212,3.3689579177110685,1086.5181534454966,75.17469923958404,380.21312838176357,11.57083636407063,19.33392336120522,46.50939120560516,32.37962603634474,14.1345140685181,12.115530319372386,31.37352588446539,0
188.58851312785018,1.8211791568869928,1046.359484765068,80.30020719578371,8.826459472916337,1.6514431607055435,95.07447132126717,51.49555682228396,21.88910961571251,11.326023061974377,20.703391288390822,44.25890233244587,0
202.93018655858805,7.896985071424791,800.4695315574419,51.80080664046248,393.0085089024155,3.0904165998103794,40.8699562270934,177.1561811620055,33.54646260573965,3.120368440998733,11.636512093502677,11.463994358570684,1
154.90001560694748,6.587077755008761,990.9204110550221,14.032451819351499,34.45285562547213,8.791258835457974,46.66831558308642,45.39328711841762,32.96345903392336,5.065661620863367,24.567454513439262,83.6924329909292,1
111.93274737528937,4.98195716453139,815.3406144326302,67.11574733796887,325.75471170750455,10.209202626928827,5.270978985343899,137.6380233338344,26.96874146658869,12.145113871321099,43.62327616292695,2.7631832855930627,0
138.99316966281538,5.553635509376313,877.2821661001166,62.04737850519706,112.13390102056499,5.17584816729048,3.756622954398059,51.65851692022889,31.16552306455986,10.435164948230085,35.60317107045854,83.39907620990965,1
239.46152761609227,7.192017782722639,817.8574101043315,74.22531871990871,52.8718631015487,6.329142617488324,71.71814470467577,206.78998802015482,29.2916761072723,11.486764390735866,28.998099026755554,14.028501278796679,1
53.598372157438966,2.2845474133129873,981.1386358848163,16.98810060507353,175.94225588553397,1.7393404051186612,53.80946641211113,226.12450907751324,32.046134635066174,6.618016533193986,4.450158899133982,88.6564112631152,1
79.01816012672906,9.963339160567418,1005.976974047782,19.497519990028923,257.5826317790454,6.0643956768850105,50.87059842162667,124.4383139861377,26.47707651178868,10.747143939632503,34.69960541946378,72.97726373361574,1
61.50066050543819,9.747931621467831,834.3462914197715,89.04095172193284,152.38073800939,19.33116878761088,24.312453042266867,84.55413221020278,31.787127263665248,5.797405842958706,8.320714215546992,16.46702625073051,1
60.182200579742535,6.503256863469369,915.1516649134938,74.99777984520708,21.826163313079583,18.894147633449634,74.47507316299222,56.173866004199795,26.93685225597722,3.1689437540729464,39.318369298084896,56.58179928594681,0
263.86514600275177,1.9954245092914513,936.8709526866626,90.82284887003229,239.78445586348664,6.6975658027397,16.82365791084919,11.947440365530504,34.114486817641904,9.4901555226204,12.50283792550766,31.265631435521946,0
225.9144648450059,6.802282424312914,910.715906528275,75.87153211639207,360.9613104442699,11.417078725575232,18.993474366102003,64.44001828739889,27.295581512377215,14.640208883981913,20.852436416045045,17.823309891158345,0
168.5434572718313,0.7219840897917584,836.3075001455579,59.71553059903019,153.28614637890067,18.191907822218887,46.07121713482755,157.0165871868763,26.939289079005942,4.659014570929944,17.523510115896396,85.91821994111083,0
74.45854016275037,0.30652502205806065,925.6843370562426,65.41327370278736,86.53311105233081,0.12367645281793349,28.62798621119409,128.0680635142106,31.77607792345269,6.914543883188094,42.94069573374284,40.35227665072294,0
172.90396877920807,2.576828885112137,1025.3534143425254,88.91279239400099,177.03093837312616,16.213671406751835,24.746298123314638,226.56990678742258,32.32366537641257,10.110020566047805,6.327222935670407,39.85437143653825,0
168.36794269514144,4.626229567393163,821.3022993599766,57.88067545119405,19.345084419512347,18.96739105577838,64.52376445533316,95.10654299800814,28.31733671481756,8.122594231837319,28.28224411923943,16.988667480662002,0
93.30046747750379,8.682725054083805,824.054004224571,63.239132432838744,328.19503379210994,1.8265146866711413,65.09717452185446,166.52720215881467,22.69696720242613,12.651416935635739,7.103080472153112,38.306567608577865,1
158.46291230949328,7.271690697663081,906.4313875507953,15.647671600360058,330.5363243800747,3.2289537206584207,82.45170697999292,117.43745939402913,27.016373464363692,11.426140597042739,35.23979180660933,87.16168463288501,1
149.62618359934336,7.42706521199981,1082.5177134856776,47.39212201161027,235.20018537185138,19.214926055427107,41.77085669729759,123.01829182181079,34.52108754364518,0.8744580579353556,45.25390638972406,36.31287104896359,1
203.96252451305412,4.2549333444807536,1000.5717940168743,71.6397111958099,141.2411555753558,10.750802872806926,7.308509102615024,64.2658355049882,31.294792895587776,14.976318508856611,21.73038269336267,95.1603562499788,1
208.77341271691094,3.4593499254696294,1003.6009870017695,27.09426983163654,319.9133457783133,0.28393268943447403,27.366638492145768,109.18818644207992,32.167439058186986,11.286036805792008,24.404613013248795,94.63088992083874,1
61.32600244301113,3.7103876298460268,908.5759972513595,20.22541805245349,221.87480991534687,5.152639975270583,98.00054631968169,112.98839928304974,20.4923824822886,12.958549744411698,46.371141824138114,14.489865930734602,0
143.6531536566178,9.876495637360579,978.0982373625616,31.382680822441557,330.3729234200065,8.998873485377192,59.62585752327021,169.59420521974414,27.0178919395124,9.767965681430196,26.049569432467855,17.73112535226449,1
206.4649789285591,0.4010919141248248,803.0393552083231,24.150062799283344,252.58351703320824,13.858178220495354,70.97370848010203,225.75359980466732,29.69931700486333,12.844276920701434,24.379921902478046,86.26740703318892,1
175.78406464502194,8.670314961224486,990.8288139228627,21.491263703639586,313.7621892851189,14.663207562735991,0.7357829625414536,79.03710659580102,32.45049025442112,1.685744623930641,28.91645513521521,39.27609189247192,1
264.1224602970806,5.786754085723934,1073.986084272871,42.48508428680869,239.425197287104,19.90843025850912,51.820573218252086,10.128112459511627,20.739104803741572,5.216067533389734,34.4614868181476,0.43739822830093367,0
214.67340790473625,4.386154191895905,983.7720405034457,90.78385138835341,165.65642728626648,5.750223987675181,3.7528657531803122,119.11083012015352,32.786583284628094,13.14631415406739,5.3441687543515695,27.3871819705371,0
90.73360677035743,7.252576604151365,1062.1095780399035,50.705964673871826,383.17834397045505,10.764402037369505,56.9230212091448,130.67071971580046,28.226014051128676,3.0248281690033836,41.0555263870758,59.762899319556,1
67.64218685010746,4.866689414247029,1017.1919166398282,18.792038081532304,216.4455299515379,10.6664709571921,92.07708496360753,40.42573227165966,22.9597095586409,1.173631478700341,21.775251372662964,79.9265965959968,1
210.6048195515789,8.734232380816605,836.1675249211071,7.697166938087408,242.03580741621536,8.112905188944751,96.84191305004079,182.51150550625601,24.7588282467455,11.821784099178284,3.6174254948742766,13.338861709325956,1
56.62782763540545,9.007018640112586,1070.7359921857526,69.61561451379252,88.1950557658997,3.383237876848404,54.055267538892416,236.382986025958,24.228943276273412,12.532292334649442,39.309133459910655,11.054136441673535,0
196.44389531836583,4.217209268734554,819.9331533067325,38.279876443638784,250.26031577091058,19.549131263676852,45.8204805252216,226.98593208203062,27.962885514327137,2.4397832728485094,18.847498584313605,92.20926535723316,1
285.0575603562394,2.768277972350516,960.1902417643291,82.18309465853592,228.64305979317754,17.06634373333172,94.5017094248494,47.305449317676526,20.775285198666978,12.815189741740731,5.018374754752697,75.11483678225827,0
193.86854446896973,5.923503285933622,842.6411371380373,65.95107686407702,73.93535917880997,9.966660565884744,67.3609831996695,210.08717757618257,22.378042377498854,10.301516933957544,31.688951977162528,58.97796007780784,1
147.0424815516305,9.12363345616691,803.5119832192712,79.62414505413685,23.834838941257487,12.064908453680596,6.489927953840946,169.07847273880432,32.19039565063674,7.801240248248758,44.006567671682085,76.9186789995928,1
210.82205461058828,2.106621890056666,926.6102780382917,27.194603941844875,241.74372788590844,4.545221071193247,46.57255776674975,108.92317531365877,21.989059861202165,12.453752891720775,44.387675470699314,42.88543613066385,0
164.56322262287915,6.229665835634828,888.5122122962468,69.2358922461058,305.47690774012824,10.875741407834937,24.02450184643039,129.74663863793498,23.500944041871904,6.2887387397844865,47.88317374044866,75.84557473091266,1
186.40419732898374,6.3156022009252055,945.800148139281,26.406198469371876,209.36054836880328,13.899402662429516,46.98043214486815,203.90404199578995,26.80055908406236,2.909909343350958,43.3852729883344,37.18029912745357,0
285.3662021941313,7.33113022415281,973.1599660203652,93.90684794502916,90.70905012785828,10.303340567731777,45.54655720063617,115.23238551320956,27.75681332169996,4.272790149159205,0.10704596727376114,24.409457249260235,0
146.52565945019356,1.315676851272598,813.1217216926842,63.63742815333744,266.60879067721396,19.805703411698826,58.2144802814742,89.56976858523045,31.454157194212378,7.577460274399722,19.01205832066951,72.90134212929686,1
290.2976409559785,7.158249646820885,836.9009885371237,32.451180017534206,32.0422906438409,12.226833124954524,35.677049034925126,118.3793983262366,26.709986399992815,7.969961890097636,40.927128995275154,41.96722921572683,1
276.33766048901595,9.09032520665641,967.5927189351276,26.951186229227265,176.73348192078186,7.419474251843381,16.427044945592804,138.9911529684118,31.84796931553308,12.083712396618505,18.31265029992371,98.13771043261949,1
98.94778369732411,1.7968310887024197,902.9502059517974,19.09265850716435,65.34670335936808,15.443040552316763,50.37194345899563,45.37863690680372,29.27519460568186,11.870290854785017,30.077425318985306,34.9485182308101,0
67.34032521879136,2.3754332492387764,1018.7520462648345,69.46409588937279,73.78362042395335,3.409250231632841,83.0202884345762,216.21785526407777,21.696496091357336,8.720498358068623,30.3158473687266,92.17274205310659,1
75.19450034435667,9.713950940416396,995.6874945775819,21.87156129979273,80.91757966328146,7.690316274125331,66.40122280676023,161.8048677191073,22.34497157589258,11.711782250482145,18.251265201941152,93.29625485670795,1
54.55545641288743,1.8097695270948977,1053.681308896972,59.53032659274891,154.68282281759116,6.939179007551717,33.836786592521584,151.98454016099734,26.555505881746562,2.8766018744050648,45.22369636406438,24.185294706474615,0
73.6107401889821,8.543850933695792,1007.7478480007676,26.463502692535734,20.46008224815905,8.636141902155545,93.55230227588572,23.879094283353155,25.953340896335593,0.7509679063994151,25.16141726930588,79.82211815880133,1
220.7516933540892,4.922778564480348,928.9793232170445,66.19689447938686,159.11737637163927,15.635596518574527,91.22075712491822,145.00174516142204,31.153164044559418,13.104507339520502,23.23921029687504,43.30745051445651,1
67.79716211505725,2.4723107440317706,1001.8899867183297,81.49397285405392,204.68297884588034,9.683460643268148,20.934839938409876,29.030558937238162,28.71105709696028,1.1333174064415434,49.87568728309479,91.7524727230348,0
129.7439075734403,8.707499012725114,882.6143522766256,77.80252431446532,193.3177139865301,15.880289005319256,3.9417585120362975,18.88744204689577,25.82199621503374,3.700326446159959,24.675018203630835,45.01242726352388,0
261.2188277423636,4.453052550026655,891.8940496334639,76.08513309307817,153.1136401612162,11.529778062797318,74.13087083507622,126.5546149541744,22.561404251755786,10.429784244365768,8.919912596429052,74.4303717337366,1
55.81798393395647,5.148173539296902,1036.695547976238,18.772240569225207,335.658643228301,6.8413886931511065,82.76102613491533,96.6685281711588,23.40255653488243,6.141719064409637,25.653471143171902,46.69674091637979,0
253.61712064723395,3.5923336939976567,933.9258549204746,8.838494698451871,58.13067696820164,16.199574873669448,96.78645659513553,141.31446483749357,28.632515277035886,13.144709548732632,40.7008367759965,22.780075571285618,0
120.46369369334998,5.9295085143492745,1039.5141021555057,69.89488284873856,202.2786975125496,4.765793411061832,88.98363940883107,21.41332033373726,26.351582073496886,4.469696919934043,38.84301634491407,19.935012894468628,0
79.54120690541407,1.6352387258502277,1046.7267121004836,36.83472137943513,24.81656678262172,4.487659595995909,60.053476820641485,103.43593508334202,27.723912632910082,0.17807020004038943,39.42908825542355,42.54311942563456,0
224.18429134103766,3.910815366517607,1057.2687012983852,43.23462264033473,28.462271551163898,10.090058481096715,53.00523392123808,41.948811610837915,22.560161529533506,4.509834608411162,35.40118919989559,75.5494657014215,0
207.235711694971,9.694123223352875,1074.9905707523621,3.1149092793391064,229.54633987083852,5.216984919241778,2.784105126258629,236.904020621788,29.94359378516849,8.671125737772474,12.71089145333441,60.50714851807668,1
269.36800338176323,2.5813343270112754,929.2955661539888,25.95764492750492,226.4073699551284,0.18174069902432644,24.665644684477783,134.67605098444184,32.78808111283951,5.6390756310494,43.10420429201157,68.86292899005433,1
233.76776095097145,6.567366645412922,895.6600454963417,3.3676403874464023,351.2134051377828,12.96595054597603,45.96147517329264,164.98484662580816,23.86909260180351,8.023091336381329,44.67217326881325,28.232635073194245,0
250.87023259621213,3.251900642246949,974.6596239782341,87.91857726012476,223.14947026402928,10.22187642944796,62.85039000835678,78.10038736382587,27.372713387477397,13.14897178252528,9.707634830927454,48.14353459576055,0
120.50864314282663,7.734731256866007,911.3517270312883,24.339668321853047,383.91640816194007,8.910356289863223,55.725183331841066,22.737339547042595,34.63290993531353,13.687275813455528,6.522781827569696,4.4395264969327,1
94.35988594493071,1.3087366071834983,980.3222500400699,55.73371695730081,19.477939359971906,19.339370292366308,74.26359896816905,234.20900706804878,24.998626108260915,3.9896109698116815,48.780248429455604,81.75324159581207,0
237.6536879102146,9.698210450785448,1011.6757587931475,3.897932066113041,39.203073912296425,11.423983679258274,27.976693088704085,68.70216849196397,28.92569517385642,6.932107099048511,43.41619818251839,98.98921622398747,1
251.708684816816,4.5378954138363925,1006.521505547641,66.6847391305658,17.62634462815256,17.26863155578769,56.49526076524732,101.71396444165781,21.352935503003664,8.237160228621768,44.661807360497335,40.68790626246709,0
297.62628550016836,2.3605046334646396,912.3658661060364,32.30273457540939,74.11074013341602,2.7890047241032034,8.814224339079214,155.967341208618,29.090225037191647,14.236686853323706,44.318819231219756,1.096365313154335,0
153.15441922785664,0.7349674733001266,850.0580605096259,89.79191869576658,216.50804437667125,11.384129262588553,41.366552358320696,5.927351444666709,21.34447659956927,14.97925978746577,27.084341201686417,16.979263955094737,0
143.0045214481958,1.6975790508754074,929.1588015386623,88.81181889340358,258.2288725709712,17.35959253461806,75.0160832954601,194.46219132414888,34.38853152985733,3.5311087326229,32.320086833289984,65.25268777504188,1
244.1032401854992,5.197739485560176,842.7782432245726,32.529061836174776,18.23406317946752,11.66211514559796,69.3400853429044,128.77876560686886,30.73493978108467,10.904698070187232,27.268142606682083,61.207931820385916,1
135.20088506325447,3.3700317643128628,1067.0291105551426,90.09608956904678,378.3883559382397,14.36028356254003,99.0642737172179,66.77212489651731,31.822396822035596,5.670465933497927,2.5603174595164537,78.78647195855439,1
282.6893314008912,8.288833658826094,903.7632382213573,99.61576734987788,336.8661506601524,7.4408713562441475,27.7891125987756,14.78591647019262,30.561565411574552,0.12162295329319839,37.275154267638634,25.388401096106815,1
264.60318796075296,4.308875236618059,846.3379241669971,82.5415664123948,118.64499286283726,1.8489903407413322,49.81892991739792,38.99961971386595,28.845935541146986,0.13878783653853533,25.266601666794013,76.36319155471341,1
157.24850684375457,2.487142725876299,807.6343279717253,84.4871347755229,30.875012090587184,9.15800590254143,32.95304137739967,214.80812612482487,26.74869171628258,6.908490113433836,32.38545373951149,68.79840215236698,0
237.71776694787434,6.171449866040301,993.7467158859453,24.90087361090899,67.95482928762291,7.8895878167771505,44.060311405917474,164.64581374461383,32.87560069641594,7.32502369506502,25.131990248776763,32.28144977138433,1
238.6357185211706,7.067772168854458,991.070695236423,57.67023988577563,50.777765501989066,17.341203647578947,85.6950129869388,59.97641319285356,34.352535013145946,0.3385454486016398,24.590566116122798,54.548814805696196,1
75.78096720898316,1.6704190790094986,902.1812499743875,6.725591396736785,49.31351171957874,4.879906047049445,68.42090751884867,15.744183586807088,27.48554259356122,10.303911251614537,8.589455473888341,14.727380849832672,0
275.63822666989165,1.6761921628831766,821.5135666542953,9.491793682166971,207.42467546629356,19.33468455070216,88.24411913475817,165.7476749727927,33.97302573732893,4.410050828924296,13.935685757057447,45.256450343558264,0
176.3130931119643,0.3667142693354297,922.8886684685696,99.88926120332906,98.33897699736012,19.162762396089924,20.351110833188645,137.37785423226364,28.749993649827765,8.39839652303924,7.94263459719779,88.1197339555641,0
256.61436652693544,7.364020150656405,893.3652485190181,32.663924942591095,143.2558866116578,4.952632861428774,87.3361117841438,97.08468586997641,28.075762803446498,4.513786097481281,9.783314781267121,42.11913798253908,1
130.01240025765293,6.638045276218051,1003.1361919205028,74.81839120488463,395.802133353729,6.96103910954641,5.976227417838443,87.26674780561532,26.81724099433035,2.5070147230396076,48.648869021015244,83.9566706475422,1
273.8808071240501,4.746308757498139,981.7337748358071,80.66650530268164,273.7256995701379,17.9111148174777,88.85992804371524,52.03542622298599,23.139316422951797,6.107606078983129,7.655672288609922,59.02533652596944,1
147.30041968354078,8.441704489691972,909.3781184592619,85.80232710072292,379.59226681880057,19.33244441792215,32.90737794607279,160.70670156900422,20.055794912270887,3.4841004718575115,13.463521215260382,19.187671310235675,0
52.70941287007459,8.056701529500533,865.367766276497,99.76282974021565,57.022622013246234,8.868782056720882,31.458763341406648,232.96032667052893,23.62259340284092,8.02201465378752,29.529482886929248,58.11062446978964,1
276.3454941048159,5.853543643967521,1096.4107898466775,24.149648525686786,152.85578993302772,6.419940912817957,51.20885766986639,42.171659000838204,27.645847574053477,2.9824279542971994,30.508928811832092,50.598332915706344,0
72.82166919653339,8.682712805132587,936.2004863588345,4.035082685969971,221.89272131294172,10.521880265030841,94.06901877232318,143.3079888037208,25.699399283896287,7.626089649669406,7.698706487191453,39.8641335196384,1
129.8284093976037,2.0584121003676827,1006.4822707340711,41.1191517994586,30.703224755495206,13.755384127314695,4.778136468140537,101.80441337903429,26.727278420039507,2.3606777230330134,39.68587128926062,11.963043951607034,0
287.51549176270123,1.1191961939772788,842.1658902735082,13.008066982894695,1.6749774511831461,5.469490307499596,35.22309750707453,107.20529321871958,34.70972329346074,10.064620642286775,39.26014339564125,41.670866384722984,0
287.651786734389,2.697496115169896,945.6769098978193,2.2425889162055124,268.173733518767,14.729463492381456,85.65719886833357,60.995347230675456,25.254085560039915,11.30906526662136,11.865885210194554,7.276237623962711,0
193.35947203082154,0.5708685608931485,808.2610159608397,36.04268271414861,256.7278067205741,1.0331471422928207,39.60544774354668,198.03237015874058,26.782744090401618,1.6559135137490066,14.433315133773023,9.876905139875126,0
207.95930304244982,5.31169528001032,951.636535373135,78.37382510752364,164.31552399984471,0.9858898552883288,19.9156897597067,116.46134499533787,22.002733270292293,7.017036180560088,46.89939327297485,41.591653293271605,0
162.11138049457995,9.366056922949614,1089.2052221353106,56.61806912250709,195.85763041281305,7.725754102910905,42.47941813314118,130.4174045275834,20.719365986554816,1.0630755098231037,41.2835722989739,30.53814819684637,0
123.30269292451614,0.39343540668509647,915.2620138957401,31.277798921035405,166.17720023683583,7.069463841214412,38.55525014916693,73.14261907135818,31.631142718887418,8.972736683130035,34.88985165312619,92.55443258622235,1
132.16613634247898,1.221099140100268,811.6988037724735,65.43420054927196,9.602017937955543,6.312664307343045,91.54162014667034,43.63403176006794,28.56024762607968,3.9660644689446807,4.1116610755300265,37.57058053802705,0
218.1296140192596,4.521990282834353,809.286737275803,23.20181803088107,134.14864248698498,9.8203952533782,76.19343757430971,20.618493168676917,31.410572090658427,7.914366852580618,20.913204045128786,75.78581220721001,1
238.09363235942,9.33875017527905,916.3960279840609,1.4381446072085025,70.83290215891593,6.414671646231424,50.51155557440063,171.3885938219798,22.247941983298276,7.761915140764367,27.96509360384135,53.02475263662427,1
247.89476093146214,3.161561049767505,848.0074809389582,76.43533864364274,39.3696756405475,3.8451583693618385,98.8370566721571,47.096227605085346,28.577431567740362,13.865315192907007,9.370564399188847,70.40856686423355,1
247.40453569863848,5.072348086883924,807.0056288984558,62.374308486400906,382.6881735557399,6.189390981772018,46.527753127592334,165.61808500531146,23.804637115120634,8.236248338530844,22.411329105411227,26.01159830153992,0
72.80152576217259,0.41572859050392097,1026.8640841850531,76.23026245009599,239.74389001686626,19.4980854562047,5.823783082027523,93.69034705126893,23.4209272535003,8.744977195774734,30.0512938744345,94.19049728383291,0
173.60507617564537,1.4834320096208886,937.5569026645672,3.893801668766561,291.4625136946411,8.222268339896972,26.22743218149849,99.78595223751636,20.17289021079478,6.024796886465705,16.368834005769962,53.00884969144239,0
64.38969000416107,9.86630122958847,886.7734315917963,83.71196278306522,126.145497306447,8.894255537166716,43.60704802193126,112.60259906226521,21.955110853536077,14.236194047742252,39.04724094752436,83.13240712852496,1
187.38222058093388,9.651186964360456,1070.0249549049443,61.95262000363033,157.25885179760607,11.5308997990228,15.690262414612011,88.25004195061037,24.63902167249543,11.657788641594145,42.022479081940276,36.50456934761135,1
160.38262534334427,0.04939980934409616,834.8416880601577,56.33953507126401,94.76959755868938,19.66681536828453,94.7565126324043,24.148794533421622,21.753181408864087,4.281079354542624,16.18047347170354,10.021134905052453,0
271.92604568957495,9.51811785423239,1086.7756486865958,62.46140481145316,38.786268386169894,4.83202552871526,76.68488978177731,74.31163440068299,34.78787660616406,12.66314378664348,41.932857724622856,67.37116477208488,1
137.72875313801967,6.391199378155004,894.1900152132058,86.4433246868364,71.61265497663352,13.625642210648676,26.828720042777267,159.29624656654522,24.62948972785926,6.48594540277635,5.178828305150751,0.7759648337424485,0
79.26675410690146,8.679182945200221,1066.5211016926044,58.69365065589071,319.0056181185943,14.319693870834483,59.08045335179158,159.78825635252903,21.954859200534923,12.43000715300391,41.88645493113282,47.52929765655083,1
85.74792051320897,4.547398556338591,980.8828629438385,58.095037988817936,271.0183220735103,12.146488335861319,72.1449157109572,68.69383373759865,22.986234692419366,12.343321024402531,7.637521583380829,19.280190266645924,0
240.37765792936807,5.155960285792503,1048.0122079224461,99.06791570657658,218.77155039419077,1.7715667927328815,94.1278928906798,110.4246303738451,28.815548425122145,2.8330528014428156,4.146357625486302,62.737550443536215,1
204.55451582906525,4.888465802569202,1095.2039489631393,75.6730167068568,190.03594914670722,13.537445516551529,88.16353491754107,46.427334722865,20.960652857971827,10.517116970753653,32.08877022205056,97.94198731378522,1
75.28066903069757,6.668642575461043,886.5216313456237,44.22938054511353,368.9737134624498,1.2818942207235096,51.51922261382137,50.489299567160586,32.93651195211736,4.359644539597967,23.596868287764718,46.440290632064595,1
71.02670152874936,1.396512547563129,1088.3406456222779,70.73970000329277,29.093979111467362,11.922852990997939,77.46526197930176,5.531301217585778,34.42249518855721,4.462390049890023,45.39453002064164,81.74982565256667,1
225.24228286478,0.2997358987267795,916.8445684707261,38.92304716917885,112.24032529516639,14.791623544434852,56.2144753827585,215.2191719778587,23.701211310010713,4.445221153208711,18.15945980454246,50.7784186951121,0
68.19075159104838,3.079299415911909,915.6535714210767,22.8875462483499,139.9751414282856,4.219397812399008,55.27038900455401,50.56959961797749,26.75142902886289,10.883523713399223,14.357613171881434,49.584003110402406,0
255.46501482258904,7.0468076273664675,902.1161312763517,59.68518768877594,312.97032488511513,16.832440150855483,11.47419583381919,54.6081304647512,20.332016765442457,3.447390626888041,25.03674530720992,93.04234931787778,1
226.56055678912406,2.0185345212294834,962.4222822042756,92.81820981139515,397.00584806478855,0.6070761106600853,12.613765801615207,67.10434383483164,29.610653370908324,0.013587528691353379,22.797309288433066,88.99658687466815,1
70.33719516047495,6.734324333249173,846.2435129535461,92.91395200154628,96.26820590286123,16.87625727316612,52.95336150224574,30.57793720690296,26.208890870788835,10.728552802239497,17.221402310859414,78.58004651879745,1
71.20942852129798,9.699120461072704,966.1134456074034,34.19052781054903,349.7229336548322,9.206581012855303,26.886154497900662,153.42309196352707,24.050876991523335,2.567771157526879,34.68706493491643,29.625575331678412,1
296.6598946252939,0.9390071578941839,962.5114437230012,52.7677466221695,332.2491041727165,4.35175879863289,2.103690246046863,18.034308762620775,23.102556659249128,1.5672359296175198,37.97809169569541,54.50084157239405,0
143.5676989390301,6.726021182251262,1028.570543781461,21.16358985698612,89.86295905670664,2.67556289987936,72.28392039002122,32.20858231832406,29.81034616488141,3.5627418089109018,42.649198451506834,22.3897233305685,0
142.66053676672271,4.437502193045711,1050.0949885812756,99.56311094988834,159.73303207968902,19.06614335164745,3.248659669016496,154.7416143816223,26.243255465484715,5.69850783484056,48.642830235517145,44.39166980465398,0
253.19989181437563,8.681422543775053,932.1324050937272,98.11179078679358,163.86914771700765,1.4533117516231342,59.52768411040545,81.51854891554626,22.69488933544868,7.138594912098011,13.332809606625224,48.42130657597906,1
286.81214434596467,1.771497894473859,890.6999748054482,64.95089297074473,391.28826741062335,3.9818683987185133,53.91937941273144,169.90747840828539,30.33663622230236,0.6685506106894623,35.80467412449808,83.16400401693309,1
296.50026595571774,6.926259522261645,877.8004691951284,80.44140596774734,72.35676055155933,6.956446948660919,96.88146905778045,133.7819387208341,28.476084245550403,14.558599989410407,19.712911774787262,89.60283653249931,1
238.3445463147354,8.381152896481103,858.3871510114616,71.51001612837,319.66318844191284,12.40469697922241,48.421313934764164,61.44508153476313,32.88008082394244,10.740945801293371,33.85409859755541,41.462006239647785,1
144.06489638272893,9.446142194740233,817.2942746597074,59.31582190394682,133.67708566924398,10.896021705521967,6.360143637779736,156.19870811743874,21.762138483147393,4.847910979865042,23.799084517461015,1.7704445073237207,0
70.8751791746672,6.832480282896459,902.734393650414,5.3347996988897695,292.34813831046415,2.5128698482462797,55.16879678064617,27.905683270291355,31.78499902916684,4.78045885928096,49.688655138396584,86.17738397893547,1
244.2867289818592,4.971747640084273,881.074307639235,45.476434255266106,168.00440171826514,5.794559674764292,84.10961706161014,128.7384919392073,30.102751802258886,6.72813824052689,36.4451067895375,17.42786785013607,1
189.60106243395126,6.178472402012138,1089.9252157599221,67.47863021674105,231.343905246616,4.775035421720482,99.68492842814399,104.91554521080832,21.725164052421466,9.393672341445495,47.62456502171622,62.188196389039355,1
156.05550231174408,8.689049844787181,967.3126478750132,67.75316138836847,333.04470933045246,4.270857089806828,43.034317368907246,64.2896598761858,30.42231094807581,2.1955959988345164,41.748477474059285,2.4970900434131194,1
276.588596273684,5.706097466388297,904.1831117091523,37.31226184223836,321.66622599355367,8.222886729599741,32.02987424967425,144.96119945748003,26.623209333197458,2.833947206474285,45.145050558168556,39.95064752605643,1
77.79937057653784,0.3038705969683686,974.1402802981088,94.16919866580305,346.56927341588005,14.080629051833139,90.66532969519989,209.12006216166782,34.17477178333765,12.891518742503264,40.72095986073375,98.59603021153498,1
173.15627607271477,9.309486955069778,841.7590104037087,16.7357032236781,23.84693013786361,4.349058644344719,19.124212907612137,239.7371279431384,22.12417025926849,3.8438238583360884,22.95795651879557,10.069360110380309,0
52.83841119185477,6.895267510315612,933.2131247606609,50.03594462155606,276.82022121589796,7.333577594059628,61.542891503292665,145.8630644984219,29.64250086223607,5.702924969627663,12.58942266734422,42.369315199964234,1
167.16516049853158,6.765133857772465,987.8702964263191,69.08839765508228,55.994950688705146,7.818348536823246,40.57144241809477,97.12940983900084,25.729700681944188,13.069077764251755,18.51600877252611,30.714995018995218,0
64.07581892045934,2.1567515239771717,946.6693495377355,69.71358058918092,166.3274272073644,19.529130588708203,4.108236495555529,54.049704051888384,34.35222005886317,9.947217440997338,1.0118116319975223,90.50881233882643,0
79.70447906701799,6.5888547023265716,920.5336401962973,64.86389567688155,219.43536602187538,19.093327137581376,34.72884743056978,61.70306145482682,24.949623429354148,5.125678190125325,26.19965837323336,86.93401079073551,1
79.38156169427623,3.938644056541585,1098.1545166699095,27.528821345186017,161.0957938987323,16.002751655041518,26.52285225026746,115.06919475594376,34.432788642377005,10.255493185869312,25.252890013520435,23.769876030622882,0
212.30257552901588,6.512329770414921,1064.0944286446781,15.620656868662197,207.84467032120298,4.833178416383703,68.60911539434869,88.14664830737021,33.52228776651124,0.29524823072120565,26.26252324152441,8.118778705043116,0
236.51121981635583,1.0659303030799072,987.021787447832,63.594032682671084,398.61052351944767,1.3607462818333937,94.87904976919181,219.3154854299866,24.055748529659844,11.034639900170479,48.70156124860319,62.713839406111745,1
195.84219127428992,6.5784530460303605,970.8132083546848,59.930211613943776,54.08692548514189,6.338082754412495,26.804718737863777,88.39091223737029,32.053126652396415,7.305240607743592,45.57270017274197,33.636871188370975,1
290.5431371186355,9.994137257706665,986.1981439473752,17.935601028924097,270.18241813457024,5.335890988676617,81.14659391516817,89.62670187490451,34.93406302705259,12.197732209266919,8.085638916505399,67.20843906060631,1
143.717644880926,0.4821203886055603,860.39363234673,70.51391455705634,158.4003865542461,10.118516002927878,5.535981693840952,92.04828298415447,23.789945032569236,14.319564780097025,18.444126077794458,3.2119756067814476,0
121.42802157046518,9.771741842213173,918.5413229792956,45.51719917336564,53.20391956293151,15.554558201355862,53.81210100398132,200.78885048823796,26.551657539849796,13.886828242418526,21.197808973163095,13.339923517748941,0
267.1497820473651,4.069079607228706,811.8378598672698,66.7760591603153,63.494705349723816,17.166458777577162,7.055006370989458,156.18919700325645,27.802711048501394,13.638975651830112,18.026645892582387,68.63722327726434,0
105.89895962986316,8.707534503372592,942.663811246048,83.73670797701507,379.70924249824674,16.89728170821017,93.40329911306394,147.40052407653425,24.423967037057963,7.6825493390083075,39.92479818019565,21.237065530249776,1
290.80563486015285,7.823854840582735,962.907375187299,16.972842857692317,351.8405986847048,7.193511224461355,76.63512805573902,80.19432537212693,20.228972594690447,5.402131712084071,26.201883493379345,85.75876757624016,1
53.038618672454085,5.6701626098666775,868.3249208309629,1.9144867996836679,362.81678416600874,13.744686869213659,65.79499112045923,196.29700243978547,23.3019386629629,6.9755298709600915,28.604990848581252,5.859088771013543,0
292.46970667690977,7.384492092513265,1089.2086541496542,77.91025863957867,396.6131103309546,6.256683950484401,82.38963816246643,9.207326725368272,24.229053265126375,10.348440049700411,42.650677949396275,21.54819827855746,1
60.78997798764403,8.78515561301348,1072.8363832811726,60.96974251526159,83.32615600340718,1.2181108647036543,64.75197955701631,208.99132136114716,26.653995519772806,13.259966653067801,40.296407670767934,99.85602484850686,1
272.78577842451773,4.0414032165103295,1016.6429706367718,69.96395696221217,142.1757349456247,14.031305312058846,96.89443971742911,123.0599759505431,22.566537176201027,3.104794545001793,6.610576141014985,43.30761025867926,0
181.92527727157497,3.270331615632387,960.0159886296087,83.81549749886426,267.68761196994666,0.1965510513957569,71.39579478647715,95.58005636721907,33.09881535037509,13.772897376925545,35.69572920418172,70.29656635446435,1
298.2411990298251,6.675933855635847,1060.9907478943055,80.28109348245005,193.5210159442589,8.183651749169771,92.46586095822468,119.32014737224456,30.57366699097004,12.227703479548337,21.771806445101777,18.266304885701366,1
68.44914118384972,8.078459419412585,839.1957031470389,96.09201469288247,167.3558133513334,6.587585386041514,51.713189201063805,160.17972732811947,21.27800716339493,14.68284022767352,14.732445153125024,60.98687349855377,1
188.4635711003302,7.622851347766158,1037.1529382824656,53.59350788521182,143.12449973423722,13.867550770377049,11.706441298186265,3.0637023642953665,29.75138676709897,13.203776599225307,2.5009410451093173,72.61060683694186,1
292.32563390477475,7.978136488586345,837.4462441900545,48.84956326599054,237.5122527773809,15.324909455207578,52.81777214230171,209.17244554997944,29.804847146084306,4.1990599453785995,24.362478017272547,31.447663586651053,1
180.7744610425372,4.35583314812933,1038.2631987648217,40.18871998907301,230.2373714560328,6.081892719425676,12.68728280630933,107.21748607473428,34.343317604654416,1.5893386701607155,17.77183403622657,82.88971119758777,1
207.34965953381564,8.178342161750216,882.7302704754071,15.369104284420454,64.58313362569604,16.23254028889707,59.249347917640506,82.31196472801876,20.04531307034242,1.683616079873829,12.575651983820041,60.34175784722833,0
223.9371722461543,1.2020905537060844,1063.1271743054567,57.26072328820224,188.69593500737562,5.878335210098675,48.24930605276629,33.1789357521737,23.718986747087108,4.368349778674141,34.73358647984788,38.91230096150302,0
163.6352661919433,5.444890979608496,1083.2126281476194,27.70125243259788,221.38871048393995,8.926527199731225,62.25753978327817,105.47168984602611,33.91687219062973,9.21275585976809,38.47426936577935,55.76423933431586,1
206.88952002101587,0.057586604981215705,844.6387908215347,92.13075122129754,228.1147754925562,14.540370540282678,1.0046981054831594,119.11746510825093,33.98200873097424,12.064804891457587,12.23947595147124,57.676084743592426,0
196.07857798077507,3.2458582990027027,938.8026815196181,58.31908042770976,84.04287716494072,13.858404584495771,19.484049165536412,96.87520667843467,30.808796290559563,13.488754604723471,2.4723718339673626,16.5535292693866,0
275.28950262274725,3.664615348713979,1094.2962134488055,59.284018050811014,296.90855690091473,19.747369446244,49.13304319121309,162.8784225184553,31.4864498157131,9.356300765538492,42.43763502826175,40.27323698669662,1
61.36159508536447,3.961726916092554,945.022230791944,35.492466087701004,10.079637928427854,4.503220484318637,95.05035615891349,101.01516690221425,21.372244368944706,0.08446969122080594,0.4979870602151659,34.34305880194931,0
120.24079739805758,6.954672066898622,1059.0642567543637,5.198935197770749,141.93274221726506,13.246358270791648,38.360904035515844,230.7402186831776,27.708137521673503,2.7947516477780026,46.8556246960736,40.09027225791261,0
287.6028710191397,3.885581012703457,976.6194566393959,3.174376537298862,312.0850594142534,12.193638165515548,42.43720260536347,143.82660427766206,23.47374486933499,1.4958930578005192,31.380993699135296,76.11105884852579,0
272.5659459727291,4.486936226225307,912.5989723758805,42.33351441531975,225.55716842216094,18.301969089800597,71.46960890066222,193.79470455645816,22.71827065420426,5.44986713353515,16.092331760066013,48.253840746667265,0
163.91418819642823,2.375441308743275,885.7350666577611,8.456537809723786,104.4649730043441,3.127242832897501,60.3792757286118,26.245416746274923,32.15454948684999,7.520264904506188,12.32389547883681,94.03161532392643,1
205.03314945038417,3.732517916293401,860.9669273258262,60.68469555401391,277.98124773721906,15.035963271738659,29.892615009833325,95.34991030701737,22.02557205020821,0.6509576786784127,0.4502832132237622,29.36764133584362,0
119.34529574528317,2.2726962726315145,1028.5394574133093,88.09730056396575,226.95637766242936,11.365372325375366,41.08163955674278,80.84344834731665,27.029774554945778,5.22716963693483,11.773570850543857,41.5703578284929,0
97.03028993094033,0.7319592376844364,915.9621520469084,88.29148165187222,318.49744378255485,5.493317395758108,21.769979885723245,136.67577315278203,34.0786735937905,2.6876951193798386,6.886415075857055,78.69568104790415,1
165.92460123499552,6.034485933813779,953.3826386602253,65.90454101322324,294.01007447592934,9.488698282943481,96.60214591302085,206.66724481474213,22.78748083348014,9.706052493883108,30.608311036157282,54.60245933207503,1
138.33805700651322,6.682127985550163,947.6976440003546,21.1231831472931,244.04316881449387,6.675531941395956,13.063438155735973,18.8011722628816,34.66990135607352,6.9640855398651,8.327279429690066,54.70281464244478,1
195.91402796271802,6.194903460096145,973.1837087699394,86.29968313588721,195.2710701243256,11.586268055769217,37.18367845664194,17.41795153073059,34.91431978641589,7.429764704008631,26.431491876830965,5.334016300518352,0
69.4336592412462,4.6349404380057235,1059.6731436873656,88.60934353132082,53.27285026700936,17.78001221629332,2.583897222001119,204.07624995782373,28.33425732023604,6.415376820501916,29.50582111722354,39.85996627184558,0
293.5987019165416,3.797857801792298,1094.221803075029,19.66535849529587,104.5332071541535,11.386099688244041,22.17794919335464,51.08402064920578,22.55214110265737,14.340295657298505,14.902084917345725,27.073373242173247,0
296.5526861199007,8.633336495718252,922.275262572145,73.74260857706773,167.6397891668341,12.63444836653168,78.04711383801549,160.5007810679553,24.741573319113435,3.2210268768234487,1.7532474509359353,99.93351228311154,1
224.54042850493627,5.190817851362181,1048.255676631891,28.651954892712293,239.71971480255547,10.374956942294189,20.117523228887947,130.29075176659325,26.367392490148028,7.749963897658115,1.862694030709805,30.835507063231027,0
184.0240915860301,4.79181877629731,1029.3583383964153,80.26403123529296,205.48314208612192,1.0233101289095181,8.00634025289656,199.89446277293507,24.639863365373344,11.04026052548004,1.3173666096958803,88.44965347938634,1
127.38190407158194,0.2564206580643569,972.058685436672,99.72378999036027,115.27381038381179,4.657171137521885,47.44531798445233,30.02133836073685,24.209533698147737,8.352666197018438,36.95623335682731,67.62337350404775,0
253.44875492673717,3.4124782762615635,1086.81414308358,3.0026005329392813,2.5857431158842203,9.840034588641656,0.9969234734518495,31.147911773426706,34.583445638245365,13.935313285752017,15.900485240714907,34.09164091920904,0
221.1827931384698,3.8019561878585706,860.1423546585208,89.73658657909318,198.49568876032558,6.204705674894095,8.476615442633317,133.6364064667938,22.300472411236186,5.669525334619262,39.81500929838318,54.353437837412365,0
90.65423483622283,3.988227808969005,832.7792630928864,62.26305335986581,114.25039542489723,3.6352719552238844,80.76258695629751,227.130876806009,30.999918630752934,6.95513708659767,21.58664119214246,84.05358799491938,1
277.73179612346064,5.801723692273323,1056.1885900866266,97.33826191648211,293.84332028421403,10.082656838368766,77.14733448596064,99.59946200898102,20.006154341587624,1.3278347282209264,22.64990504149819,88.33682980309119,1
255.63431073079224,5.336025467268785,931.7449449901245,46.50095175264276,9.578506108193396,6.456195868957007,91.5138820404896,78.46610406112679,28.942740041035652,9.134986665778927,25.644130125478686,16.03938750061452,0
287.449978322981,6.079050927934446,1054.090656262118,84.73879305713737,233.93112452231634,5.162152863468295,85.45154359107495,145.6054375674926,33.739145059310786,4.3231795267215904,35.6515728187552,33.95731412081696,1
231.42987709708999,7.6488326154212825,1067.9270615586245,6.239406859827723,376.58969500242614,9.279708348807617,68.3175563239818,223.30766413080747,24.319011411398286,2.404635592733533,13.675143291485353,33.522318021357165,1
203.35379898394746,8.129857387160936,818.7372780857214,33.527905007829574,69.76370684459981,2.665685161643463,5.233285730066283,200.8626798827097,22.78288962886579,8.16796939356762,6.079367476676345,4.204479607594469,0
154.56075907265472,7.181230762264944,1065.0394288958182,6.701653775120997,188.65979630023816,18.554914661508146,78.28486179866574,238.91606657597276,29.775196923176402,7.984653950698659,27.802866759573075,59.823775985189656,1
283.18212083850335,9.555236959549347,934.4957166108267,97.53431334790706,36.56879672685527,17.35404195838478,84.55108108405605,5.416459968570502,30.689021109475895,1.1380746183607133,16.348881162136962,85.4820052992188,1
266.5159723751021,0.1823258267636163,953.1297467012696,81.69739072718367,250.27276490454105,14.152411714810707,79.90821457719545,27.085954731062934,30.320457784279718,10.473231802417091,22.12456568340187,38.15743878255178,0
61.30466752654735,1.957779856835461,987.977753327963,85.25474212459704,220.21267223849023,2.124276551769124,50.847903530802604,146.27226320798928,24.78975320032061,9.356582859762794,32.34733541686527,74.0035944984177,0
56.591743624313004,0.0756287497814212,1077.914782019026,93.79652314338942,162.94620968513294,15.51754508939386,23.290183864948165,196.93834544012392,23.783036032389962,2.835259241197458,24.70628705706353,62.77004136007399,0
144.1158417195124,6.47474714154603,805.7348283289292,8.510348611978536,208.55080858949648,16.15914656218038,84.53299756887267,68.45864215362397,34.338781999430665,7.041522932310658,31.013940855042144,37.56487354930008,1
252.63833269545822,8.98030548949987,943.0530404953452,38.55975925133334,358.6298633876041,15.355292354286753,72.71628097401384,57.4106611282125,33.84949262404894,10.8048437471784,27.21000010568139,14.105979949229708,1
296.8190323287361,2.4348229657629927,1006.3166127291682,7.103488904400212,78.51772092442681,2.279317742384823,98.07611743888516,188.8741918514882,26.859749148392304,7.941536108119148,36.98981859680496,70.93238527759674,1
87.60422277588205,9.270345447963066,1016.8120873094686,21.07931015500286,9.025804682138894,12.878159141355294,15.569259775593292,13.531644924775579,32.692907992315604,5.932336142753553,35.296830885581,85.45651689412405,1
198.53267883803377,0.6026739028956085,1007.7597294611323,22.936577703767234,344.66595387964037,16.686495914987972,22.566458305205504,88.65183541982043,26.78485216451444,4.835076871214154,26.70949459043096,68.58544924014919,0
145.22271415775538,9.344360268055143,840.3305388224366,46.91072110475787,230.8468329551626,11.547068024393354,21.17981498815027,121.39421342215914,26.365835271087654,9.155907999660805,33.945151042985344,1.7878484034818065,0
292.47859945365076,3.516226872396344,889.8186765115043,26.856216745364257,356.26338218473694,12.92814750456178,79.25397676213368,134.48368184407764,22.35144421398942,14.086630474653608,43.67798011363064,21.623289439099125,0
260.52973078392716,1.0142082844921652,907.6146576251041,10.09781068177611,238.77808936526904,9.167269588526123,18.690729645011817,174.86763763026644,26.396090847379593,10.07617260716225,21.61356438940843,6.947998488353191,0
259.5821761777845,4.858717591863257,1041.3311623038514,16.749108909410772,324.06443598388097,10.574146397681051,6.665982982330609,85.16297362335797,28.061254078997106,1.1211885545447324,20.638153637439682,57.038609957622675,0
167.17328994874256,2.567765677205079,883.627961724366,14.727556355209092,171.86934534205918,0.6875371670345043,99.85608065856286,147.04424272190573,20.3375649114303,6.910274602232007,38.212281042619004,75.64776788404124,0
153.7048755844163,2.8487290196192285,863.2114891601609,97.30767979122983,299.9439725153075,12.779260439465691,2.4817211445149145,140.4901014698295,26.661695077631094,13.362361972659414,29.1276918520997,11.057918706865944,0
118.35176798267656,3.0728996492628657,1087.2344057114287,75.92925069184736,365.2165867559424,1.6289442578231839,83.52440601588657,131.42786415689932,31.720343275928006,1.4169363870163032,3.5503390111294273,83.83378205933852,1
64.09387416273178,8.030258978326634,802.6589855340407,96.7761465269562,228.8491854888825,8.700291886804468,36.53668415506528,153.71599035413092,30.200690845614048,14.83313568206315,44.60560078455407,55.55089783954832,1
266.1805940637633,5.391612766752544,1099.3462567045935,43.974048650790856,72.31406022495182,5.8531019533481565,84.16154597578152,62.267801056338314,29.527354832959027,14.23604090468132,1.5391551118820068,68.9969012141725,1
253.2252522825194,3.1130769915600363,1003.0463896572187,27.83684816626566,107.51904601207927,10.908559004234261,55.4620491211145,20.315700860310955,33.643331426558035,1.174117210948138,37.41981781048715,97.14018486086462,1
299.92941832153264,6.103337833109183,1048.540789834735,79.82931972091866,79.45783075896232,2.6683267104641417,90.16312294863602,28.625201289538424,20.27048014737845,14.001199806743324,37.93970713521564,8.368098824769731,0
299.15920926847633,7.161506742231936,888.385818903858,32.62539180411468,98.74281103829317,13.832868039466364,92.61929864146266,53.89977183693625,28.355713792883513,5.446988853891933,47.65555426409652,90.12240229777892,1
188.85792640065685,2.7262400073353374,804.294583300118,29.93833737053483,122.56617974041455,15.900230738569407,0.9098181280775997,120.04750452546845,31.810232726145607,12.670637506137938,2.7067204201160378,12.610269598740931,0
242.24685379512763,4.135491015253515,1021.360855568459,23.25059922078312,222.0535147012754,3.26708899486313,7.541217599278827,201.70626013104484,28.12003074051901,6.275750065699073,29.842843039224547,39.29588066366823,0
286.19143247060697,1.2188609333694755,1050.2433791002027,12.967897822423534,235.1966517855331,2.086261747037643,25.035872957085548,168.3104021012122,24.858433288705687,6.612826690537738,21.392028531352647,85.14386963311144,0
262.4118476693528,1.8114934953468032,1022.1428395860557,25.646306101676597,170.59989889674446,2.910309655747183,66.93154163635016,189.36974500849132,22.04375847637967,9.513646364663138,16.5316477429771,90.62542367378683,1
111.8370254357994,6.811178539649828,842.8550861902515,35.53197484738877,246.16831192833416,17.542551237970034,88.8272196511506,84.23414974226193,33.31344607724287,11.61716128913975,4.515928014953651,50.63716735451453,1
162.63603382752336,1.8143834769562694,1026.0283766770908,67.39942081457303,32.62997024454637,10.563785235127124,45.994195129396275,97.11689799565204,27.061435885814046,0.5068372642237295,28.132705983565458,59.410463827542515,0
82.28985378787374,5.251633836670601,1030.6768346322924,6.256484221945158,35.11529482326399,9.345219920150052,60.697311627426544,94.48365263774707,33.171727954785524,8.897339932907014,23.95203628373068,70.81473345985572,1
288.5127568146806,7.090462617224327,997.5621547010164,21.050693966534297,68.73178414306338,2.1342363820470855,18.849985279556115,46.04956425708036,28.787781836497523,2.800994911460565,5.227722907551213,83.27586684527142,1
201.54365861272,1.0687692309474384,1029.8347798386758,80.90236402916764,207.2309992161379,12.991120135139235,80.49668338816853,14.691997954457285,30.11288174922501,5.189242767948044,30.62447535485417,12.151116953766616,0
107.16070137586567,5.673122196289036,1053.7764319033197,14.692192358377076,85.59787147932542,17.3599918379018,96.73281113534698,141.81986227853443,32.06391731567675,5.219529992328248,36.89765601264693,81.00693082292277,1
217.92517110146417,2.5656278370136376,984.0812342712375,34.26451465225215,113.31376139703093,16.563717386469058,26.85989329145975,237.41200402094066,29.887333169002016,7.035905103317305,38.363915052682415,48.127615051161676,0
204.53206011447395,9.629268752375799,826.5814141909037,86.46589218581401,160.12513446919763,12.521094179616025,49.48259516005463,40.03912918806308,25.970822610184065,5.012046178142601,45.26865941312137,45.0623425108169,1
139.54067950821013,4.835456467199247,946.2883429001632,15.492531114344265,324.7464496041519,1.5055743330334725,8.61161105063738,11.204356775825701,27.704500758929765,1.6104167767600164,20.47353709443886,42.389975199699826,0
78.38939804990726,8.059925497751582,823.2948004014816,8.27368356181899,5.544854365144047,2.2479405435202593,55.91366564629684,187.0876036377439,32.045682870138194,2.1844310778817717,47.65363843110685,50.92115852460426,1
217.8932988981999,5.502265421562617,922.2629093097293,48.45379950800108,259.75152809464896,0.9861797421964935,50.27834418466806,60.620641604333805,25.604754445594764,0.5015697834164651,43.2714702541343,94.50505533946036,1
180.07692522594832,0.43412532854819164,922.1319467376883,30.24195112785364,267.55061241627413,5.149584329849386,14.44364841550776,199.1145132847028,25.821821851527456,7.053736279931314,14.825078551196953,54.82037727921516,0
243.07959793390984,6.3315137559402235,819.8029532420725,56.34083644838541,319.46231214265464,2.713229343207555,44.2066213118075,168.9448000882837,21.43535174087002,14.316715422794829,7.964151867472924,95.31775382631392,1
180.04087527799834,9.51403342206657,904.6461601908438,80.38048904834751,373.1011756241253,5.200960805048678,33.410465208656326,226.9616488921931,33.71876652832621,1.7351283547217484,21.76946980640067,18.029013061564058,1
263.04537507963505,6.016118201463312,833.2994296373945,13.714848815274316,8.05513957971593,7.701161114379234,52.18308753051893,98.14253658160128,21.365544724181625,14.193967395046231,20.09493539779833,72.41359788326332,0
187.9767096936214,8.191888594267901,1042.4705630027665,58.0699084554285,61.51348220528647,18.859655681422712,58.565433542879916,158.8727614681522,29.723137661728337,11.000422720981403,28.785965266560215,81.22395386087472,1
190.23449288384657,8.842064633484078,1084.3064077893412,50.550876038986395,354.4685176223972,12.207521195633841,0.8495578607209509,111.56514739518497,26.197917182041966,9.562482044012448,29.1693116163874,67.91288313348619,1
269.1634006645862,2.2807977194893247,821.6949425773815,14.407878601319958,183.40742487480614,16.699475713659247,76.10059829495553,151.34128735405045,26.084290853831636,9.679166329853444,37.49934921899876,60.692228022654035,0
150.87071655309927,2.1204483990822665,1086.5345621875103,62.39984855289824,225.83625557338542,14.207030014246644,71.30142918617408,107.90373744185696,30.19327754859026,12.400914725944231,25.49449741028051,56.48127810861823,0
83.50380711266018,6.1098098885099175,956.7729798010236,27.364041786077166,265.21088148925895,2.250062610532635,36.62863862065222,45.27173914177796,21.00640598944818,1.6037979656973205,5.241132047038278,86.0930482578696,1
57.195669078334745,4.110284698067047,889.8697033861622,48.78343185440125,271.626641798255,14.718408127478977,5.2935935568818255,121.89537984081142,28.905586744271517,7.571314853483126,42.9145667776553,82.16465971645,1
238.78431391840476,8.398613028667203,823.058622582849,8.227232427706188,372.69616132660326,5.501977631182489,75.49325397850504,126.86020834498616,31.580476789585322,10.456367073911379,15.488229159259353,12.228872118059952,1
205.07738783836618,9.000231233980111,950.1872804211254,45.958405721362304,398.7797669646679,12.782156939894127,95.51751604781325,194.54492358243866,32.423191368298916,8.802306676103456,48.5648730153296,84.85876570308781,1
226.01994202480589,3.534213793027181,1038.3546633472247,30.646346804282032,288.0629843723761,6.8192394728597705,24.015159602201418,176.5249693904595,22.55795584090663,12.49168606534942,5.893005433988508,41.40686194404425,0
103.24104037722768,2.3687055897448204,1012.1259431800095,82.23812111853543,114.88848368206033,19.953445265293183,32.35246137370379,159.30998974594658,33.4612857511726,1.0840756351702723,47.91255861162516,25.369682999581077,0
84.09286889669244,7.805255152438618,815.0678034391922,5.697872699736828,351.90096091773745,5.271029589935557,18.381288948181496,27.21290293261741,29.842191377711632,10.36051559248749,4.550590344125849,86.97685680139259,1
53.63616641697048,2.748060355481361,821.8705506103711,41.860727491832996,19.688365816304643,5.582609415485393,57.693612334483966,172.9479097592916,33.22782201231024,8.010415955770766,11.551806897352973,43.20247996337416,0
137.64688970164923,8.226143185136785,920.8619847897911,45.8431424131438,92.43234114979848,18.613445111247966,15.484139464745494,120.07323752508354,27.279210756652972,5.687412959699151,2.3289971043270796,80.83646901768167,1
197.47942171365827,4.237382536487628,888.587148214383,72.50060762991187,358.95428698548596,0.4928880927264534,35.619394346137945,214.5838886654782,28.13050017645803,5.104124733510463,35.25565733194975,26.34036119558445,1
148.0610112749331,6.675498992914704,869.7152969168144,57.428757509021096,102.47660577574197,13.933779757463938,69.70130139342629,220.76902419133026,33.78557415543007,9.312489491612894,42.51493682858959,0.3929321422217802,1
159.36873050593226,0.9553531383466818,884.301349672614,66.72123371941811,88.26042384869939,14.506527814717563,56.01159830093484,13.23758174442851,33.49864315032008,13.364930619663973,21.70355409079902,49.545919290294435,0
276.0396736234371,6.23859324676573,1041.0448229890653,77.7049285651756,55.250117256098896,16.727571548207987,38.64625643279352,196.9539744850749,26.72241310053503,7.442638891516729,46.426103752121485,10.022825664288426,0
137.06386675582507,4.517676787372292,1078.7684160895562,86.22029736581888,343.6447030587666,19.488786212769508,42.02496018075419,9.047373701440948,24.116189474535226,12.370847461153803,29.514953587779978,75.43759555249096,0
178.4973722899527,5.866084631754741,921.53080835827,31.38754967224705,200.0233036764347,19.51203838313305,56.21108826232295,88.12071016680544,25.89755651846396,6.0323457276595125,31.50035677232616,27.607513606941037,0
245.91325318528578,1.6801420774486342,1071.833300639749,53.802270536390296,269.9572812216619,1.3055351513292779,0.5864727887161303,130.151994149059,25.816464927946246,1.5359169418976482,42.270960085038496,44.364564660347874,0
149.13569558031753,7.368737449441821,896.4487103743646,84.01080784391999,95.62655363001187,16.43678645505805,7.8509868453609855,35.544191670510585,24.30300312474191,0.9225860468795782,14.840010252591945,8.703356509155425,0
205.52167505696838,8.627970775432285,942.9310959031375,98.94511309650565,303.2161684044866,12.926198673147626,88.12580677630116,179.11531501657842,24.028694064994497,0.7700155698551636,17.71328606638129,28.665924844725264,1
265.59092718668626,2.1673980009077565,867.8086993448,88.95193110437631,304.0022179848394,12.946842687461825,7.787898909129076,2.005129001313257,32.915944047195794,5.702252129365049,45.29759595973222,78.1490243258572,1
287.3801559144105,0.9571455552016173,992.1428126527532,37.14672626243768,125.03920996332005,2.566998532293896,70.68035962105051,40.46377162416884,21.047928810269926,5.058566262537631,45.04817480193819,15.158791190231947,0
86.76837023225949,0.23638586046336396,1093.6943345524428,19.516651721865042,164.27305320411313,13.003743328913068,92.00381641090526,139.39123916483416,30.16416773149391,10.769055354338542,48.82413881004354,64.71595611269574,0
281.64690629037364,6.4197150044326605,981.0479288130136,48.93925374065887,83.87611097208034,19.649651612024957,27.06836043017311,171.45301488895018,22.592300771846784,11.142322523772988,45.09191582208356,91.74258528045011,1
173.02907326988455,6.070940360887808,907.3442252340647,74.16414518360422,390.6244093291617,18.23637139078894,37.04914370595142,219.99434464653987,25.167588400910947,0.7628095325060974,6.368601801668045,67.98367597577203,1
114.56109707473959,5.4669741271407,994.3452337971585,49.25690707532976,258.24103082336467,8.78261321609701,56.892140584471626,169.31919646430973,20.923145512022554,3.3168489433352244,41.186214306849365,81.10216892922269,1
164.78393905956534,2.3194709611597544,836.8762035396163,48.31808633136685,373.8175522862062,0.7989594657218868,88.17089696385847,161.22702486116782,24.04960455283193,4.113927752383495,20.4919239054797,10.89716293039158,0
295.00814382136923,3.9090599590551465,1066.5977240796196,83.82304210818006,121.35421745165327,7.245869800004097,94.19055872604201,94.64187512415944,31.526316066758632,8.214179762142141,49.54006779729689,25.073182600205445,1
173.1545234982174,5.944763351861731,950.925185233951,36.14037790671863,312.7563651987559,16.527806232011105,73.9563248111268,0.3082621264323393,33.27522986820888,2.167728358604254,23.614048216440054,89.4538852240591,1
132.18790257187703,4.967668588591694,934.8049226118926,85.97946748116456,306.3434575538968,14.029982029303321,8.661976085469403,28.838222096549266,23.322907278535506,2.0091182910000054,27.69180412511103,71.51056136180893,0
208.35021357918146,9.877855202148872,975.7594365360558,40.680480095172356,276.6622607466166,9.186873111879128,66.91541555348508,128.2930907414494,26.953217588883827,14.15683333811937,26.488745762839926,63.95538263773112,1
110.03640469454827,1.3643975255673313,987.4351588368207,32.82331056783394,386.25559010672015,1.1020307031766219,41.03037218726621,162.03117260266072,27.054860719058098,12.063043609466714,16.08685149291389,66.37667361217,0
68.96583202716599,6.951445540475937,821.5327418679539,45.3989911199699,157.42213444252621,8.537894556466053,47.07009994910616,100.187588135151,33.10362958639601,2.7098235313675545,3.7511044446459083,41.420055430464345,1
82.2199304776623,4.043187681042921,1004.7851663670207,76.24469586748684,52.28692943590292,9.38049879435767,4.914839034517704,175.36296276681364,31.44198579313708,6.098517118582365,44.782561520095925,4.455663161765322,0
82.01145973944311,4.281996149256147,872.5795040946589,12.600202786399429,268.6835436976243,18.57111065788272,19.106213934635818,125.2469508797229,27.696158275520748,5.334329988863483,40.133790626314344,78.4441542070729,0
87.9756733780736,7.175977656581763,1014.1857897519769,19.64192158720174,291.7239201908825,12.821722071643189,79.05136075336478,17.80228694263493,30.0612080070766,11.86506111098111,6.976339027983464,67.87132362153538,1
84.70679316235254,6.924361513243697,1046.760438315259,95.1444825663092,230.02422938352586,6.233058333092978,45.395883304785976,46.08390023230772,32.710325808640505,7.653193747171831,38.83841356750364,47.28044641127247,1
210.21868620080366,9.912559937021882,1041.187552265756,17.54916273813574,82.72715725335851,10.506365289014427,30.166224163114887,201.5995735785463,20.143084310383173,1.9177460549020053,31.2923333025305,89.97596153682575,1
95.47002109978621,1.2839428945412523,965.7502902223667,56.77273179310546,201.78237666774214,1.3211061564432014,38.401907396495815,173.97905918986547,26.043350465750727,11.084880947343658,20.457189395881116,33.615966498509884,0
136.4168208309658,1.0410964938416634,956.0509676932254,57.931446666193786,124.87589462765176,19.451364712994735,85.43995133256801,214.7428768829988,33.60864750915618,5.953319673373784,12.701057454778136,29.43217442312359,0
274.19710247650295,7.243388171287411,842.8627884018235,48.96244620502448,170.98661126667562,7.20119803861452,74.8999017404957,28.21373978902478,31.104695462659272,3.9438637144822057,42.98643917511163,87.27963250794429,1
168.4904100657181,5.783869170064091,1032.6038451209406,64.47452485768186,258.08743033786556,9.557347098262717,27.231539718108277,237.65340830761775,28.14262061501112,5.632479330310803,35.009412964702655,79.69876547589855,1
216.8894346302568,2.7416066655980584,881.4228141340143,22.982672579761843,298.0858970763338,7.105679484738452,11.750184021237331,50.25761134798407,27.944667905527,7.4663484541034455,27.386995473456842,51.49798106483448,0
93.07996780040746,0.794193689889866,949.008626845384,55.266226777674824,92.88987636053724,13.650234602324003,25.19982216440717,2.8271703087940825,25.216551464066566,5.146732746255141,30.478426694923204,13.073473945784997,0
98.0722547021677,0.8565824959643054,885.2822278782551,37.21732552468971,162.13014425878134,13.24464316659186,92.07564510547337,239.381505372853,27.807808004622718,3.6285865888763675,4.553309104109049,21.507147146505247,0
60.21715406661971,8.941908746641182,840.1485088999079,66.1667259629189,107.66462839665168,14.306446210582713,58.15888378497554,67.45773250682716,29.8307479919518,5.977530432059705,23.695988045559595,65.62279904088066,1
92.23376576804114,1.918673247187429,988.867309067521,14.122354337314945,79.45264554474764,5.362864592238417,53.34802087447829,160.32466860301437,26.275445576431895,0.28759366124847363,9.6850146392851,38.50412378404117,0
119.64758475798966,3.2337156211552074,816.2996104468712,57.08774168394763,313.35488799833536,6.31336962328132,59.63935996924615,42.40375540231325,30.71229719588261,11.587467691444708,10.419183950441269,83.64731916659713,1
94.2526210691867,2.26656402226988,1024.59357023786,18.52703553833237,363.70107777479694,2.505024621924159,36.60282657465152,139.25484772779402,32.918483408905786,2.564173403513787,33.06519811434334,94.99550093322041,1
72.1756334392639,3.5499630583193733,895.276038578335,27.86430631150364,148.0928742738307,13.110199436922251,80.71070203195127,216.9683967490942,22.320272722772916,0.6585692044595587,45.5628075917144,80.56369252749182,1
80.1589677751502,0.6942384274609337,800.0404079013456,21.87098003235832,300.51156974950675,0.795942546713051,52.32862493002498,76.84348018282526,26.773205342261367,9.805480393576188,20.187830523917327,37.754542299555716,0
165.19469200818145,5.190597909082704,953.338741771169,18.28377798688171,358.79811574576445,11.953646710469181,11.674790276879554,160.86095425064622,26.120301369276216,11.609041932355083,10.387463650609519,78.8686429231424,1
101.58342960144813,0.676125635922149,814.0555725582809,82.5710951560667,338.4496842120926,17.393917697032677,12.906512482906296,45.09686131161996,30.311972060745923,12.207436973892648,32.43734686183271,35.14416734706835,0
141.06746526201886,8.003565078223616,882.8508673462699,28.570756766089033,73.12535541569036,17.81664296579267,53.685914650261836,149.95089569249407,23.74801197886894,7.402637739908999,43.55935231751589,16.71000877656339,0
175.85431771371424,2.3371208191043302,1012.0929462367149,92.71237818644494,382.51675260534455,8.980755207399234,93.65702180708392,80.74808443620243,29.603763724284143,3.0805227703497797,37.41594005612454,3.3393204865857395,0
222.59870715734132,5.400119146045106,818.8068864865597,96.99265253451908,150.670576171785,9.186073764261476,30.835212167619876,50.6899820611084,33.16233862597232,11.058415158747401,43.43786152682936,38.571671276102,1
59.828034960274735,8.800790875614583,1051.8015477068006,57.126046993709735,135.69626446953453,1.5393836601603472,86.95411688592183,75.16369216887243,26.27197399690434,10.495696157315058,26.827733550539968,90.35593036972818,1
249.85259972726067,6.5087736904719415,801.1459767975749,14.30011226657264,24.972530911112134,13.415300508860714,76.40955865788793,42.921856441871846,33.6652354996883,3.6940610115475985,37.59381221845955,23.89865877556765,1
206.97509737272694,5.329577865513353,874.0471607605707,37.45482433795813,194.4694616419532,16.42518840745691,24.781244290690687,216.45986588109187,34.89745608400217,13.551116337941895,7.003227967946824,20.6513164929784,0
70.43975798721797,3.243337531153756,1022.2712168456214,79.7732263348214,43.60544625637148,4.893101092094261,3.6340748316242455,95.32485271611093,21.59138074921928,1.565571871242435,17.413730768159574,96.98207852410403,0
268.3946560266943,3.330019130581979,894.881044918792,36.739072869707044,99.41592837097039,8.426017632667293,10.184726514238275,58.86703319384816,23.49579781977288,14.740323593869885,19.477458224076123,2.500411285059212,0
280.2181001329533,6.694869551981901,830.567716419804,8.701721830278874,126.77704870691255,16.776786735305407,72.84939338474402,107.6178818438239,34.2556962722314,12.90371716466197,25.56478731230173,78.57821503937544,1
65.26948996371594,9.941393612211675,908.0701756401284,55.678491092818795,323.5305293966736,17.54240935324576,19.96697380406467,76.92868003355893,34.3749152972208,10.318479682186128,46.45381801284118,32.13699557408704,1
119.21941203680093,6.618391898493786,881.1179859153576,84.51208514960348,350.1954601583586,4.863599605284518,37.12709205053938,178.66062091519822,21.465609130801376,14.081248324197492,43.714828011108715,3.7487956869659333,0
251.55031994826533,5.577834173700249,1052.8135706481664,79.59263871435024,120.98652698458787,11.011412690827285,50.16991660064248,233.09277885251865,20.22497750565705,10.834667524855616,6.726274614459227,91.78025402095837,1
237.0649225959146,7.306505102392461,894.004375275543,17.512314013035322,343.47924849782953,3.849863012716541,72.54681684501628,105.12807760743524,22.416500348846334,2.856854955450689,8.63948259412316,13.96423302095836,0
96.13025483909433,4.652056122837181,1036.6797415328022,67.27646144124667,342.89237494791644,2.037575282791131,11.323122325912538,206.64801599333768,34.940191750733725,6.632342071692176,17.88202747944557,55.17792837256954,1
102.33733083417758,0.6014234260078521,1067.5616434432204,22.05042634356471,305.8603801539494,18.22241002783915,40.636640527746145,135.8071376543087,22.6999942491603,1.0725453649745305,14.537193294533695,27.405420742954778,0
142.6180256978455,5.6229681587790985,930.1452258729589,21.820753455217222,58.678045606072615,16.410150084642183,48.50729091426954,37.736559622616035,27.538214100830345,5.844861334321731,30.738547657813115,6.519280218469103,0
171.13074629775534,9.576252845053801,1072.9829431563176,87.40717733051852,276.1291387602916,15.200698036063478,54.08270639715397,165.74945809952197,32.72626589645766,11.12404529605813,45.13880238822725,4.992248566337909,1
204.563692882574,1.7530294235765964,913.1954161889579,24.966895274023017,378.0096258322275,0.9753263762628084,81.83606413952167,123.22427931019683,20.306024160323094,5.796650263962261,48.11457708362934,11.555669883633879,0
142.2284098924431,6.900048908206657,1089.2235249470325,26.32473465180112,273.0161915068628,16.874575854205148,17.16781950432169,156.14556558050484,29.06733473387689,4.954412632022011,32.680147626761325,7.136701388938005,0
165.63367903328697,2.0093368865905648,826.7868573576719,0.06533907612995549,132.64673964313357,8.760881518107675,80.78314518266222,213.5249790171996,24.155381733044365,8.930335837654678,41.90796007005434,76.05581155199229,0
236.86773453343915,5.3582768447308124,1006.1057799509729,87.06690341255177,200.23172697233252,6.847902465917192,69.28784276966522,105.70429695745106,32.935023746595974,13.083067934983426,26.260110011539854,48.556620228342915,1
59.170800722649474,0.9667644964671962,948.1442121370786,79.25948132091347,258.29001734042146,10.929527220507529,55.58708141989593,216.28262957216535,24.251917238961187,0.7137478881916864,10.416347343001986,34.289209134897966,0
113.10923608600518,4.503709362581851,916.2946416366941,62.7328935090678,204.22816349140143,1.8270648544711166,69.95278704025719,180.16056342759717,30.301335804228636,5.782056520496031,26.23442060467387,41.83689101320071,1
228.3373964711381,7.561633288952461,989.8135636245803,75.02657639388423,47.981176692387926,15.132930987047978,41.20177389516564,117.26518221071635,30.113294486710956,2.3736111272289406,27.754130071882553,92.89467355726234,1
273.80170942179984,3.4757152423898208,1011.1571274902993,15.20485674244918,124.82561786080825,11.648701537765918,13.839758596812457,144.77331255791128,23.3224032328946,10.430313760978045,37.122878210677825,91.07518127381472,0
177.9193605289165,6.64911724487218,801.3089808950928,45.832359458757544,320.958412221453,3.7318019374633504,66.57652402653673,78.13947180456275,20.521987998025253,1.5858684064670232,10.994149485367455,71.56764801225769,1
183.0283713163289,7.954499607897292,850.0859266241596,35.121938734878086,344.56721843820696,3.764643995380912,52.46723066856222,236.0633519373058,26.13874360678096,9.972116378703667,18.415519104336585,88.46823774216878,1
76.79300283494402,9.271778194794527,1013.9138151902956,9.37765262570165,54.920013086228096,3.6849730314534845,63.93748005427755,160.16427913209503,24.337897279488047,4.29271306196861,18.201373460728316,31.964802758762477,0
161.85309170586368,2.3464208185545354,999.9156240734619,48.61304852149241,380.95470095948986,1.1400477510386797,33.799878102849,10.523244599191175,32.13466624420563,2.9837522060583703,47.971979787058245,38.110932600828285,0
183.15431661375578,3.993159158093081,1089.8142515386032,92.07396503426354,131.52904713944372,11.755968987433697,90.6866577339836,78.3892573795221,32.00546282683018,14.04528836737478,22.197248016335948,61.371218185422805,1
110.61762590868241,1.5241601333041743,1028.3113370752349,4.005911905069448,264.925495492288,16.806963551770163,58.736986857557696,149.5954641021738,26.85535928288938,0.277868651189338,37.75469836490733,62.36259472972642,0
117.31080773734524,9.924835021583752,1085.2318123194013,29.14609134937939,300.73005838267244,0.349964279747772,8.540248429087383,13.519986671817552,29.097683379848284,6.566659078343534,37.54056906872195,48.169983801234096,1
144.32104077615566,9.270009679242953,1010.7621504604421,20.754093620570345,324.7784938551534,0.980092899425471,44.980399070442864,5.732205916594264,29.063892739803876,0.3244048869269067,13.277209240162069,40.06578484379533,1
55.01779944443159,5.399571302805596,889.415662591833,23.81466536656963,378.29988089037204,11.455405533738915,75.63560547436343,108.00581748667261,32.40737222641435,7.253895721564935,28.593484468586606,98.6180311608695,1
130.51979139579458,8.420332943764212,831.6094766752569,90.84345518793752,125.16781921152904,16.389913707721046,79.41345617322723,79.8456431262408,26.375036211847963,7.515710666916274,44.71514466593241,82.11236261177244,1
102.86200174913617,5.209579772720422,1034.5471590034806,46.806905423429015,343.4025818206218,6.534777811372672,49.45970527637588,105.19166592795982,24.131700196857636,4.824937070921205,23.75988597284747,43.49801978880452,0
131.87433804447866,6.2358568800275975,993.2447664427748,46.62994129398188,52.67476137448281,6.992287976154444,89.4747570831301,63.04639437120124,23.97552377210821,1.982426662875355,47.2558753671273,72.72924772395685,1
79.9405329548128,0.8912443211601662,814.4558037179888,76.05756424552823,282.0163625414371,11.926929949935518,26.766843719429755,39.53225926631542,28.042884189233064,5.64581306601713,10.72291146620808,26.95616932524595,0
272.6318201849738,7.552704204968079,908.0151397702934,15.44922040049258,296.79109180559436,5.48425778248294,41.05986972382666,165.39440567528104,26.73722304098319,10.083944098988491,3.7079552887015366,10.016932623732988,0
198.39811338851217,1.2771348363523483,1087.039944645286,48.72653541000508,271.08929648052816,0.5321673215536826,89.859691056897,123.49706790427211,26.601811564774042,11.735937129666887,44.572693657237465,35.24310255527406,0
219.7755797861224,8.260676302525283,950.1203437130604,42.99852141210597,100.9258944540612,14.704570362031921,89.62567164715789,48.03701069984804,21.36706008634561,7.961259035822135,42.384059898110834,40.29728001233942,0
247.29280965183457,7.820280876703859,929.8187408059114,59.69106905466561,349.21725880608136,12.512998258829063,68.57127688246808,76.70146230239959,30.779056110352933,8.847515916596334,49.62949379669224,1.6537124560670802,1
174.6105497322643,7.087446977429765,937.3098815477882,99.95577032504386,67.543385348158,11.615119981113182,85.89805471222202,142.03389783919823,23.20605031972866,3.00924556686979,33.969674405621305,81.47920016358961,1
71.73007202185592,0.36160380524762115,862.6648172015491,76.9448894082047,21.453916608332335,14.833682579836463,8.877326695623267,17.335043585394683,22.95430445313082,4.309954998414741,46.834396333357475,35.91934023891815,0
184.27663545463693,3.031283559453286,910.6121512594385,39.78657030174272,286.98599624476486,13.50461675124075,86.49949762077763,35.38872222388309,26.1913748041609,2.4284341507853764,41.347451254205545,58.0418165780147,0
196.71027950521977,2.631125699108429,910.943976796153,82.75530522740469,190.19028609309348,4.117639763566423,32.061990655022676,17.578944985773628,23.416675124267023,3.7394302500691703,42.22131665600434,7.396318727095597,0
236.3598685460825,3.6013640747151907,815.7065060562417,17.070836331248017,339.63920798347044,7.049620938867022,17.833151242821632,194.95615985138852,28.75787400962023,3.3733017033829764,28.457078522713413,17.499682875058397,0
157.91488655741983,0.8764274676383854,1030.2702885553754,3.0463686308960125,153.3588564233036,2.5222028335725,23.936983634204633,180.5782159708822,25.571950090017072,7.791731795868564,19.118229895835544,88.969372532756,0
81.89507569889093,9.369578230310628,924.9513295711637,20.444837246427305,67.31143540308513,2.5971402683576206,41.79685080138871,180.7951036510217,26.733675838891852,8.440331336860941,46.72790362716409,60.86875278828008,1
120.94397644968112,5.538022407123763,1046.653966044927,34.041155611425964,334.5768769879479,13.523914927130784,25.119200460446724,171.91808243424674,28.057539824060434,14.174211312322567,21.605858780794723,95.02840501704856,1
140.77057409965877,3.0552431065802352,1055.1044003359686,51.05807574595599,219.56385265602867,17.172002139649965,32.0567586016499,160.6525016807686,23.05303283722707,2.933559706522846,26.940968362483453,99.87500343913169,0
211.4793103329003,3.969815170742834,863.5982164095974,61.51291405411998,75.67831695614196,19.254651677222782,13.497848607164208,114.478059690762,22.336274342982946,9.62513565242244,22.305715356259388,37.18601153330944,0
192.69457616722798,4.472025405048356,997.2060446510386,91.06057172144217,288.1535994345783,12.566942350988889,29.617676555899852,154.1467592417076,33.20632854310407,12.258889034812842,28.240915698009854,29.880306408327463,1
139.02418147446156,6.005943333606173,941.6845412488944,50.98540095504577,204.44545539580022,3.6820264672191394,57.22838145420012,9.206773149113916,26.505855542471316,8.403621956745788,23.52525394961636,85.83560551590968,1
296.62881219824493,5.156794276964978,1064.0470213764456,50.127564462572934,241.72519289612794,2.113006908978614,44.185370809106395,149.1514614376283,26.181404144488088,3.8250547875161356,2.398377928973794,99.86114270374541,1
201.4437048392218,9.193919732144174,864.7222037529363,5.024300982298213,184.35933528263274,16.257019430735156,34.67187612359112,186.69064932885053,20.534182254092624,3.938253450300003,44.102409300384934,62.96412342324573,1
109.30669793399862,4.969634829058302,1003.3439600930133,3.491155265622381,331.4835935272026,11.575129527199985,74.6452128857114,120.08600649225365,27.469644538810897,0.5887957960649987,22.21969094578849,79.51407225115223,1
75.44561815510093,9.921580148233126,982.3256366758168,55.11599619163721,331.82508627321994,12.365700420274397,89.3509971393318,85.80319882253687,28.312545824165,4.581663398227225,29.447182425367437,78.17458588152745,1
88.21478479608301,8.514249577450958,888.5904432715498,43.81786132483445,283.7555287297545,15.629241775094185,75.6789222902397,66.58241635223499,28.382613064319997,11.169055185050702,6.9593901378993515,35.533970821954696,1
111.48943209612703,2.085105143573358,840.9802710953518,83.91803949802986,42.160550958584906,14.065544554649032,33.200070211767915,154.2724920388998,30.605467539843264,0.7127663581066557,0.1693923991319568,57.42703802570872,0
90.17034331488892,9.305952146439163,995.491928143183,16.067958471184518,335.54154476162756,16.689165057121933,74.44421678375537,166.2722876711781,22.662227524865177,3.2894292375724596,12.264504682182148,83.30569412642136,1
96.64175601282645,1.163663978854761,1021.5792374396992,2.49716621170496,268.4051922131639,1.1242781091975695,15.19801824740512,209.03222396701022,23.78334701345928,10.59348747797673,35.22930160666751,68.81138762610554,0
121.27379217346177,8.174497084911916,894.688203129005,44.903876793012586,278.8096664017198,14.950412734930097,13.031798809129091,82.16017979063777,32.16095697845619,11.73977344234315,4.95972650564393,2.116381398203826,0
93.34339882368872,3.806232934765801,993.4497812066941,23.74785567522575,145.19313616154867,17.01705514644191,34.562703703615895,184.74535377254054,34.20755925265091,6.829776150928926,45.444372019323396,33.67056688975335,0
274.1913561566063,8.779743204450694,918.5392722834509,4.961437333883745,351.7118224628027,5.722700849166287,80.7702369044057,134.7253978054411,22.03899121050981,10.471115077179732,10.75112846780923,14.447569659460536,1
70.05843641541055,8.680566901074503,1013.9620649847853,72.4598286847629,290.148640093943,12.808945479865057,24.634824724230185,211.880757762739,27.464743317578275,5.81928252982338,10.22968071458879,23.297221207803908,1
181.12784739256367,8.059254001176212,859.764582468216,11.159299995724748,45.036186611677785,6.283241276739442,6.325340889867959,126.67490599094899,23.212643791093804,2.3986986753619126,9.075398081074775,90.54894774913257,1
152.5992067474154,7.900304363070614,1067.0645007908524,60.83195000077717,163.11121376246507,19.15942132964908,13.170953520635509,124.23115881551213,20.901097525324737,5.972242402843598,0.6990856485682373,3.689328891076815,0
295.59465422715164,3.046791390980408,886.2228789396739,28.104975016688915,354.5521447840567,0.6684714487100751,85.87449685295802,138.69049954581817,24.88255007189203,8.699517303047143,38.59027342391173,21.980071196192373,0
78.00972554201309,0.8091928305125218,910.3357963268459,17.3496050355022,18.878680678951596,11.5958568766591,63.37832847472876,179.83568523418427,22.15531437776319,14.220799227793353,43.751726562262924,30.956935223823145,0
149.4638997614354,4.029801787651614,817.427585624105,37.97515229193175,384.5666478568198,3.3300709409903018,25.320116336997668,231.52571491883063,30.648996101513696,1.0312642813301598,30.708135130809943,61.68840719663948,1
292.3676083188422,1.7352451498650867,833.4536636963829,80.14457762229537,271.6650273278251,14.244404103543173,55.52958253281813,17.655205011783757,28.005881205071667,7.610911407674409,9.409999083993114,53.41016900858655,0
266.37678147349504,6.9495108890246176,954.7585708136985,39.20935769045727,252.55039105735065,3.5178056683732417,52.75796224253504,12.824304573844119,22.157517064854662,4.933796673160866,14.263899847043987,21.82694828533861,0
254.26801773731998,3.4609972653778556,880.2778030183914,75.07696492110557,108.22370259519656,4.707665237967151,65.54359784406613,225.01208097776123,20.138623826082714,7.624675414150418,23.796334868248163,16.424106722315447,0
114.47570676123496,9.756102008599148,1050.6440677226583,12.548629679915068,99.51671549567082,9.887416220915162,23.31875544216163,127.17015012436947,32.122355735363186,0.35963171064797517,47.71729758116504,23.679803459611882,1
92.72189684751646,6.40972077345332,804.4080165964862,77.27714196650791,376.8232877954382,18.29669899993756,86.44029871943977,147.57672349606466,22.642916092463715,4.69538032052372,12.36756859088714,50.25296267016556,1
217.16080498110776,8.224805636343609,913.7282146015808,23.693332490664865,119.3089816936491,4.234287442959417,30.936856208001284,115.78166438273493,29.09324963331149,12.298022212905074,36.582295195994405,27.117778571120343,1
282.34399728189646,1.3252467274184843,901.2036640307279,67.73931298888728,310.20211868759975,2.8848004223620705,69.41316539762369,22.477788625793877,25.053828696151186,8.309126007819563,21.972411164646015,94.76025016077222,1
189.19072325348245,8.620144822726225,805.7982892752804,56.57815548409963,157.24871928283167,15.179536637080613,1.612464637221489,184.34145082047996,28.782289074725533,6.758737392241761,14.89236741800109,46.38652214288476,1
192.90317236747495,9.227571905133944,837.310519700153,92.91447172116874,55.70162831388159,10.01239064667862,37.26571298941472,179.33391482126086,24.73480440473486,4.282876075730094,22.79579685110569,5.879601654463706,0
119.99477341507104,4.870619188189359,924.0928024755906,38.732251797531404,4.28611907814358,18.235702247635427,35.17098179588083,74.80879715827487,21.304093410383814,4.470637841870339,3.5603358770616267,72.92664058366334,0
242.37323329798423,6.062529377509774,947.859375334234,6.616518883444044,217.70293480610033,2.9322911431968457,54.348442858301446,73.49741885481609,23.344250128366305,5.746521503858767,39.93436854651812,32.884528820898964,0
96.76093713938084,7.648098009029955,921.2869241764607,1.9155485551252904,390.31152741957305,12.918557860460787,7.27362617771965,201.08193141732445,22.820878497186133,12.533560649468406,12.165096399148357,65.34889320582475,1
130.91980910106093,1.7483862726041255,959.2813035236281,82.6858560972753,147.6544775236818,4.657582923036301,79.01313737261083,17.365741857918387,26.420290286594657,14.508198102124027,36.27060615964852,27.9594370523232,0
156.3591096541042,5.0256607646344245,978.5395024717045,52.473563766143215,142.87693359721794,3.135208573032786,21.778080176756852,211.4652356055758,29.87425675139236,6.579830720255618,3.417418572409736,57.07437417333199,1
176.90259467111377,3.986630277723131,802.9771463383507,77.52440518349492,137.63664713977684,13.66858830314541,67.70378148820102,61.59880557501946,23.957091124195365,5.900292581216427,47.7549278082843,77.21525048074646,1
110.60243310377007,1.4637399216224911,939.2285478360511,23.44256000115147,208.21753492194338,11.873692398174665,80.32121232440932,142.31633946131853,20.181049029509268,12.698261637297943,9.65074927028493,92.8008741774554,0
78.70920618480088,3.6753442229153146,1089.0497722662765,34.50837455132337,176.2659533697174,15.096549167246625,56.18769562415131,224.63860296042665,27.784060463971354,6.403579809544554,44.13710381035402,26.112714443307706,0
202.65501061040814,0.6817230938549357,955.7096840388647,3.010387221131894,351.9658506908058,6.189251528923647,74.08832067219855,162.74940036879514,29.08639234038458,8.280272584434767,40.47366048077172,33.485695099898116,0
122.15763831006394,0.25811906949486985,1003.2626802376859,96.14923245741122,202.20831668939613,8.959433127643798,66.18603122150056,99.46315499208877,34.443057410027144,3.4641249689811664,48.3929962040708,46.42664202859397,0
195.30955535565306,1.3516628915482276,893.559157375065,66.78679067008134,203.10313527542752,8.10943352660837,35.55297971520076,165.48821013729963,28.842062046398702,11.152538036686128,23.89453304728748,92.71748377359889,1
88.59067881855057,9.631151115891738,1032.1974134458287,93.32050877593062,55.34863788822264,19.681789279330285,80.88585390335653,82.55511271592884,27.067588390672128,7.979824774061727,36.369864692297575,90.13868568106571,1
170.28502546370436,5.49529535895017,1031.8764445628344,26.549640742907233,393.09581636415436,5.844979134787758,29.4701369885528,66.54201992380467,28.601024388465557,12.135518253605126,18.5355328518892,8.987828010063803,0
183.14735813789648,9.6582216115322,956.3888142962417,61.146361122566084,99.98915634753187,5.8963447669353375,57.12129177515172,239.20398670432314,33.918509447930404,11.710990950430046,9.218411900984691,13.192982575381084,1
62.95588420560673,4.32497878330132,1092.804146983764,67.84999682926379,29.345626983841065,7.090964176572148,74.53977391415395,180.18965548314904,32.42567218402469,3.2250715240504286,22.15379664667244,49.55091773306383,1
134.15106954848017,3.1181613308525957,837.665064428796,31.754970025758844,265.25849959008355,11.29188162580643,37.89559098125076,154.73279457163622,24.844681000457122,10.734533258366437,8.287450769422744,10.661927280542349,0
83.60366923474356,5.061418628402441,805.0842994668743,84.81092350156301,238.14654806274908,5.046454885274905,30.276760761742505,85.26951437263651,23.558815454857058,12.00081611927057,49.102231139319194,34.55808733486975,0
65.84374261819194,4.3951168863291015,1031.047463527129,94.71614629002478,166.0582615970983,18.30579880758548,45.934601017282276,11.798598997211558,23.939504185491103,5.191608611735926,4.812324557035819,14.838537821747765,0
297.4900580974863,1.0566468426174391,1042.1466612094648,88.48551176960044,168.8768935522712,5.31371129732527,81.79634943491536,7.453650248437347,27.566315595728195,2.589136693534118,29.46058617263102,63.604035513188585,0
130.58846124368074,6.408263146902062,836.0621687361729,73.90669759393725,314.02556841857245,17.916314631203893,92.99217631456648,133.0035013077117,31.160741768428664,0.0394823336938227,31.323192762702796,94.94954317391617,1
252.4686114636587,2.160381825095996,879.6748498875818,27.746467972495402,78.28505603985963,2.069501272931693,54.50834128598901,182.88785304937227,27.548288107744433,6.763554796397223,26.90397714370271,99.67337702943814,1
113.66016369094096,6.195879548978295,805.2657090099887,28.161604210563173,328.1013275779559,13.131254047993046,66.14662053236519,128.9710057065252,21.01694593742169,5.286490973082624,33.10929428559168,37.52411324969148,0
220.3756805559823,6.502010923981533,887.9925832341694,96.3360320446038,259.49884555800725,18.139710368764874,90.32736222389141,201.7884172653875,30.85371050659971,8.323647507381134,5.8090387505945476,59.901263711461226,1
240.05696497242164,1.520248531286481,1031.9425621756013,1.0284495935692028,167.58790951180976,3.3749887679645907,9.85468514129424,8.022367942373192,32.08955193006431,2.8206163888317866,27.750926210264552,85.62676535240813,0
198.90968515196107,0.6134962711066816,955.3881583137737,71.60499732421445,183.21144663354744,19.3665392019851,23.207857786616504,88.02049834222562,24.342467976795795,12.894983214997128,14.360628556368077,11.746207279638398,0
167.8940471375396,7.807615860684399,904.4286779504864,70.62461625552622,102.65888287443832,9.057667208310233,70.89000062515825,56.89689388180273,29.961886089250257,3.866328234421645,47.00880316505283,68.9564411051965,1
152.9602285368171,4.5980042376932015,911.5217884718991,62.26895409497975,300.8457330787899,18.91430216882049,82.37444619122996,107.34551235770928,26.398878515815902,3.39644407631475,38.10358267198629,40.88436617250682,0
137.21706663574884,0.5816379550547579,800.4060877146404,99.01088460868658,205.1498969221071,13.53640087260094,85.70290283305779,17.370334366589397,33.336790335911644,7.210710847265339,48.62572410798713,20.614616028016407,0
282.38228606195645,9.948663171697671,889.9401582695708,31.187943576372522,128.34181709993743,6.031737397471031,41.51071768549326,228.99159397705742,32.6783833724111,7.482765356164114,1.8778034870094773,40.2753618747442,1
257.6548519469323,0.5778056099636664,993.9376224913792,33.997186379324816,238.4200463043801,3.7660504983421283,8.933990229186684,53.581296256646624,27.881479974644634,3.2262784317763926,14.256658759035435,7.596028696491686,0
291.25672766662814,6.950352288585532,1092.258333144907,7.893940294655555,398.2937808205292,6.074700924501988,43.778147729961994,221.35386611606035,30.372583187203915,4.077910900888736,9.77112933191745,69.54071485893057,1
81.07430587138619,9.836789252634135,1054.1182480951697,44.27981365437375,174.10491186262155,1.8603481852534998,23.07345902070538,102.21435720880363,33.25024551533156,2.545578587328674,0.557729365591525,25.27426687484531,1
232.71686880091107,2.391801042159256,807.0784893936587,26.10485262348481,368.27656031144784,2.8773593268665953,29.11964549966242,236.52579198125233,27.435755151174135,10.776902674847502,12.116286512316071,31.1405645044878,0
284.58511420525946,1.4224936868719618,1069.5681814024517,34.338670217764424,138.00673596982645,2.093208806929623,77.22675568375058,132.97401203045058,24.69876110733233,11.551335468811228,33.93879917602145,12.108129824146275,0
95.30826654141504,1.213849394224289,1034.9595239895878,83.45717902556277,21.893082769994354,8.458870874831154,7.552708602588687,223.3998874021938,31.30499206864372,6.934927461889239,11.554446106728427,86.46591138898917,0
66.62406684169437,3.0327514756759557,1034.112837071294,93.54845135274957,81.69684254737155,15.911567525151728,82.75812174807021,1.2837572866134828,23.300993821770376,10.711305340275262,25.45017227413091,49.34442792827386,0
235.28016232251477,1.010458110106467,937.3987277010715,18.573307200518563,167.47805733107367,2.827671084326804,42.76690858241691,179.57731348341602,25.82796722009063,11.039030879061682,44.390905748249935,57.21468777864003,0
193.61827829497798,6.9216134169413195,919.4015878863509,37.25089315534659,87.85397143782761,2.6064086634467176,59.60639311005951,216.7321567446037,32.985908556601906,2.074132915167129,34.68789601745376,56.94326830948546,1
260.457194189568,0.6229179813006269,890.8747186499578,92.8630562115394,0.090815287302215,12.868578990346615,8.9652231235679,33.53293607494898,30.866335104039727,14.49267037251805,19.731453495301597,41.04931145413418,0
84.94309415657237,5.094221281497897,819.7084576863098,6.180846068922263,366.0006150990109,3.9436596393613255,33.735907835727964,23.070204415716358,26.057165078712487,12.315479206446465,18.623446945605416,19.25299154381395,0
248.81682796497256,9.966968538529768,868.4706090481097,9.236052811137851,337.5517644923716,1.952200762179832,8.970091901484578,101.89742572462934,23.22116753612536,3.0672519179373525,22.786790700424238,74.51327484983999,1
100.40683001193614,8.139702695060189,873.9810904934074,16.279098920622936,296.91689259477886,3.3369715641115527,96.15437228811096,224.08293747190444,25.339525862483548,2.792475536191054,8.852072052995318,12.705626535767433,1
90.91398571642613,6.152194382310109,945.2231209130605,59.521283412687474,67.12583825841145,18.47462791753552,80.72616493262504,130.1727744457053,24.261562238411493,1.8849171836937413,31.700038370799405,10.38737902788105,0
91.06644948274823,3.062536207866117,1024.2333219790082,15.047227100599747,48.145430483994424,16.429425055523815,45.963275435646025,126.58955129321572,22.641339319157808,2.075678438128776,18.207640955230275,71.01450375965034,0
253.64368005784553,6.238958362916385,942.1429485193839,96.80763814507335,27.04189978895326,7.081291247101882,22.36025483236711,33.87026839183725,31.14999370348485,11.222426985430442,42.618267463102185,20.883702045198383,0
216.29930517405003,5.270414639116517,817.3533348341482,44.671452725852035,289.6116755091685,13.116415346547857,93.34551052498522,0.18948266237250877,23.781048302752573,7.044813854274353,37.82763300289081,30.67727513528323,0
180.76635619227983,4.260833838903714,1087.336940296461,50.15179603501664,371.5231842751541,10.745513473360761,34.45965957269718,194.4336217789107,26.812512052516457,11.744012591098008,30.525658204608003,47.522746700174025,1
139.70762103087563,1.3071037674019947,1082.8172957282336,24.66586158054065,172.21432836521478,13.542485269651278,16.098443168737475,21.017895116697176,25.787891702541636,11.193823415253082,18.210111132475802,44.93513167295462,0
269.3001352032771,8.866042152404667,1035.5568629445224,47.09602524347335,47.65626879841926,13.653423049255187,56.31643884539549,152.12395649647775,34.73116067953446,9.069190702578323,10.49659158367422,70.85791250649991,1
148.11127685565884,4.497846488213225,1097.3983704692662,66.19136326370115,204.95712829284264,12.574680301199859,94.37741203448161,219.50794908364594,25.866383662223306,10.295499098680192,38.807593205281144,62.3431793443361,1
254.14985986789426,1.9462251182076507,963.3446998400789,75.11771369540428,139.53276298345205,5.322027370746172,0.3830290500322575,50.07645915802344,21.199737241951322,0.27533586568712687,24.320454949554325,64.43961622818657,0
159.7837271425546,3.677593508772896,1088.8305050759618,75.3868082709913,149.92996973999908,0.7801284152563626,23.812484325399875,159.6654806968586,21.347386288581262,4.676664702075329,11.237501908867875,71.40543306554574,0
144.2361073562269,4.1412975252892705,822.6815121850252,57.789111269408835,248.5322496622829,9.111335639802176,93.84476404104076,18.88765840980227,28.86130582029597,9.567332688891153,9.75873075200031,29.261272742346534,0
165.6699464174016,8.275378955668742,909.7042244784113,90.43597749938573,287.48724530488096,17.819477693814076,17.108596685716204,144.9012345210271,28.990453276073985,0.140174302293663,8.270045225067951,32.233331180047365,1
125.34446854103552,7.336143805614021,867.6143804020297,81.74078473061094,44.24143954926434,11.389945170371519,11.324345163981986,39.34361302876866,26.281384857239825,0.4946541552389011,38.85805981027975,43.799774789555414,0
236.90234504406277,7.693048936413398,858.749925240281,75.70481146986255,14.236092322590554,16.647820834038157,57.01872157998045,176.62885452364273,26.477655384680446,12.778319737055748,11.449359265015586,30.74621730335261,1
175.6800975231198,0.11031264428647214,842.2408846678028,5.560552168046062,397.73212107428594,19.832486859224563,86.18438232948299,72.29551075053797,20.808988742613067,10.260372925381077,26.332113176259874,98.49378689708634,0
108.05317378670432,4.161539981797615,986.724092469799,0.6877962219649314,93.09133956622074,3.2723240827655253,47.71098176939261,111.21384211311509,27.748197655838933,3.9805459968051595,22.577318048652824,81.40519264214296,1
274.89364331864215,4.813441516353237,1034.3965567241914,21.244727719547296,21.53220996338363,13.835552782839645,99.45642566845248,143.86333008662922,27.571092130705274,10.319442601780635,28.980544961414196,16.465468825602958,0
145.97280534330287,0.19192276823056686,973.4895198261082,66.35235939134523,75.95013163836799,13.485871474000493,67.91716995379929,41.1056185598975,22.243239778354166,11.88685003708895,43.85774501855971,0.5594155881869511,0
185.88821527849714,2.598132087450342,844.088812876463,41.119748888254584,15.583138539385688,19.59910894716557,7.407490721044773,177.99307646822902,21.557590791663912,4.601914246651519,43.38736950408653,4.278326824726786,0
276.61802774113676,7.60289823122135,1043.3371309800414,40.24062592993117,156.72435784686866,19.712014679056008,99.28321316819753,72.63368175283549,21.853587358992357,0.5405606624878118,22.553803591242982,24.406345104292527,0
206.05949897849803,1.3710970572899905,990.7864121491185,88.45868882296138,320.9607137805297,13.73357223448259,40.78942367801904,158.96924637906085,21.515423697368877,13.991686870316018,0.7683125367361654,11.429128583685655,0
79.22451017709102,5.353101314525917,916.4497118380987,89.55628481318388,136.49777990308826,4.872295839643885,28.740253384548254,37.98793216784968,29.1456229330514,5.1776975744344576,21.32219028571516,53.33381148925721,0
284.9580309033688,2.152018720172375,1002.2390886608189,90.91752640535857,177.67336275134662,15.971116762611981,55.787918357788556,165.14823820952407,22.94723978604378,1.5972264492705956,30.30967687120702,85.79952227273586,0
206.92701326785448,0.12120774643893273,877.9714937728498,31.38780765150273,270.23470942697554,2.140582684220762,30.43075918208643,30.765137474510816,23.77145228281195,7.377853070897211,27.88823795490309,73.67502209132275,0
133.72640366427152,2.412014575995415,903.5576625482631,69.10558127392618,203.55762802795206,15.613986083432573,8.645750712015232,102.08555910479606,22.603582162271596,11.527016934962008,32.56680529001027,21.560906308219042,0
84.81801816584681,9.758737549100537,1075.245752939597,27.163318127436963,344.5782744085297,18.20392248289393,0.14283430791767193,59.32945769733044,34.36752956672755,3.3247097192633874,7.7037866236541745,39.929925602578585,1
248.506297317574,8.015371118829895,887.1513517014262,19.060983307444978,346.4142700183026,7.656667895368705,44.95833529202623,179.61005986276382,32.81926194727753,4.04235075200045,32.326754939036626,50.78942095312776,1
205.01818898212838,9.595766443210334,940.9964804473809,18.463245734736923,3.964278196461457,12.61270589966161,83.68634222265922,62.888401081649896,23.457422560272814,3.6407248019787475,9.132580937188612,81.02058495033356,1
183.36527299408039,4.878540439263625,1067.0423412188043,34.2107620863594,311.21852259327966,8.602854641936526,57.231518563007654,211.6121535348951,24.91349440883189,14.875095792475172,37.52619903483745,83.91216031061649,1
273.4731457627394,1.097361986775035,1012.3164050802583,42.99576197798217,184.29344009666954,8.755301099762569,99.92072989434408,214.0368507375871,23.148392634574957,2.961056005958138,16.954380663134,90.97183119077759,1
247.14930280613268,5.47959488973693,818.6609678494108,83.09491710550684,395.53621652146524,6.207417782162401,28.68466456472,47.145915653468606,27.378139391912356,8.63280325449186,35.494771669072676,50.924525050287514,1
87.91871993318779,4.543773345599609,844.1909132836911,11.98910934727121,193.29283035017406,15.242592409006493,28.04550647600553,147.3230268018538,20.294157987113802,13.878969624854465,2.3932799453053546,69.4274746435863,0
127.93051694888706,8.44357082739616,802.352477231575,73.49258473948942,394.758378155319,18.723531283330104,15.97494602339442,21.052234012791438,30.070520133451936,2.2034485331666884,20.39300127954567,11.180037123393715,0
112.12228495361643,0.9808258078424459,989.276537068749,53.14549141893053,301.82774448229463,18.81501718468922,16.40635882653352,93.968903904391,27.847372247264623,14.562812968015503,35.25172611316664,56.52889599539821,0
235.98657314316924,4.882411370217782,934.3020276231255,28.794534267599246,99.44195384532253,3.4956256974986766,28.51865960100478,171.19721508030534,33.47958392451655,14.21215851593437,11.343525816574706,24.869180947113513,0
58.38310868394485,1.5004866469398426,840.2824552706827,49.281958453282456,215.35799171478308,17.49487299313132,79.28400452735272,158.2615792439799,22.465890264926212,13.268579805873939,39.764352239861125,43.17168850266111,0
192.47242121782912,3.2467592689005995,1087.3802363170312,29.994206977702266,396.8542557914331,14.748628828542444,90.57567906364478,149.92816065758592,32.06163869091698,3.2183478199500337,31.5389866552466,63.40505083067194,1
240.61467143517262,7.373570773877996,958.897917183686,59.608195523830595,343.01224310076947,5.056748013805786,97.50871697076813,67.80980727898645,31.879415217000734,9.51082584016475,29.378088607489914,25.698593785378108,1
269.19140919043735,4.7601812936876655,872.5679882338668,43.38439228552442,38.94675751648844,1.345692258430291,23.228965409645262,90.72598786425648,21.907717838253305,11.413372094418602,17.677442710216855,5.218505779676108,0
135.52043717897686,3.7588828514576935,950.1810713464123,16.440552907887874,282.5487987239984,5.359945337687559,88.12975456140917,24.707074728068683,25.978388362161915,14.790418922946445,24.12257351905588,1.0233856408757513,0
255.31432616800322,3.944762785700353,1003.8860998205323,11.658307455569672,138.2318343483252,18.244164735630513,32.82550892773371,172.56547690406424,22.55228961716775,2.7063573312205564,29.867465048892655,2.2159535544521547,0
77.6579342388018,4.594467684059866,822.8717653920694,54.66956820721302,2.792904752139247,12.663573497915445,11.28405445168844,120.93331122990564,23.820807506863233,11.490388492789446,23.623105695744524,0.8349737513769662,0
261.61307293362955,7.850165438370569,882.4111445143676,90.24130332861034,161.39238761079983,14.421093217957438,87.00249255201656,170.1037517629571,23.948692622458164,5.082017548906695,34.915666197028,11.035505655787547,1
81.8721655829956,8.920846889402345,1042.089647265198,34.395768655768556,93.90176868998851,5.143047022181917,63.61056346436186,59.74644595124946,28.34354591038659,2.634396983520035,21.68484665534798,23.948871457012988,0
149.32182264009182,9.553346865039282,937.8994611207984,73.30001072226231,327.5477082081886,14.387763111496405,16.47308960810617,77.86517487241589,26.171163976406984,6.320654118207824,10.113659087101517,22.12215141822992,1
249.32384144488842,7.869033862552951,963.9731426096885,65.8661354939767,134.93224353830618,0.5624301255584752,42.98312575130026,80.21168094242752,34.21599206009458,11.907538682229246,10.696689140052362,98.67965941798967,1
87.47935683719345,3.1540689574801273,929.8448006628407,93.1554914309481,331.0094775815268,7.506426915460276,28.725769487706764,6.178178339331888,21.895552129205075,6.972747055560783,0.29018844214705464,30.60061052089432,0
107.31284880816037,6.881347060865421,813.1699827929016,82.09810172991409,0.2391755339181234,12.535066970846625,73.6794568710197,81.85148947934965,34.605382022752984,8.062846503045728,15.047885777933622,12.74207833593991,1
230.56314209826658,4.376031240553919,849.7249339460468,56.660525890546296,123.12766001044766,2.9219313108264044,45.341623062426805,192.79309764432804,23.45957960321396,14.927391153001818,37.44588202392598,54.55625441677579,1
230.00913413651858,2.5467062204605115,933.6624916225672,65.70304982341074,96.46608572310478,16.460071488938695,98.9279945106385,215.35163897993723,31.593109045727797,5.98663949336139,39.70813544188048,85.79574553975084,1
210.28690822132432,8.408715794259226,862.7556396223783,89.83864665840349,93.4269444274444,4.700625976238372,5.474498225959512,124.3723957526226,25.08454889259232,9.231011320638597,10.123377104787501,67.80603767876752,1
223.487111116775,0.38426348962324997,814.9937085979036,39.95187845869348,27.27464790618508,13.045622256368926,35.50152661362467,109.32040685261286,22.14622093125971,5.478663024230578,47.952199843570384,29.60820891354503,0
185.68111083689905,9.017619921354235,1053.0948992155472,32.679470585777736,74.84970816420069,8.103942851506593,48.19001671099774,7.397908487848861,32.8683377786936,5.891784694930574,25.120139674006335,56.161615979145495,1
112.94976472673818,4.614774646247342,1094.3577587492348,1.081108363519634,222.21982795424796,11.920871909552943,50.31335547483198,211.00904102049182,24.632913488546947,10.434611301681121,45.848937450925135,71.48559742004092,1
136.42399837597986,6.3720147680828045,1037.9428621990219,82.65510741914642,116.5444291350978,2.1490110525781625,31.593582238563677,3.1224512222094525,29.882831063402634,14.068304641423252,35.338264093081555,72.81044923677423,1
95.39942920035642,6.593539222057827,1056.1354765114002,80.0980700403365,166.95791293165917,0.3382559984321465,72.9240249097568,226.7400192504508,28.4966552762994,8.135384257384821,36.12167115112065,66.65384552976889,1
277.11264033340706,8.951177407065364,872.5931390951137,10.445451810015138,150.7467521388754,18.191288547606025,87.47470734889747,117.41189968514176,27.076344640863113,11.525998934231698,4.2521810653035566,87.0810424775618,1
195.84794869153012,6.366696821672074,1088.18809265396,57.68573811327003,350.3619699999578,5.392600175343656,93.8719301977863,82.06427845793439,27.437292089728086,1.3380983822544574,10.999556344846534,87.01054583441044,1
150.21285419090998,6.139335847600618,859.0777113360285,46.398169816688736,362.1195996042062,16.393540055609183,80.50933767995262,221.81242436223843,30.983568711384315,3.1673705614789043,0.44074166472363174,57.89365594070033,1
165.50145091103317,0.6665204056068996,1085.4289431085497,11.870909550911147,197.18278866234402,19.987006009444002,85.05801973065994,5.853838346423217,21.31659371185161,7.531974613792986,35.806382023836875,42.985636911121226,0
286.82083490295383,5.18408021945204,1098.4457881897854,98.05682270607235,132.06238012624175,4.228625159978224,55.05453006199955,139.5419747685809,30.022709929368578,0.30017585443162187,17.2219144214255,64.15702955650998,1
88.33785077902004,1.5016900081704165,1013.5168417238147,21.469588746335543,42.720281600945455,5.3034148236671115,82.58882264268146,131.74380587984103,33.43718152097868,3.792824681438382,39.332625803817336,81.82120013704632,1
196.5574580041993,7.374337687214856,1094.3431195375465,6.723418009056115,381.361151752838,13.257195752693313,30.350390914795224,52.6368962907317,20.866822955297962,7.761019347374492,16.946810996851312,0.5652104841184724,0
176.4721697211165,5.122219208126745,970.8619338701311,59.48473795019096,24.09077796011898,19.308972692012425,39.84787621092144,102.93298352405054,22.109800088505,0.22441797384451068,40.966687614943055,99.19970090148512,0
202.86355885866195,6.802277792083533,877.8625349528271,73.88666771330327,119.06011102731217,18.31628696381488,31.69130138185443,156.54336142650484,30.74947905053047,3.9681942933906256,6.53491268741565,18.289377232919925,0
54.52754595521013,0.41672900602384266,931.0987656996863,3.2443446047186963,119.22648046800165,10.057510401311697,46.738733544792545,174.5114872516626,26.559224723669264,7.710462292138042,8.66865783787541,47.02489856599762,0
268.03097723603787,0.8479201604580322,978.0682806136358,65.87176387270222,128.16051445608596,15.902205650534494,28.557961623863637,0.17204608957914758,26.053229312205325,8.597238719718685,17.043826979196826,87.20297348428667,0
283.0295706209031,7.163233880626823,821.9244686081045,53.22918759514545,65.7147373089637,2.714917061998021,96.16114422544469,224.84482322184368,22.05449951816354,13.886275395829582,20.424369444113665,22.504039904419937,1
191.28329589730222,0.7208433599867337,986.7029793851739,10.326500887504842,313.26457236947886,19.548763684080246,31.284462800566814,39.486089374274975,27.60155061076682,9.680184348759118,17.43514054214892,47.67952239003832,0
224.16270596922305,0.712567277652586,1094.3533510286884,17.252387694636205,48.99914478639569,19.28706468071973,9.804453811093982,56.059304213366204,21.89817966794566,6.221037037949906,38.182351626160994,13.258218018117917,0
280.6248452943239,0.1210847523488745,857.0322949351183,56.79742973160805,253.9626636612651,3.2745791575834193,52.68171660504134,63.23362696652357,27.149306844658106,13.955267656996018,4.847569631335736,39.50763253881926,0
226.80965857834966,9.5650139829948,1037.778534886515,29.63576135132884,49.53841068232698,5.988462496062132,5.7099078445176366,9.076832772488475,31.45422948442485,11.773244750816914,17.560850981924403,17.71354547930025,0
88.13476072856534,7.37508359459007,1072.369638133886,93.8315728651316,28.214255037182625,2.0030999501353386,11.054316630858052,29.532509661677977,23.873965368307452,3.000133816691214,41.86199997577297,36.3627748771157,0
194.0720900417033,3.5325140850206416,1083.1104778460663,81.87402294840508,363.7718014743506,5.434351977963594,21.93893891962463,236.72398150659888,27.21179252269591,1.9626354202322966,3.3398538631085994,37.346421679272204,0
201.67876159571398,2.9653558128765525,1088.040681321634,98.3567206513663,76.05150652748227,16.31911578830413,46.43502498821417,75.65201697054866,34.88023954095254,10.137174536140995,47.11717538356787,99.31707895983327,1
156.0326678255965,3.4970322974584955,956.4378916164416,25.967083895041398,328.5000618238817,7.56631214330519,43.32509323090279,27.672261681371843,30.29975635031056,8.398247483654757,49.315842113600645,99.48130293037723,1
234.11105890618072,7.746535311811819,1093.192372397451,96.9723632797977,217.85234844285432,1.7679393429351675,79.96918620027913,25.677902681909597,32.62035156957798,11.845104206891335,4.428408691254004,11.478627866061242,1
283.59175369225375,6.613706110704144,1027.1930621403317,43.12338697915579,31.14260784350784,6.844510495578091,73.94746538841133,172.67039224079326,26.222714098408186,11.082075751180296,14.563626112786848,72.59687793283473,1
281.39212822669407,1.8519556786746794,848.5014308710886,34.751879531375465,382.179276575227,19.627666684825602,42.63182939907013,205.0964793678338,31.51791384688783,9.378173007862726,18.62003330176781,5.174547966910115,0
162.70984285103305,1.7410933533408435,943.070031940391,5.034952696935324,98.78446679675702,12.593671905184058,33.37042075756299,61.66855188203277,20.60763759411983,14.795732574433384,38.8195684326363,3.0192015337188627,0
78.30951146018882,0.9839564971339732,1015.4993526116011,5.276525785960262,343.8581381410426,8.323218928123154,31.64687840614986,5.018282960456393,21.843667738133675,8.00384595165613,29.79634060583669,10.53338942449643,0
296.21029974058365,6.603027197013382,874.202094745725,69.20112559466547,67.52400231382568,3.3307702699454,77.3995087294009,53.54160442688539,23.046058893800932,1.6965863475257974,32.218285024628365,96.5485657007934,1
259.7245216114835,7.643726622217359,992.1845550646663,45.79289944340279,341.5771528567411,19.723535945673895,5.2072406221269745,13.56376579122176,26.029278869228293,12.424103472239825,37.8754911409253,94.08635478946974,1
81.16567030081671,2.6504642832500402,999.9801437139857,22.65216260361057,5.291525162117594,16.416980185262574,1.2821649510605826,24.814784791209963,32.68617317488645,3.7778004351856347,5.898949971851286,19.392782028068044,0
280.2104706543431,0.20944961030912812,848.8099231425698,61.39703063252326,204.71218262779226,5.629546049018388,79.5544391926648,103.56194876343417,25.19399076181896,11.659532222158774,41.66047284551312,16.16723355537115,0
267.4740905155321,0.8217166747642735,969.5255937358269,25.285811825011116,307.77703176862275,1.4013739144237891,47.71463759890493,55.18040900679182,29.819317902731942,14.356606440000771,35.2809902090072,24.0535086515947,0
179.70951428151804,9.678600348450304,1031.4880732935824,57.76317543444226,373.9182069971133,1.1325111475511607,13.088113855357598,123.82701084610162,30.63971442205225,10.451932709465119,28.867086259818514,51.554699407514214,1
197.81885893623232,2.9544477747742026,949.6686993607825,35.92087469826903,363.68085448259484,2.4075629901106765,23.556593459450127,60.838500781725685,28.79273531132512,8.940452414247016,44.486766739152834,56.97046320354099,0
149.75067596753257,7.692231478381336,803.6309350328322,82.3552226611819,327.84994781905795,11.615371672288433,93.25039530973825,225.72895226470743,25.358629522552043,6.905792635125609,35.01531769419036,22.159343043944734,1
63.69040970550783,6.2466356885426375,802.7115407237876,82.06961607667793,355.2765398645216,18.575268424109847,85.9502975624898,217.4265523023035,28.655800125703166,5.466147989931049,10.08499813155127,75.66227880899451,1
133.79931041147523,3.8193963965289592,907.1088031910036,47.73503981224013,79.6878743348306,9.934868560119689,70.97850502239726,136.03346520251185,25.133983891846192,5.295071264577544,21.487269053783336,30.955316940265078,0
250.71336214950287,2.0568726219555513,1077.8582205295347,35.08191093350156,113.6737182846915,16.858909649123945,48.22252303373266,85.06175807697268,21.258106078280182,9.54559058564386,24.702143346786663,92.21313255294103,0
51.15800575115072,1.2138641815940643,868.6030338810826,36.25597965590946,115.5874099684234,8.917732397196156,52.032362619138574,91.47525168833654,34.89205967279022,11.269096754066188,2.7608813375202823,65.67227064567305,0
133.37479292278604,6.150129680388666,990.3091066615061,80.57145256682179,150.8215724006795,14.171670915356504,97.52445352839587,98.84454795467927,21.907736804487662,10.177756042266216,47.731875668002786,43.63511943036117,0
149.54217339773584,7.74633780637788,866.6227612079962,32.8179482797612,157.3282681540755,14.637454745730016,96.57704438842872,174.61903731238658,21.08522575754086,2.976151517903441,6.4288630398439235,78.99120017028454,1
184.3489007344807,6.439042535411307,896.5009968978645,20.9059373706846,217.8221298618702,3.479274118066773,21.526904578583427,108.3933589245211,33.177961238107336,7.409807702152368,34.87306336133634,81.79146260466648,1
279.9639041031901,5.303021332491583,1054.4126268804453,8.468834187530682,63.95190534657655,7.224321179516235,81.11045663053181,205.61518716141538,24.527519913393427,11.874601082745945,25.31155180454401,29.048160560894367,0
136.5864985914903,0.41951223431636264,1018.6584326809841,46.66931208844084,276.4986655143957,12.746043130760478,19.72426661670168,226.5827486232875,29.754454611102616,7.1355611728358435,1.2816124942211293,33.97145438360843,0
136.73830047405693,9.684887775943839,828.6197831939631,48.213209891984185,67.0266157218026,1.4139321636873237,21.35374778839514,80.62707681094412,24.93508594493349,8.049349196032408,46.23737379321808,93.59551537286033,1
234.3753120274371,7.987141916545745,928.6106062959301,84.09087104029072,124.12339284181901,7.2308037552591315,67.60930341645768,134.56667553016322,25.871814061917068,11.567040722562332,42.59184044094666,16.474103836327192,1
163.05448522245177,2.928220367009647,808.7509290935793,22.123869644606398,201.33805224246163,10.695989325623849,40.50010985875484,22.813568839815463,23.931694580251946,9.918979593976372,26.212896395191777,4.2150416962934205,0
106.1512057349955,9.799703293588507,944.2670439809027,38.099127366839994,318.5762246093909,19.924489860892773,93.15444071065203,48.11257146392616,25.145660086895152,6.140173813235889,11.447116806972263,45.405532260954914,1
163.10987903317334,6.018815896363221,998.7302035103204,80.8405738893691,295.7876932954909,9.490671252448815,8.900973489600883,99.23178401043843,26.160506008798148,13.431190667913285,6.0811445340047126,80.1209900243629,1
85.21425509494996,5.824226582072464,835.5507870794455,82.36236107489735,258.2137425642089,16.321135142286472,51.152564080949304,49.48865181642692,30.806241036385146,2.438506029952179,18.16962397160633,77.16681063107458,1
94.09674662655583,7.4807317942953215,886.6654816727497,38.46110759787682,62.309304232068065,8.641345701332355,91.85215304431212,210.3745177892922,27.673042913521876,14.932746728854871,12.771414052304525,91.95306289128325,1
174.59194318486993,8.117697880901375,919.3509876506471,45.91240232866809,218.8181382462311,15.927814452394177,90.41136604795051,37.98870145418354,34.15347825735466,1.7827886771435582,25.334560050314934,53.32006643690402,1
154.73136237613699,6.564786073315027,1075.859307396815,30.328589084928293,34.97860071995418,11.908296032402168,15.652921341574121,109.35859717274207,20.628205907581634,0.22424956656358352,48.32046480617145,10.006467156653331,0
278.711475267025,1.2809574636620003,1097.9765046268892,93.2554878419312,150.9452707186603,17.731908830047967,36.663770009645646,145.36781771037016,27.546024839480424,13.350283517231471,28.74767466148207,58.86889743360161,0
140.59847477915827,3.382675059944984,813.4733896986847,11.864376574158031,165.40661211598368,8.218851047002198,61.912140004669624,166.04733795860267,28.76337183247577,3.674302625489341,44.49655279450489,77.83956143532116,1
195.14708756951086,9.280836403260498,1028.3023770486177,93.374942300147,15.92457577830153,12.086088396429577,15.939488477140218,91.93664873436161,33.80295479111411,10.945494411700814,32.543941874788864,9.33281202698264,1
208.0660719798826,2.2461561184385195,911.5172199207029,68.38664518353433,109.59523978798873,12.600373612376547,96.80221720457386,208.58377649393483,20.737377854321412,12.16523062398104,23.76232632936002,17.265740109758976,0
53.27361414708341,3.7216702383751334,917.737455868844,53.15721526867312,382.25978690659576,8.347658836009465,91.47493287276603,136.39659625870212,28.60249377402824,12.884795865481752,42.73037813666856,1.2290661155670901,0
215.88434300417765,4.32076882944196,1026.2794920041067,3.2659060784495875,381.4530431318758,2.8862408737496303,16.695017903446917,105.48186730741243,32.80444892791935,14.873913534962501,23.568405508649874,59.36525794468104,1
94.50899171743785,4.394049896944522,1075.5279296436227,47.55961918220083,140.93082170101573,1.871188138246711,12.115546126098542,16.13775217248879,23.628915921788547,4.410595650599986,43.43140852551805,88.67343919459044,0
290.2675793673638,6.129395824945255,1085.2785783507645,40.774810500273226,17.240043579329623,0.333431011992662,8.54084828082653,111.5254724268396,33.14438522785906,10.653650128908886,14.578838478788263,67.06633160020995,1
87.16568193827824,9.430758377447075,973.1367758114962,16.121881197512256,71.63797573127262,17.47068528490429,90.94436640366311,196.97660179577525,20.28565113911438,1.7309978742124232,6.440653688149406,98.2040087590982,1
153.65603093175594,2.40692711832505,907.1363477901508,65.6409603500657,156.88711737341606,4.729498244773891,19.362380979546078,147.48984437311572,30.986819437005945,6.102139370352741,42.76572321814692,6.3033652499761565,0
71.33741701966096,1.2150137630091806,1036.2647257576339,97.11509073682858,379.1118791876919,4.230134985635361,41.62849285443547,199.7189888949884,33.99669831752979,12.719575399688855,29.37075818963334,90.30010851514962,1
299.21856296148684,1.9747048985993731,875.30041497869,56.218881106452514,56.479625414873965,14.72070800852131,44.8851365652003,118.56280094383335,29.857964924600935,5.514870690886625,44.45461991244801,81.40682873866807,1
175.54875258281066,8.869249002092696,969.2222086500553,71.47532764439458,305.4063374672849,6.400322261747835,59.901104421356756,28.43080922267564,26.585438659706718,8.86643070803421,46.89136034961916,31.424152049950493,1
198.84625433001094,6.458108126552061,907.573538457462,6.845045256601678,43.47301574987683,10.120893848236731,7.173534374742497,3.273563000611457,20.67321524709077,7.556601655869511,2.6814195185724587,97.35265518372518,0
66.76911934710687,2.859067892391601,996.9893221123629,41.76669958169947,392.5030309565107,3.250221305949126,22.675861740051594,72.7726912124619,33.80170719983943,9.689272966680676,25.048465092943417,28.793774817141504,0
237.49011759979444,8.159469389686173,872.1196738680521,11.635848516449588,152.64659964365399,19.194914429239386,93.1490386918926,167.5177131594702,27.054443340373624,14.593415840815423,18.748227453726464,88.93047238282185,1
102.47639827389645,8.61369996363436,857.4778837204477,61.27958355365104,310.0938155596224,17.031628000344746,90.84101072685695,189.6623769460065,20.43495116503922,0.8360328975210318,31.292919853505857,88.07485770741894,1
274.51357236017844,8.465143386902781,1075.4717260026312,93.84821582141547,137.03643312445274,17.275792459300064,78.12906474056922,70.98068030887906,30.34731606993143,8.609422762524446,39.67955986011618,75.76576166029724,1
101.28491012050179,9.189265336395545,830.541104884861,66.17777324716386,251.06755086352348,8.135474971440104,1.9401245618215435,118.95694101197931,27.227558803643873,12.94543168875427,14.029510798718448,56.347047381285186,1
97.67193016591665,2.522410201733616,951.7873723204796,7.680304831442153,76.8064338960147,15.247224274143456,32.70067684961021,101.0685370641796,21.86517976163616,7.220740676226413,27.839919218658583,12.000274961688806,0
59.13741696202372,7.550419287462783,866.2558348889027,35.466620498508284,58.408407718785014,2.877523107795603,62.79587353429078,98.52546824434269,23.214077139653895,1.1779077891235923,35.43642899524498,53.197173449649824,1
168.01673627749983,4.6053949727414,811.6789889977002,55.066337944085156,375.2256558272525,0.17238005183560556,27.519021177347568,55.523691168036116,20.967360206837693,8.408090286251563,6.721554141786701,35.67962556549345,0
191.2102833156541,8.419985528900614,810.8056454874279,40.320775613325225,367.0589111617734,0.3994586515605625,90.95866950537773,32.72906520707001,28.614403095628603,4.981108362357307,40.703345297563345,79.22170331553518,1
66.4271598570881,7.284906771616132,852.5665316317481,83.36440104751723,354.98757608515297,11.732034748091209,63.38894618324419,47.205253975491146,29.33044218878014,2.3241267800690384,30.305479992648653,75.81292064968449,1
243.88190417375264,7.764474464997246,1060.0311063518002,81.46710047099891,250.17338006663738,9.107898104958815,7.19067173164456,13.279772919203063,27.586134475331665,12.735517699252096,47.47687185568259,91.06125073726052,1
163.3222086870069,6.561618376810715,884.743623193108,61.183102010322145,323.3072844865113,10.360306978170396,90.9005588835703,47.55137803765849,32.256531995039225,7.823992694866824,16.976445956534665,1.4830162431707872,1
181.09756733189502,1.7742876946970687,1085.1377511725887,37.345794513270526,27.614774764549963,0.1492628083443881,95.77666581762226,2.2082154300910695,32.915132319620206,13.999146185686,5.407297116859933,80.91032168230461,1
160.19068673455703,5.450269188969383,974.4866878967581,25.533637376324414,133.91561675627167,8.453732393148513,7.771241839172549,150.54201615263477,29.2343659502469,12.090247569046037,25.325060051846265,93.84620531246688,1
150.1907652188315,9.846697395245082,930.9842569306298,10.587431821312931,125.48124990286249,14.361363224017216,53.23602348613149,75.9300977730439,20.19134719561146,10.39457690660501,4.290538585471943,78.93004491081501,1
189.91008282705448,9.373880664971189,974.0266504008364,35.4897683486554,254.2581287810453,8.853874039348717,30.336428221417044,233.55473074245808,30.428444836216034,0.07538255047967901,48.47632616620034,13.01944598703667,1
88.81006148267812,0.4317373579701167,955.0095155678803,41.31725172077195,142.3831093882562,14.644384126244445,39.283907648140236,46.49209218631149,26.269988253805273,6.417351849573749,1.9342479128595769,8.127910484088774,0
95.48203262381779,1.6481481572943713,1027.6328761271975,67.58229251040736,59.40271265747232,4.660379287936696,17.965121795534188,82.99885687430253,28.483362248395807,2.9622942247804844,37.6751950553654,2.084523980770081,0
265.44640525337934,1.317287734545619,884.7488197918557,65.81598242975734,238.5868301654175,16.26284008963451,57.807210201241254,85.88187807396797,29.736209030283266,13.661968665733017,26.255119907112203,62.8745225828071,0
286.5288655334082,7.259799099852955,905.9151174800907,7.0108139641256955,325.7535682676326,11.768624809069046,95.79793532488907,2.0283590549905295,25.25354921490615,2.618759770145404,18.431032624914433,62.96726518598873,1
143.32732906993823,8.17785329856945,1068.2282907599752,39.525931543115775,152.84939778398928,4.215261988598124,50.30726002716091,201.40990872947015,33.756477577576916,4.290900774889282,3.2921082254327327,98.69137142182123,1
117.68616828588844,2.1351136631067194,1083.9369539451216,18.177886721736193,52.90748603939268,4.734409517076658,8.291458139448116,7.678670434637933,22.00962300124672,7.752551516017487,31.108346208680388,39.804317410409574,0
210.99988580975395,5.05852692951829,1067.7674682459424,15.68127053168057,78.67527892512922,12.56060929139074,62.000133347740835,225.64316033501794,30.07267710921556,3.9504542849711886,29.261016469547762,33.19062848974967,0
152.18354277452408,8.407030280112,925.8343981871941,82.73021497372459,94.9933220677536,16.598791864248867,34.022299445125704,214.09784426246895,20.065393699348707,3.1479701591868174,14.044163653379988,62.44249271843925,1
56.346588915086215,7.328015447662506,1034.1096509020645,4.191521671625753,119.9590371978145,8.312555640583103,85.59251895912978,128.52525986063125,33.86976658107771,8.986489876541286,45.511085070515605,82.5608672507594,1
89.03814934154758,5.422372054918483,942.9007199903297,41.91828759021213,257.11802820252365,5.166008582551845,43.467814831647026,130.4629379787101,21.687561998571372,1.3339428413253578,15.205500367141845,93.67739495230019,1
228.9930572118494,5.903476904587729,949.2619556438307,16.82036557665182,240.3781938150876,17.34023213821201,19.28396089422456,156.90670150947753,21.423263452213618,0.8725163808138708,22.486270529605306,80.31241661790386,0
214.73098547753784,5.0836054691628,861.4040327171851,87.9330215678474,278.43194462681566,13.385365835016698,19.110562269114496,92.89200286437287,24.995114495783664,5.583679427791071,27.188122795932784,42.66739806158048,0
56.773998125870875,2.9754845131882055,977.339090977555,55.704051327503514,145.00079381260525,8.96170974566153,76.87641807211604,155.3333480154853,25.60349429058621,10.809966817617935,5.011593908814305,63.491423531206415,0
105.49304048323737,5.650219928590161,855.8407693260044,23.1380636376848,329.5990607519913,9.758003905586037,26.55875983073599,10.744413285236849,23.214501084843178,8.32210137410922,46.60808596068161,85.6299326716117,1
107.76869914701786,6.888853020500907,899.4694097201582,50.24272871663764,81.63506446230411,4.085129358727928,76.7233394159223,12.971430563934376,28.77682491390687,6.343147027001683,18.726807622552055,49.060968831173945,1
217.9731858996821,8.733229158608077,1056.5090604859806,73.14863597031159,187.61629900726157,12.536052601296879,20.58873107665994,109.73530070869064,26.643711470629455,8.486273463368736,4.038960693717181,21.66866437053927,0
54.92763443859104,6.362913539792481,862.1227427632566,95.81180089194338,320.3754886165721,7.174850210857773,32.16863687013094,131.90935226544838,20.51263383561631,5.481772269799104,19.364558683766496,16.972343974787297,0
76.02714549614346,7.61121537043158,821.3474855520299,22.044600424541894,72.0634590930477,19.912903533486986,46.54869724396994,213.07623368059657,24.794780933829507,14.042195031481693,30.010127354629034,0.01577445780567288,0
249.97902134329735,1.60071634954573,820.7022777838449,88.61817721293451,43.94524549631318,9.603670305237756,94.31958496934507,25.1185521378951,32.15649370359756,0.8235733636616149,25.682633591066477,71.82379949812842,1
94.6361655135834,4.6155747441978985,1082.2353561509324,93.43041141674902,353.4735870751959,9.717712123792264,93.17314247538246,197.43550252653344,30.345523022928028,10.100872185447528,34.7270987018637,11.10972088459905,1
213.18652696296868,0.09331619827093296,952.0761313885504,91.64205445320663,137.17186510367836,11.317035748213438,20.68718754222878,50.4113609500967,30.873062803698208,13.369239972416258,2.7741971033955313,24.383909969594043,0
109.54569526168163,2.46678864521623,922.8236215451055,63.54143568619099,273.5480499636128,18.335120062374934,35.82190412430728,94.58007564240765,30.471753861252854,12.058270631028801,14.227030513602806,29.787633152279337,0
74.86034818983629,7.264617151130048,1043.2635743023754,62.982065443470766,10.139441705575392,16.016361997195006,14.939938845377231,75.9845843585791,24.664595320745498,2.760615522321701,40.961528842005116,56.037986013676836,0
110.79304774986352,9.918099513493635,1050.7477783731547,40.32106331838228,276.01875536377986,9.022601395956828,50.998507931349714,96.03726548769575,21.49495883115164,4.438895234704326,3.994684389568043,39.795727729576925,1
230.5667329639148,0.9917809958721591,899.6573099346814,75.23978823037879,126.4405246187882,14.373985319455919,46.05825506946666,36.11891953742053,24.08700776049644,10.755719080606571,42.77429773479788,67.46739920231619,0
263.9241170265714,4.0149431586128825,1008.0854172421385,53.12940183509319,22.296341434976696,11.724709975615234,90.07601624507325,120.85681785685318,32.47677950277739,1.264058387711483,4.594804603855312,5.5638659328702715,0
257.5549661417479,8.000709686991595,1031.336844755566,67.74380712282945,243.9251046192468,9.847340974024979,93.00053777910726,192.39422155952815,34.70706196674607,12.177925497488761,41.72271074458481,12.393919426443944,1
149.2958824046137,2.0403563462889887,996.3952060597863,42.84579038487954,96.3215264292693,3.8463154556870105,38.35673910072921,105.96816249093527,27.407705221123422,10.783604169071856,18.039420053936333,49.921150353326674,0
217.02128414266153,5.550849493022863,845.4785224400298,73.14964640431391,154.722896820752,9.27872526909782,49.173794301898944,117.74725821556778,20.145505323845633,10.944099738530138,30.61045316286079,33.69647878468298,0
101.24607385395524,7.330712960296748,1062.7649250551171,82.4471517604549,32.232324914605435,4.916371740451493,89.62362491461332,203.70422046751543,22.100672182013437,1.503620554013871,7.644355782399908,29.58133627513597,0
123.28693256525331,6.159854502601791,961.7283658208027,14.64362566028161,58.86530043797813,18.296842997033092,80.67078077450614,169.4539475131274,24.831208629743987,10.766408172243462,3.308436086259042,6.702807903752273,0
274.08395463027995,1.8802473461541613,884.7417279110011,83.2929715574228,119.1908941983375,6.708136269926939,0.3656311344649277,117.70905804474833,28.678780228894247,10.19727187829955,10.796910201006755,89.57191747480014,1
53.25048087768401,3.553845686857394,927.5684556313082,54.029653179030724,35.903800224062856,19.045280290667446,32.00595641835825,61.84695556540312,21.12640468707971,12.463837362327759,6.392690895434777,69.18185861250508,0
71.37713271361702,7.837917844853973,811.2713271196723,84.46659090902243,364.33050587452607,10.661105801894223,42.17742419361259,212.382419242792,34.15035948064822,0.6239393438470425,15.62029488398159,12.161815681964939,1
101.97156378650683,5.542265141320167,838.3600403667252,43.13017063410146,2.418817273591367,12.630887573523207,22.97162836832317,138.484896405734,25.476255099266012,0.3466600270168829,25.71916232555101,6.504595773714062,0
56.63305096845493,0.052296135429127366,1029.6640251547583,37.904048538303506,193.54408754572455,10.858808889786555,19.957161589593873,53.075426426566416,33.68876326887234,5.595106498178411,29.437973178250477,97.48725334312431,0
95.35885877244934,7.6099076002809385,800.0034904266098,91.50607325172224,49.29898325302058,2.587612339334018,3.7784506595679668,64.58874063312248,31.707827041355326,2.2318242577372933,39.49340536898715,68.1172550439505,1
195.76039024242306,0.3531135494023907,924.9697485446876,25.11692675484013,123.07163579117942,7.516424380158819,64.33697250697605,192.75194134469902,31.331559087733716,8.375767163553329,32.81199466241793,41.74560710937415,0
155.3561376481245,7.457337827312322,956.7530543256765,84.42123252861431,370.4238239273062,1.9829222455524786,26.251029048316564,10.59493490098931,29.10079369673348,13.760233522601233,30.43791625647765,70.17310407557848,1
273.1679277692437,2.024805601652374,816.3903260002917,48.40205725094041,64.67782130959475,12.459080883667635,5.234717843131309,238.1021248869168,29.401757255777667,5.872195955010236,20.58910137428873,75.63317864801591,0
254.3608904346102,9.580734801193802,1091.9234488917,51.40954425512597,386.332927887333,8.93748390400878,23.097931052806363,31.28440313155003,29.570048528243724,12.674255659089063,23.690421748006933,77.99622023887794,1
135.45433792446897,3.679407513020845,867.8375993749016,30.8468281489484,82.31775079576869,15.559699431418736,80.19139528361265,191.056446095265,29.430820805383732,0.0036131177679971094,20.726041469509056,47.787730565305765,0
114.85585835782312,3.269316163380791,891.2596158908842,57.30422006190157,296.6264433867318,4.409409619987397,85.14891816465466,94.74607602520389,28.30592347097542,2.527719651887763,42.10830150306916,42.9882758124848,1
144.92310204181672,1.4888805033244468,891.1827536765082,32.52111962762113,218.6709059589247,3.2913211685866983,48.30662451933026,118.13188398899204,34.79621027724333,0.4563530948112843,11.500022627419993,1.102808426890034,0
197.57373562870194,3.0560421549021486,869.124998635205,3.926941424165231,353.79149103870367,8.126644619275357,41.607067040868614,211.35613859149868,30.98435851138544,4.922207707726029,0.2860465770982312,92.6557115141838,1
117.01591020571907,8.766507618282006,800.4421466258934,27.199860534435604,221.59730220125238,18.531707664367623,97.78536935017817,99.09868550141118,31.654195825887818,13.622843935447543,32.565994861311964,60.33078783889431,1
206.0372269622835,9.963343376272473,1018.8034382263988,0.6379043406590679,213.82368766252347,14.208436300248234,20.05646595880699,128.99850088157626,33.08694222625511,1.4542818539848161,10.123109181941569,20.31539371899681,1
152.3529130478101,3.683095305068483,1090.0536499397856,97.83547870568566,78.18320014735995,8.378472495858373,21.535928285460848,11.831918978200786,23.23459644088774,9.096146651157005,44.505756815490464,91.96034194214366,0
188.01179521299505,4.486106309545425,867.2880449855136,96.57472098197475,66.49174482066348,10.34544339508621,29.186717703639975,0.5633937281887569,21.25706238642591,6.772439086791663,42.9523164853328,91.49319017702963,0
159.03163228382917,7.220709382027371,998.9141575410267,39.5155297472305,366.59566044620567,1.6842602235419668,17.275731828108732,58.751969520414214,27.243416548978978,14.077023185487187,3.8363685964102947,98.91841643660959,1
123.61643988547942,8.861957804650745,1022.5688980876146,72.8370854339646,131.13527954001364,19.691517927522263,37.93655982041866,163.33994230050416,27.711210434289097,1.8377871380564077,5.319420270703867,87.40565631389788,1
287.11332674053915,5.930443341867841,1054.5276137271574,34.580609841042495,148.83290198515837,13.32814609389838,91.08342269897538,29.10357440619281,32.43772669924876,3.180417757533434,24.758579612333314,99.77843878200648,1
240.90144853994022,3.9152569817782936,926.7887591040827,67.1093157085976,303.9294633713554,5.70808136926845,61.534784062857426,27.302870113091863,26.656753689235035,0.4431295291723991,30.461133138467734,24.468618812327257,0
85.02829394161313,4.126218408486237,890.8792716921288,80.54300430459791,135.52939296912294,11.716167884304888,41.19465486122637,98.63054592861678,28.56279538316469,6.509028744470607,13.745416874112038,84.2249585199234,1
267.1169939744782,6.956181464968068,897.5885402069093,94.67562446922408,380.8249786556011,2.1896473213798795,93.44107945712148,155.48088926597435,27.906064077701874,4.167493493469815,35.839885834968534,82.30283087957645,1
171.8577995623784,0.032182636042786816,1013.7863999295539,40.0212275849672,295.1711075995201,19.31673337615167,4.846423247582232,170.89727813950333,20.573041756360865,13.048589008354814,29.745801045943576,23.094035922073374,0
273.6380567235228,6.195893374598407,1045.0338399516909,78.32979829560477,238.971697029368,3.4956997576673188,21.027617790186138,42.82816178360995,29.22822344895371,9.074112197966326,16.241205487427735,9.843754900099078,0
249.9638139868288,3.554930104413574,854.4841903269808,26.59284506321188,352.358064217901,12.960606361104283,56.5888605101759,19.10115536929019,32.42064928661378,9.211361069635526,1.2685744021157797,97.94205136775996,1
156.30337611730835,7.941973312770843,911.2823024473296,99.03323037936484,19.842363339793103,4.909089250778608,61.55526231931792,225.6952881469306,22.362508221137055,7.978660453219536,37.507514064925886,29.602455152061037,1
55.61732708002935,0.9299063982313216,1070.582059024745,2.5769598764351143,102.8250768756835,14.351227652970715,3.9557506562613143,62.55993181490442,28.914976008898936,1.377755058438015,10.737683291254136,87.0891790467806,0
117.16933984623653,5.882022669483905,1042.0080559084217,60.3528806501121,186.01453368836397,15.53642734480562,40.30387579071322,204.8031594260937,28.904158166696213,6.675280255880328,41.72368717313142,0.41271546746038945,0
185.40855366521674,4.809728898861238,1095.4575208287429,65.95059816513272,90.7914157886084,13.468394578228652,64.91539648308728,207.23794811107638,22.46277446084538,14.992577845627748,21.01451300271276,2.1024807219602204,0
208.36955495653683,6.423255259052274,1026.2744779046243,68.80455570741289,297.56207492086077,12.28998920510385,69.80705464034016,185.40542202301066,21.85195360596104,12.528439362690222,28.853872131588272,46.58713086963684,1
114.47192135830058,0.6485359448296835,917.9585603083767,12.038757878908902,367.68321242149005,17.849381879040234,63.813990251626926,40.52006559661682,34.70077914464727,13.40188581250674,43.64743652045009,23.871468393506355,0
84.83901851820603,5.799837874281312,977.1913501983913,93.85297834731304,169.50804797236935,1.5725342197951608,32.05632243609246,197.2323502210081,25.905787544795565,12.348395388697492,43.18115004599767,68.98412834359642,1
258.7325591998248,5.614845879595237,998.3042762741961,18.11832790500828,136.853040044758,6.618295315603904,9.352012359790951,184.62013421798082,23.41132593085294,1.5456254014647404,18.575978762178664,56.556432556795436,0
296.10054517588804,5.606600944161709,823.5367448951372,62.27534032398411,384.6202928550265,4.96574959261692,42.71124464193341,143.2135176254921,22.569868166815624,3.4117238109719943,10.444444635742157,7.7485797450491445,0
181.42254557567145,6.034876665964548,963.3490877311596,22.267607912308495,177.94097313101634,19.76027924130843,12.875443736805547,80.92848844054866,30.014025703748526,0.046824770346144406,38.75730388642973,16.262829631571705,0
92.91982146207587,6.764679372263622,1012.7962485417829,30.72164170212709,195.61936017971328,7.78779559333747,94.76236585206671,63.00206502397059,29.141679459909184,4.552651873171672,21.65401018010656,38.80492700584143,1
118.07683162984223,8.049889996807698,850.1963912003181,54.645854172812435,140.65994893676213,14.652253984807974,47.51708660226283,29.253410899286152,29.65328184481126,1.6291110351973885,9.602099677950203,18.560406395543318,0
54.597669136866685,2.6982072012821434,1034.1895152276672,41.719341856457646,363.8193892048553,13.694503277620091,31.725917435686757,122.34169605620914,21.320090412671785,7.091900179523745,45.22126711585751,79.22223472439286,0
278.5747016401248,8.250494101800621,975.1318341542335,16.02256009765063,227.5821933127403,4.2416247495475545,76.63040711189001,140.46261012236317,33.403018752476555,10.156912328608529,9.905209712054369,41.607023555328006,1
79.43777072253528,4.982556822634536,1085.6665357092784,17.093640242084827,304.86983487265786,4.779953604231027,49.79485925822639,86.24135772378894,25.838995952135726,13.117579425571156,1.290358409561554,9.343186684249927,0
194.1291188785634,0.7705827913433116,812.7266894620675,41.814478816279966,324.7226873403545,5.625691271060682,31.003402401245005,114.08617624340846,24.700541096455368,11.238257476363472,1.0139986883709984,48.434290227212486,0
118.5138051718015,0.585509292439792,879.5978412666401,75.72829782755008,136.73961676690328,8.222545565187584,81.19677423908017,87.24346976862401,26.93542170871609,14.078783936677578,31.115767822713213,9.083818106141416,0
188.54450062894836,3.3423831869606078,980.4661637899472,89.79646468477885,173.47773252815202,4.686501313010536,86.7152151001122,153.8414537569683,25.850990986214423,0.8084743559068319,33.08375303587652,12.893730541981718,0
212.85509708796604,7.8489697711146755,888.9679736617792,8.412766225938284,339.38870976250587,0.3930296549369561,67.3008166288677,216.3022098711752,32.95365504708719,0.1826975312481216,15.552085252849196,23.96098320282053,1
257.4354509268004,7.076809347409157,1014.3272492213727,39.310390755940105,145.3021406703241,17.58786113614391,4.6964422407667294,39.34086289126677,33.93891462796838,9.92007170754319,16.00054946235317,85.95277052474898,1
101.6053179401508,7.886149646724064,1027.7015847565792,10.024556372287662,317.5740533807405,19.31219662761768,56.632288016653206,91.53811437674962,24.55179824674409,4.340286153333693,16.97469575299714,92.46125323329719,1
52.74895716462012,5.172690564416094,830.7547892199424,1.6592480632597884,376.39692902977487,6.831407740631359,76.32949119972817,33.80846494820672,32.95903711189932,3.802515241586597,34.00792733794393,82.6257729332069,1
84.22140751720181,4.401989979554905,954.1563392620303,66.17186826439566,249.2841492272028,6.770137588509457,13.650301208358218,149.98650489787968,31.722846942996007,4.963306315406914,2.9066895513414295,33.40772174178473,0
275.00466046202627,1.4745252670628395,952.6671666773168,60.24494419665878,296.65091498075554,0.14183625548741974,22.867075138460336,174.92892227726298,33.962115085171426,4.046940868385462,46.45581763456628,27.244644110883165,0
268.4725193906288,3.2819275360931153,910.7842310646623,16.301911381488623,322.03892481645397,13.605013766607481,88.24951050681365,223.65905582338942,23.686254682788316,7.6715460945238085,11.126052208872322,54.91556907902392,1
199.35327554257708,4.340193661738753,1079.8774587709017,23.38128330930641,338.015859558657,16.508797914972575,2.0121721853074037,66.92926230263157,28.654387251814686,6.602226708361988,49.983660262104614,72.18531605331123,0
200.12921510841335,0.8860042967961723,1048.2518959619663,2.370775364451838,158.02133514271839,2.9321660072000633,75.2727137825976,228.05068940770323,24.118168771106667,7.686428270649845,8.57613468935935,99.33727881601749,1
216.25916863656386,2.2061195271121123,1009.162814572891,83.49472056944037,20.50538367039927,3.193326987343015,47.37732925144229,15.183041236961952,32.361417357265616,10.090704172506543,38.577322865618875,13.157071187892623,0
93.8428196558624,5.982252940637388,1014.2979907204992,97.46905960485515,160.75050849469582,15.801664999428755,44.677215883960685,144.72332720750117,20.079862858565964,5.806957634567224,11.170627246481251,4.929199902380443,0
278.60298648123995,7.356631142391898,938.5148431439358,13.545953679469081,269.50249191363594,12.325814967082893,0.7096532494887176,13.711852642399194,28.47228744329594,3.769615307132352,4.042340082162699,69.4355888995271,1
154.69263122301828,9.983475113929497,1076.2983563289727,23.147521376529813,180.14015431231712,0.8972111525543403,81.93982309664928,214.50580506286676,25.08805146907877,2.493008052131182,43.74666621753244,83.22257835039055,1
145.78463206237438,9.331133313435577,1008.3786281759856,86.8409523946934,299.5852603441594,12.450939809245634,35.98249006365665,127.15417369681299,24.840255606167304,5.242111792989383,42.93756295954459,84.63487798664232,1
179.7294263207094,6.425651995351915,1018.6943184967449,92.64637979561849,142.79297178746555,6.178354456875321,54.07656313005429,160.64360418307106,29.673594857973754,11.127097128692581,20.178519622480067,67.84635490771606,1
61.74149169376376,4.21248053294072,1058.5072711362036,41.96273828068103,253.89765644161182,7.374503109416919,67.73006863356595,199.5777422185086,32.772266739709906,11.350573651672043,35.11980712702134,95.4015804119187,1
91.57084218901986,6.361773647082327,882.2214768026573,5.062247226907413,74.56792194158983,15.394628365937603,70.26295764379158,36.074549396152506,29.137930870899893,10.003580800263155,27.853296634195857,51.10047635445869,0
234.50840410659262,7.85651618080232,1042.121271160011,3.93918336928194,299.74777465798275,16.21870385345221,95.59800588260723,9.261974865152123,32.797594679700836,3.5104226296031187,42.64780568368744,91.38147983362124,1
70.69966698128161,1.1833619092338732,858.5721808869476,57.39498660690104,218.27838752521035,8.007132536796613,53.13399532366091,210.93147501908453,23.96895667821545,8.821293687820466,15.752798465932722,96.7812136991523,1
200.78802736659705,4.099048896962882,903.6025856734664,39.2895108893179,81.62575541864024,18.943058720127095,39.97195509744276,75.5839745901438,27.792527821474717,8.56034492365272,26.183619999949258,84.71574570031078,1
111.33727742033024,8.398022856356173,900.6831362809528,2.8652427577654516,116.7644693991229,8.129254359041445,95.37036264917079,30.954937902519664,26.75804808600614,7.263992971645882,24.268618560227523,30.97585632586206,1
147.32390351049412,3.83832951933044,1093.5576405167421,58.32523923125568,299.44348343273293,15.436720704602198,64.21102350255211,112.43069690090077,20.174673492546443,8.249684795757963,17.695291312842937,19.621565117029526,0
122.17343419267496,5.718722712271865,1056.961167124378,1.1302536589022472,193.04049426460827,9.677545291285181,29.81503562765556,143.5934581670445,28.3521821471111,7.376859489355021,44.57275322781861,54.812006498181844,0
138.9181791162373,5.877693608621982,1010.3509584770779,78.73719581492729,86.41257615722888,17.95064653044168,12.646424540357115,7.43294482140243,29.922864862192625,8.481845491111622,8.293896233126773,45.30147503801884,0
229.76147629606137,1.8447625313363936,1018.1170284846171,30.643282270337156,386.90847614811906,18.155224873003572,84.25545014651813,65.97495798170105,28.878716066286053,10.732589319316931,7.475431976034807,87.77583421927329,1
124.28042890579376,3.622354416522884,968.6218383207713,4.02580030092321,286.05000792675514,1.7483361574216771,36.21816027941516,7.871969826455043,31.044198481751323,1.644422916051596,28.84547676613757,10.003167106715372,0
191.6011600742243,3.3451128874193214,1084.1272001325558,58.835222098315334,382.85393301591847,18.729866626204515,66.04697213644312,100.88049340691975,28.570092926796157,11.244386282235356,32.8747114992471,25.77400613115186,0
169.0126005497749,0.26196708532064794,948.8776258647084,39.76844144330547,170.84201814413728,16.510696830408314,47.08164193658981,214.82400697589864,21.001253822761353,2.038292251913913,9.730962716228259,75.17989445187085,0
215.91779134066203,0.24191763891355245,914.1553129609683,97.38004133571495,190.0401362766882,15.826214286253338,19.892977979503833,235.8365787584566,21.74668286127067,0.9994199761556205,19.535872112731205,9.498664497731212,0
284.2074348311895,8.316970436757735,848.9106010794773,54.41986625037022,359.1820864740077,4.018226793710449,60.16866086204651,152.8914128408706,28.947118663159287,14.641195293322014,47.328192148937184,32.07644140217002,1
233.14302430256257,2.7307080997281243,1035.8616956783173,27.52391810370083,210.01973609815386,16.1023841750933,6.068306895068232,38.793046508302034,24.1246878796046,14.354876533056622,12.3308711345337,38.71553940539832,0
103.73509464768918,5.180787662388155,1020.3331796226774,70.94388646339748,282.9115647622669,17.002654693700737,41.334245987119225,217.40385359983338,21.19467693552149,0.9065481741084608,33.418035105869706,62.259379656269,0
57.79578376532117,2.9872557358877305,915.3065115572405,27.149200254271133,100.86915099821199,5.7830066890830185,54.661493966367104,123.8994775680145,26.4440411517282,6.648801622124433,37.00746968487954,15.813264571936458,0
115.56601107495626,9.406792451153406,807.5580241877688,90.42432914075651,178.6905874810562,19.045201567246476,43.604697411857906,36.89983490470034,28.31483897125483,2.793674074496621,22.406434973257976,86.06044903497096,1
198.7694826750637,2.5929675886577375,1051.6991983154032,37.47219705073764,49.37994632414204,0.997202927983285,74.86721752509908,221.21440066839872,24.931189825244097,7.2801734570162715,46.87629933797915,44.75422354662742,0
62.856453371062585,4.296568127389351,803.4253950362221,54.98685627762052,82.39201435078468,2.9981850649427932,82.79249545453125,181.79257217354473,30.80650553338667,12.45265864499381,36.83283676093952,91.70217118805564,1
174.09156180030908,8.727302504846019,1011.1099338887153,5.0573103824228856,0.3773661070524348,10.751622761030287,77.1243074033178,175.60926545355636,29.65655912151867,14.259176621143354,22.896228993044893,46.78699136339316,1
199.2107122292223,8.419335667918087,1091.0771329178172,42.61212379522308,15.706020659464093,11.515849422446195,3.881294781180211,170.20336891065713,24.99227541637508,9.513789801773061,28.466760088804698,27.504025894073337,0
133.5609727042402,1.8610141784627732,931.2983984444611,83.2363539660995,390.91352927077173,12.903001666018067,19.41287704459722,48.08155706314616,31.323087933628408,5.308585008177255,34.630672171255036,14.182882868767487,0
242.72805093645547,8.026433097957105,870.4920214987858,80.56488053633419,96.94147805470492,0.33938258630932916,53.66075092637743,50.64160600980625,29.73042563799553,9.049883484668976,29.609509021460912,0.3745094711284813,1
76.64956328344294,4.581868867378926,1011.4613030130145,22.431855885352626,265.32428380160076,19.207335492442606,93.48220404438013,165.1903196225412,29.561680680768532,4.680019591626755,43.93487919130379,53.21574849848356,1
68.78444543395219,4.829688720853552,1045.1384426046754,22.60790710105627,335.6398795198446,0.8917618546828798,83.49567750521169,52.73346002649525,28.30141551180602,13.647354612480905,17.84443311402006,10.715669692692343,0
232.04718905090084,1.3347997241594378,963.9290948233543,81.73053122132367,220.2641836946257,2.8612390544680477,84.25345083518016,105.28120723273173,20.17084502132829,13.056006946587555,14.994287002790246,39.17277636311782,0
173.87282905154962,0.8060151375712465,1090.1105825768439,93.03984201693255,61.25780003358248,0.2802903505211396,30.32081937596749,187.68043814254594,30.44760775215334,8.373476254194914,10.691944474763215,58.92717612370867,0
222.100599106934,7.279393069737652,815.5006164973884,9.536092127300355,291.24657493446654,11.337168665881894,42.94478970787026,188.14860434348182,25.640626866637348,4.871983730705408,1.8891484032297567,27.56858969027003,0
158.70683465093657,4.964611523552998,951.4386794913585,45.005863942622526,240.10056403983322,18.645337678419445,47.070594731593744,108.78282540620631,34.13914565237983,4.400845133744675,2.150698219002767,17.522429236611526,0
111.6005083097767,4.3685070261517955,1015.536184196765,33.745427896422896,292.50023573895004,13.318943321609284,15.737158334991042,190.12558518605883,32.269771566158084,0.5012699205758919,43.50275965546414,77.47216226093417,1
254.77557941854994,7.295082286523967,1058.7921413447536,87.06884554574394,307.89864914283487,16.453149369608546,3.1068130244456316,201.26923108753363,28.815417042969685,12.237312765379428,33.919657320295364,94.67911722816206,1
249.8539697422448,7.6551289899110975,853.776683572337,8.352491468001876,390.16414707389805,0.26562406917160164,94.69028994605169,157.14618030822245,23.78272972728904,6.755748195585119,33.026620771824305,10.044041786196601,1
223.67411771360668,1.5890816766935356,1040.0010445291045,21.112594255803742,229.425312010684,10.840305969594521,24.07125856635067,54.82220455402084,23.055760899164998,4.8769939260039665,30.732140946744302,15.559032438500786,0
118.03628430749067,6.102251494776413,965.8121227155636,75.24683375864943,136.65644507624074,9.191259550110438,23.99489037236313,65.7628272925314,25.105772565163235,7.066655324966308,42.46095723470524,96.00126572527186,1
197.5576667172718,1.3535408227768553,918.966104596989,5.129384898121558,259.3858227600948,9.979358884415861,8.337905376875954,75.56187729809649,27.148519153700278,12.28106985681978,24.013346283281372,3.7784221812246277,0
140.24347423500672,7.513750860290457,839.5145085737281,49.25353807142893,27.376283697050454,1.444263706703759,92.85077519437786,28.03298585614848,24.440982650584207,1.8692131156128178,43.52054142791501,97.76323365504722,1
72.89551833165854,6.569551562671395,1059.5887276726737,44.210703467972,358.9589273286345,13.68870722138615,57.9737114939772,65.55830888878683,27.72394243088724,12.86483982362741,17.972251309111957,0.4644483084988771,0
279.32839386556066,9.56614621083458,847.1819624539146,33.44011789887487,47.752404535278714,10.064408297172688,66.70368571253539,50.284613835007704,22.480556382697788,13.46263252662531,46.335375216954525,87.36686556513314,1
84.20465772974035,0.6895801635642118,892.9363577627298,39.457231531892376,131.1371351543273,15.30297699722528,91.15768872630525,109.27889995406451,34.6656921923825,14.200618725508322,34.93284900406201,30.732518098774953,0
287.55933845520065,0.5705472115125432,887.0136595887311,52.99405869302329,326.29815225044837,9.705812681234306,34.56201689007895,218.0250114893436,21.618868324474906,5.962319886339417,12.858856801221364,93.85888581772966,0
161.50144323948894,2.8218707469320012,1061.4242102572562,16.136735838838312,238.92495133228473,2.9876327245286416,62.15073111380841,25.07527602094994,33.97916209481558,3.257106060565078,28.204246084431254,31.694528863558546,0
