magnitude,shaking_duration,ground_acceleration,peak_ground_velocity,depth,fault_distance,building_density,liquefaction_index,distance,pop_density,seismic_gap,building_age,target
5.2472407130841745,22.215951460634358,0.26170568373590597,134.5405988417796,173.73878409365986,39.363552027744205,6482.5695407782205,0.03879945472888746,72.02679239473956,9135.78011402695,186.82040923334924,106.60611229765111,0
8.704285838459498,65.02811368540297,0.24697879907199982,159.33627943827446,242.60253714349597,47.34356593750214,1723.8636210516622,0.18677252823112933,68.72830044131277,5253.60481819498,166.45604811570163,27.579764346066792,1
7.391963650868431,104.753500305169,0.9062545805210367,50.09357975849979,229.24747428809692,85.45473932021804,8723.94563354815,0.8312458050899425,9.575419866335766,7249.102718360844,88.07695625143003,118.24858115012282,1
6.59195090518222,87.86698636914734,0.2495461998495061,124.97481992139979,50.40047188466323,34.00043860598922,6131.162390692415,0.7667683563383357,92.25724049058,4360.482979725878,303.633335050744,62.95712474339159,1
3.9361118426546193,96.78733774337397,0.271949726128631,114.34919662874974,49.0285935737348,86.96496848121713,1572.0388355695425,0.3506426914571469,56.84722021568196,6300.345775424382,238.31208025431445,10.469753361920485,0
3.9359671220172157,79.05400400528609,0.7593982624179637,166.56607535765423,84.11143848474943,8.813443097669149,9623.380574812069,0.3768106277742125,36.372552113568425,3405.7593742111867,432.85049616200183,189.73123154131298,1
3.3485016730091965,83.0731877421423,0.44973984245054,181.2174120962521,111.51704427060598,77.67984372086308,5183.654633353206,0.5335544335535795,75.65385834953067,3011.5901978544534,16.054790241029128,128.29807381285755,0
8.197056874649611,101.90347818783832,0.7767105569551812,2.4313542954773615,125.49439651550236,84.75476330547363,728.98451871655,0.0002410046851345493,25.736545840163405,5782.297861695137,321.9339637775632,175.3837863741694,1
6.606690070459253,29.960161063102312,0.06536615756438524,134.80398381175854,205.51067896583686,18.181765283733874,6268.329044150672,0.24124433603802786,69.35098370463204,4981.296741839804,381.47443925578057,135.21120100265063,0
7.248435466776273,58.73099563717686,0.4875711936733843,10.367159823945805,21.720727488921444,43.03465323722004,2531.9890701281024,0.20823180860821444,3.971120757224722,5795.363691499811,379.7432845941535,71.39673842802259,0
3.1235069657748147,26.545133018352267,0.03361360018328263,109.77173301547118,15.228447746689584,16.54997746636556,8036.934518773024,0.25048294674976346,83.9408037609272,2866.60581287023,443.03698354776253,102.53761446576229,0
8.819459112971966,118.52016095959765,0.06265320345535452,57.52654580873564,120.61361606845317,70.66041289942177,8178.2207356619065,0.8059058425334413,44.81708470213185,3669.5783181699526,364.516871414747,135.14935206943542,1
7.99465584480253,113.28712076239358,0.906437453344411,61.35531990442824,210.66328918070423,53.534776806165674,9789.473558546619,0.27967385654644317,63.66929143579417,838.9796062890931,463.90503082384816,192.05046504028752,1
4.2740346640696565,4.731217364220708,0.13924537111759516,70.59170069047131,62.06342617216236,63.5323346708321,5018.695310245037,0.19152132205014816,22.123781980668365,522.7637227220572,166.32829991044574,50.733891824339295,0
4.090949803242603,84.66902070188262,0.5324206822752171,124.25848980992203,194.24382197059424,19.648696695621116,4549.568797277371,0.5042634607930315,67.7073712658448,2534.5712967301624,251.60470837577154,174.99541172482353,0
4.100427059120603,111.0297980898799,0.41109560260070654,66.80999313375384,81.64930069238834,21.17458620524195,7534.756054464806,0.8656450363727319,77.22402758932766,742.4685933054576,7.039831641445337,184.8155610588539,1
4.825453457757226,21.669041415280024,0.3473433262588427,146.53981011805607,266.39540209998734,4.149732550990636,1324.7065634192656,0.24134970383749987,47.321318688439874,1037.747086347407,3.4787936516456064,134.0831029317913,0
6.148538589793427,68.15342766631554,0.8998333456872725,80.90547711477394,269.22853355865186,32.20675351957297,5469.155137931242,0.0785362427927987,61.77269240617943,8129.284053939371,120.06331022575995,186.25332548026756,0
5.591670111852695,109.85859571056503,0.0218233967754895,13.670640061991723,92.69972526299131,55.97446613336749,5462.47600130851,0.3564047358496647,45.63259238223986,388.736970166893,50.40359856954263,79.5757174954737,0
4.747374841188251,4.073517430295861,0.6637896861755891,156.75196849682146,72.84815741915595,85.79349139973289,894.7312281038721,0.7476518245649778,89.40913692578455,6589.427939347427,130.10568396787681,190.60323520808856,0
6.671117368334277,83.69043206962078,0.9633944342135504,57.1516649185412,126.33467175953822,66.69274474586807,4179.840855069136,0.5506905446947946,49.78691805143192,2725.577488154005,88.5216472641987,140.55657543319498,1
3.836963163912251,35.68188088470609,0.5601681834618419,86.55337591985253,75.95681762814387,43.53963233997514,8532.84798567202,0.8167933695743474,84.18087090288189,8715.456807081264,14.26001241932412,8.40115348376238,0
4.752867891211309,110.92754344518364,0.9368224620330918,137.08877664438032,203.35323377105257,95.31201143941378,8561.536219946604,0.959592147609234,80.13520582702486,4849.922845774995,454.6520732030247,181.37456636381054,1
5.19817105976215,116.52698941984413,0.05225787928602377,66.4912314297424,248.68908194174423,71.92452005758318,992.37664919681,0.792662476751617,41.050482134835654,3055.7645932782575,4.111565694445762,96.8945618066385,0
5.736419905302215,113.31197869361208,0.4187933190741614,11.317131229343126,203.562178618809,93.016520286255,907.2088274783085,0.6038030788437534,23.008449185747505,5176.389356894345,368.0410721685427,92.06539695556657,1
7.711055768358081,56.905705998895655,0.26015779096205116,74.78420940256272,248.18338193855809,52.75879732721657,2626.954770019353,0.4933415880523805,40.6082132559771,3819.5801904526884,76.07394345975827,113.29332119592685,0
4.198042692950159,103.44511811871762,0.7308209649807298,188.88971653886068,122.11268785120487,25.89042747931396,8747.660625539935,0.04006908634826667,82.62173757752201,5643.0106466983025,456.1148109998,29.876909354245583,1
6.085406630481669,101.34592782420845,0.9812970904972467,128.34687945971163,51.113506359113956,5.282668636472199,1289.0258507349895,0.9843219788140413,22.763253581939235,1145.3286832634824,446.39796979494287,93.83320971347973,1
6.554487413172255,38.292056789190674,0.2565300624442478,134.2958297334414,222.6955294822897,72.60848514838504,7199.968026274462,0.3834811225750425,52.44363458577494,9969.905028125511,326.9505731846287,166.22544334354913,0
3.278702476319986,99.46985689808128,0.6541746014740745,126.45643072752797,111.33997901675839,12.130299800553413,1011.6561961310322,0.1522282139168668,80.60967479607474,4255.558776967176,336.11707490030255,3.0964918275030673,0
6.645269111408631,4.4409161658591145,0.19809763275974013,39.798427791887356,203.02489344259408,30.277512827196716,6231.378537478254,0.6667088553964567,35.34774751283788,3482.3063970736866,2.6695709848442717,54.58343206487426,0
4.023144742123749,71.55238541784637,0.5653302545716099,83.66677282045603,84.83996288462087,53.24709078838974,3560.672991191448,0.28428828909545933,64.22096370026973,7102.098483162649,492.43578305680103,0.490917288768844,0
3.390309557911677,27.601060474524367,0.4639324866883362,150.18795967266365,28.962742267968437,56.441658777974766,7889.13962965867,0.5857782709310476,24.56315740488145,3638.9940649533246,438.9163017879072,83.14226182996967,0
8.69331322352,14.468026293273457,0.9720053296315371,20.27457951063183,297.8116296688902,60.0583196987136,2336.904488253636,0.5867679078445912,10.927944536815993,8332.743050287576,447.553112865046,145.66310209874695,1
8.793792198447356,9.234384195505099,0.6085272726964666,55.570555217942456,51.079444839526786,16.625533034970065,6392.018293899599,0.44572982090286917,79.43842250928563,4542.707243604253,329.62226852543597,159.7543658229257,1
7.850384088698767,83.55465310537677,0.3495063720868188,55.263821693170726,296.5841932192269,37.97374048216488,2356.8253457588494,0.8361186155450426,9.896862340870683,7195.584132654349,172.39346432726828,189.0379522254013,1
4.827682615040224,40.784995652167936,0.11409578488793337,86.4037855189012,293.29758010710196,61.71942271169667,7136.602831121538,0.26496706155544303,27.13813950795846,1074.5321644188655,446.8243245452404,121.7009225941573,0
3.586032684038303,86.97201258345137,0.15124682873493456,196.073748188437,239.1763406528717,96.98188646337847,8736.780345607487,0.44863259161773417,85.51094219974401,8461.191855551118,145.75846407559618,50.92537333057909,0
7.105398159072942,7.842760895873084,0.2253169299512351,13.500509336764388,199.5297738141893,72.76311376996887,1268.0179912676003,0.5376921285909715,34.64692870786672,7357.179867781098,281.3557716711014,184.8295898273398,0
5.640914962437607,37.83484053967324,0.250966661340298,103.74019887611901,175.45307982407,92.26037570939579,8665.956885955035,0.6636247207672996,97.30453495141612,2117.1677846196567,49.8654861719412,155.06315077607522,0
3.732229409068673,64.73895508504046,0.8506160578411378,35.87293640244209,260.49995588646124,76.2212058314177,5935.752544142979,0.7839718505055895,97.97343347738597,1452.8600974578665,460.97781506637506,114.8856966006289,0
5.971061460667621,94.88677978067562,0.5612227882825249,194.13530908194883,90.38465887774895,59.171696889240046,1271.1049086702396,0.39480728287825606,26.82760204535567,3162.923487256244,70.38522888560667,139.12804314378718,1
3.2063311266913104,38.25030035184839,0.5233909113743664,22.66070094549284,142.96595768303874,19.202336913634454,4275.41855359712,0.646046944096596,4.097822224989045,9760.705860319043,112.44840286520363,184.86327100148583,0
8.455922412472692,75.1069651724411,0.11476887186921747,80.72020047231825,187.72004096311807,66.66856518925131,1608.602934850979,0.15061095306851913,70.50632842053791,2568.3157456705862,279.0670790641075,142.47880569458434,1
4.5526798896001015,106.31732978834246,0.860139693349435,147.57699696692123,126.30119038149986,62.337956595990704,7003.478888665695,0.9326481005424786,45.098650264834376,4561.272089466333,382.0465001064908,73.6749015169468,1
6.975133706123891,73.90358258187655,0.7228143032084837,140.91088560548906,131.10850395662905,60.24691704572665,7588.681344179497,0.38305880642100354,10.07528439595763,300.20225717336314,309.67565296814945,142.60564045781933,1
4.8702664565364655,27.95513697043605,0.06766836190000158,84.54572737878645,102.4339769131149,48.978586798824075,1057.9652027279897,0.7295214219764384,70.75228189780428,3972.2752956623253,116.06695640007808,8.055632547077574,0
6.120408127066865,2.9280937867845624,0.7078350972297687,69.30483359054365,171.44838592193813,52.86566039892756,5061.398526946444,0.020341081882177647,3.1174909111921223,5713.200154331027,0.4715212637451671,77.28311236611624,0
6.280261676059678,104.41186486811159,0.5435382173426461,79.52247571057411,255.91948576445924,33.44425271181041,8146.250560259172,0.205187142904807,87.01966904922422,9531.246125079651,378.5752901537196,81.26460636911585,1
4.109126733153162,2.5523293020464566,0.08172534574677826,52.85525263172786,64.45087151186229,51.931269264230316,9361.630415509964,0.487082544323578,13.865252911330373,5167.360449400644,492.60366295554684,33.36764688416694,0
8.817507766587351,104.96420072210393,0.45830064152865646,41.06658774135996,280.65774643226524,19.755590567847825,5135.1786674177,0.8782524677323466,12.7311878746725,8191.073261776878,404.9565601530452,4.617096110354035,1
7.650796940166687,63.47245608326544,0.484696287130047,96.607939511778,208.28085785572776,80.51743973603767,9502.79223611407,0.5272551499506771,17.567229796858452,5471.276425689006,230.10330907830766,26.676247327548563,1
8.636993649385134,112.68812382154753,0.16577454016327575,53.706751213521464,247.8655977406089,18.577695469870783,5356.889704560298,0.929870482293879,96.02663584920666,407.850134355181,451.8836306995533,130.92429915941102,1
8.368964102565894,95.85398829283984,0.9456981470002823,57.492332979450026,169.07625432585343,8.496628988946641,3941.9049459990797,0.48379689658279634,69.3169360253846,3150.0827518977403,204.92383655917502,160.4577632727375,1
6.587399872866511,119.7520932640005,0.8499753714806619,131.35121269491142,234.95742692009873,43.62460263571574,8482.031285528954,0.49044909673594994,80.13715354636368,5755.495078311033,262.46704212173375,197.64069854539483,1
8.531245410138702,42.08541785420522,0.6690223373291083,193.70746633997845,9.779117215142826,65.83074395060619,4929.827104580891,0.11974678850053189,39.7634985732753,9505.939659311243,238.56488369784162,69.27270062169886,1
3.5309550123115168,92.06259467173523,0.4622955610006072,120.72744011187501,246.4222253099629,43.771682493354135,4719.025105645231,0.8026562441522198,33.631272750495555,8591.303597512333,223.81193633276249,119.87584445222035,1
4.175897174514871,48.23170963310906,0.4117655415845085,15.395893412993257,16.840963430183123,27.67541319513086,4903.124894098283,0.2469654124670625,23.448400678316993,2283.5561417884765,387.5953846469529,187.42899336302438,0
3.2713637334632284,57.585074436469064,0.6509734671509542,15.116722770813396,267.52444602704446,55.817118389044076,8467.850018697454,0.8996124893723151,48.0648028312409,2201.098300191635,263.384453634746,33.40835626763052,0
4.951981984579586,75.30065558620441,0.5454318694069055,190.2846441691132,297.6290104353998,34.700233541219994,8319.415416880522,0.9108242203303961,55.18287335341685,2011.7296711390077,158.35856101260802,143.52911726854853,1
5.332063738136892,104.84125370236065,0.062273105881885615,59.458158061466726,91.74990134214946,93.28676901266331,4035.199924402112,0.9433101118741497,63.17748436527554,9224.98896302503,129.07908382923915,150.99574662983264,1
4.628094190643376,118.09001630391542,0.5125026487703317,18.413397216495085,67.04397410430913,92.2645139603572,3332.99859870525,0.52023048910309,25.71185039986945,8526.661531017207,18.873658483716692,17.795107173867674,0
7.972425054911576,92.19280966374218,0.8064036172328395,119.8089174300763,230.782192338122,50.23718199720955,4919.280240391293,0.6770937847836443,94.86540809029907,7748.8343225294875,291.597580941523,172.24987703661301,1
5.1405199601615355,50.13201386008005,0.45923987759695806,124.72975565805322,79.6427705714747,32.78839940182585,5727.725097371091,0.7785158800616635,16.975849820713584,3927.3511422422757,114.9807077005171,162.62100942216878,1
4.685607058124285,50.56284027324842,0.05195657755426841,129.70096402373764,260.3409030358,73.71324139566391,2383.3721062799696,0.1310146186504656,96.56531747664123,5043.807042987668,74.06696100819154,6.680601315486889,0
6.256176498949491,88.50987619066697,0.7862781993840331,53.48040557150826,35.338564686455626,3.671294348306664,7939.550847155906,0.6009571949974972,1.4856122507503788,4643.317447951528,326.91498191383886,18.216882976010297,1
3.845545349848576,28.653257492196282,0.2013637821359744,3.022136842895007,42.15678293191068,47.47690060436513,4864.827657324229,0.03429790130331167,48.11256918168456,2533.9810755937265,340.6046289107744,9.825378778370464,0
7.813181884524238,13.256893575767359,0.2586208348880388,193.00307389089437,293.8497087546816,33.63233942703335,3340.455484199596,0.4975660833887259,33.336783811656275,5050.2804614876695,376.077446128833,66.94870635987245,1
3.447303862078625,42.55465891689318,0.1647063534322959,50.178609138220494,203.78247498965138,92.05358851025547,1068.209929639906,0.1548426816202274,44.91234139302508,304.96547852754463,251.78844816929575,101.85779813598523,0
8.921321619603104,34.46867899848981,0.33021506487149754,135.2052576105095,254.8317312065411,1.2003027272682543,2388.451604036069,0.1829229259620847,57.0664578980789,1318.1037349745916,447.0273026019433,106.46954559092576,1
7.633468615779945,35.55697445471881,0.756751505688635,141.3259739757419,100.67716631869781,55.28148757183491,9492.811717559836,0.3650475666926015,43.558915801270906,8865.895961689464,468.1713766991139,53.53335195388853,1
4.192294089205035,28.032930125989193,0.5193858595039373,122.00148341589714,204.5627061085783,74.0663581066626,3050.996868195266,0.432437166716503,41.4846850301595,7516.797670314232,403.6854698962447,182.31937731205483,0
3.0331327027416144,5.051182756363426,0.20488127415071256,62.581478842729645,180.30133905603617,48.50179875240413,1688.592893670353,0.6231724245321872,73.27234154133066,4228.68409059087,317.79674100409363,73.65255797438263,0
7.892768570729005,2.144872168009657,0.8778300781520408,54.21925075281315,182.92928543626937,8.540303016272166,4606.727916549932,0.07442841843851566,68.58762750864646,5171.503622838773,151.86047679559434,9.110031193070501,0
7.241144063085702,118.52668676832378,0.8795818549515292,119.53365654054062,206.34707556362787,97.24613900279022,3070.8774336024867,0.5036917612374446,83.32712820358479,3699.9888595997745,491.4724608101106,60.045422308277274,1
7.374043008245923,51.33277604830348,0.8705784250460069,173.2191267223383,174.7309560730841,51.801043137609796,351.5925027119415,0.18262513025310112,24.995898123949555,7407.798671606724,137.06808359596917,106.2218845088311,1
7.627622080115675,46.1191976591618,0.23879621138153928,189.34674578467911,131.57339894428645,61.41862443190114,3231.4521727941724,0.5739751750317419,60.952850975406356,7841.871792320796,101.32846099521554,81.64436451764641,1
3.444267910404542,81.55767392316838,0.4512393441809881,21.181160880751527,86.39719484226131,23.660978270750732,5441.086239394685,0.6374046122611835,58.51947853928539,7632.851902031591,221.07705689329137,54.76850381985183,0
5.150794371265635,26.190466543807702,0.9849896561408751,30.96572251954397,231.7314926193946,48.34980851068038,5517.123720199669,0.5567092565528539,36.973781087268875,7226.117248344496,28.42028535619423,26.264649952863483,0
3.6952143571507783,113.99534207402704,0.7720124763099904,188.94725175661594,71.75036685093993,42.914949195832186,3565.589211768887,0.7382955104783077,48.605754190268094,2045.0433869279582,489.2472323358954,163.83290001924595,1
8.178620555253561,94.36140172986624,0.027167421225559818,147.30704566695852,209.2445203155522,7.489584200198374,4473.0275625260065,0.3356092442409013,31.378214330572874,3379.699792404788,294.2167782082124,199.22904842483837,1
6.7397887609653475,10.729320277471142,0.06520459126049205,176.59876496595462,73.83318268155136,10.616035354746723,9655.179182347663,0.7651065916331309,14.18443976169852,4698.454349836749,278.4760458320876,65.90842670477642,1
4.985388149115895,50.1096930941914,0.46393137681233276,40.52652682706863,189.4724001365639,83.74725196187745,3773.484772303116,0.43276708170819367,21.380121066273283,3307.9299142765562,327.89813994985997,76.32420883532079,0
3.3813501017161416,105.49419690745977,0.9092202058615602,117.51717422188037,225.38808880306354,23.981995220659023,2582.2681325998296,0.4841844983225968,10.55136464012011,7549.402001583289,248.51182388860332,123.6075049353914,1
4.865893930293973,113.36784267496924,0.5387017979527142,140.22791888349474,69.52059722742906,19.495827149863054,2434.6704406676013,0.6481021272610714,68.30695751901241,3293.5352424995467,16.03175854727079,143.68829494710826,1
4.951099932160482,56.08818134998437,0.4978125080342902,136.02237708939452,22.683273754085942,50.49114512501392,4577.646127041342,0.01835838399922396,66.07273931091515,1382.3208678533715,306.15564442019837,78.40590696071826,0
7.377637070028385,73.60936670528493,0.10547369995663058,81.63033817333962,43.63725418328136,76.87471313625129,7595.201487169441,0.6539942214202483,95.06063715798729,3990.404520483041,358.0869384782153,180.98590339636306,1
6.8253448281312785,20.044073531049026,0.656780104724294,3.0789783382616953,183.76910534495252,6.194651857898792,2059.881841884732,0.6185851490721154,72.96784136472412,9799.144327823804,208.37453031202656,112.00079784578367,0
8.32327645545796,118.94023513643718,0.8221031606002255,116.58521136085263,255.58668983659197,57.680791963825584,7092.96127140768,0.3098471167532799,5.204583875613144,2258.814129335759,378.6477860355965,90.0780152811862,1
5.8332895509716955,27.80060416601321,0.38042000750756233,50.62030783592175,18.274062264450187,11.921044284057336,211.49823349416286,0.08579428489948948,88.42451739289542,6121.586589432291,113.5006496692103,129.33455063198102,0
3.71756547562981,113.12781289621508,0.7756118509253275,90.05084922857807,221.57462141728564,3.6461050825618457,4189.329779839461,0.09093544991304114,86.26751629457257,4329.7304983970635,110.63829553309202,190.56076964983464,0
7.2794687233379705,77.95759787908422,0.9644766539008116,191.51620301676346,105.68900055526538,5.274395216221739,7758.650652027869,0.9232237469852286,44.332032077269865,710.2456764932663,80.70849384378698,158.9104588843411,1
7.564710291701385,72.9284153854631,0.2037664591276891,79.80706352848695,146.16586912625914,83.41641082084413,3387.329557744314,0.6892793212258371,58.586305052792156,4878.766059980595,185.99737989458092,8.002626107024868,1
6.367663185416977,61.52262132198103,0.5233296311947413,167.96032133288534,279.01356720444187,11.797248362806156,5637.371014453995,0.1271026137707404,97.60783324725189,7021.643286483125,423.50601769454175,66.46198214799193,1
7.6258030797273655,27.680377406131043,0.28713795808457554,37.70812114985023,102.9315938970744,4.515136441229195,2049.7923282591078,0.35672316930890635,53.23043638481663,5132.199758278188,413.9560310745322,94.10893699024454,0
5.9627735781863445,21.18336384066099,0.7928544190338394,134.49209960500576,142.27439551214837,43.789988714291226,7419.953911261723,0.5924829939015964,90.53218283760897,8721.060637465811,191.4121039817519,62.90351444182105,0
6.136396976291964,26.45834508842104,0.5775933658811575,195.4013908877887,9.036312354400927,84.39934719420248,522.7910326875962,0.8355717050906487,8.303875781018643,2889.3701665758263,294.5593679901183,140.03751216609132,1
5.565246110151298,22.37259145731054,0.6345824175503038,20.378620174587358,29.07162240142732,26.240837648930192,8525.426448755004,0.04366092871300853,19.105186870868284,862.4917130396492,360.4081582374578,165.2538299725162,0
3.1525147604645714,93.5501368280104,0.7979141596158941,1.6639884454384024,81.28451938476128,42.17126175259164,1981.9638642166815,0.23663313147000886,44.07549434413178,9365.656116580061,120.60338731401148,146.2690190370543,0
3.6473485619598267,42.01503110000761,0.3959704726624549,86.71655852652287,13.216411042216949,3.9922532563751223,8743.980317083307,0.88974899029538,58.47568083373047,3781.9634952821903,84.07054294737354,197.86665736565504,0
3.1885751141204057,6.941121187607564,0.9150900684070432,18.52509661027344,191.25572118423403,44.907851413487585,3525.2924130051733,0.009165550183816484,81.62278518628003,5764.055514536333,486.0479966061555,54.50952957860582,0
6.818462467582682,116.29231561689735,0.53302886724614,149.67686993524626,130.78751525647863,57.761308063713365,7226.835744744866,0.2013991027938874,98.82621151431869,7920.03126130196,308.77865660480927,174.9978990048843,1
4.88613588645796,106.05430619561108,0.157954822835348,182.90973276971178,166.7028348047665,57.090705375214476,3192.2529778618846,0.959024175972966,38.885149647411644,3243.136638755806,490.7078609168319,153.32453303489723,1
6.051424146988216,111.33027398342556,0.6958991181688025,86.80419454175177,56.52091983941722,33.242669217436514,9059.116712346475,0.6134018465221711,4.741563614008493,7161.645381776111,168.87799356611455,72.43575151162922,1
8.445398843556557,119.38893871757223,0.7932613504382544,51.74232843108819,92.29994868380176,31.55331806631355,1266.3712551837436,0.26167136663750645,80.11715032953248,1354.1884981782803,351.51584998706574,146.82490873139372,1
4.495753374893249,20.867429906338476,0.31676167706752667,86.88066380132196,200.8282200815539,10.662361893659789,1785.197892725987,0.0669910943958476,60.43807190828081,2912.9374720550527,111.30181827061885,20.81519128364939,0
5.462297538213779,47.54904226831905,0.857179256998753,144.6895635700002,289.76430347096795,36.67983206462684,4930.301251588023,0.028191340447222157,19.854285886820165,1447.106361365199,130.60008563695646,157.86669646811046,0
7.533306831258292,90.98861708449095,0.9061432547657664,1.8108323160741957,19.872948212651714,9.949466887296465,819.3843903814612,0.24474507963692727,49.48284566214202,8112.3055840135785,255.951060634812,106.46612051742052,1
4.372788992949735,83.52247416645507,0.2769044873778089,117.89079789693943,267.6633746523035,76.65959447120517,1959.8018470176194,0.8814858195889105,74.23102455337244,2226.4923522678537,159.8090627540356,58.45803454185064,0
3.461879458972758,18.467508760782607,0.9835214727152221,122.65833697747581,175.1799543868065,96.62742977481858,9437.663822120143,0.4159136542975095,77.04117870686437,7174.035554052103,83.81078192029223,131.15546035683602,0
4.738508717482608,97.89997499887413,0.14071152804875842,127.5376493791871,171.356272192909,97.00744566667069,9764.89661147887,0.720333369165993,49.9618411998762,9432.983972456526,131.440350994663,128.3239997428818,1
3.9673277235240265,26.93286862039928,0.20201566840248997,48.404415996175445,152.5821678862893,86.50710993753938,3762.5932933042195,0.9182850353799578,30.521453012885914,5277.72209068877,17.87419723293232,41.89724454391994,0
8.578185914055439,26.85811377871477,0.18422483923802613,142.81054467562535,25.4712553417341,60.07921493396191,9232.860210139357,0.4080404616028166,97.37425820384935,5400.291922606877,352.2118107387433,6.079482962305227,1
7.848722277386502,64.43693074720963,0.8939897100078704,18.27829726635528,31.513671262167396,70.086569724388,5448.246756734317,0.19127737103739706,66.33626109564929,4610.335680978121,246.0583285429308,86.72451738033477,1
6.800422539062541,71.15279218100437,0.6542925523249619,39.85406729336016,182.2690416694304,28.520580268041407,2697.4246587376706,0.5171179308569195,40.82375193462987,3258.9014339364276,47.12153320226281,113.90237386888424,0
8.228763541126305,69.61034494053735,0.15210428322227287,175.49400933089638,105.5827785734897,63.077042017262066,7023.987210805986,0.9080836870598544,28.04632242046524,4756.550309249171,85.8469965642456,175.3210556741197,1
7.822032461394687,10.978420487730585,0.440323418368349,147.74463014531327,275.59407964041577,45.56495494398774,6589.018065748572,0.8043744141377006,73.11029830035622,6028.075322667594,51.26726905632201,185.64335912951887,1
4.119420353316215,105.29530351564564,0.615298025069802,2.7491108022690502,124.94420852104432,48.20173397769325,9891.253191087333,0.06582984336315378,24.21834455937677,9859.915721706593,306.2964041379382,105.76104363135327,0
8.355353990939866,31.87200511064473,0.08346408498938329,49.67525207396004,47.26803031727912,75.7776560375158,2650.472874092833,0.6925728000775818,17.17099889736882,9377.645593182242,47.1051818062469,150.76069675370897,1
6.2360534514939046,15.5417905539365,0.8824163684073387,42.881296598632915,215.8420558831006,28.191835559725163,6720.595026617354,0.5718975224589538,52.98338889620703,8621.529582931218,377.14116651760804,87.86065446559938,0
7.844640930984375,106.64976958427727,0.8036035354415352,54.16126560739451,91.5392593250979,31.803961169451988,520.237550294469,0.9074631763464255,28.998739264414187,8891.305357048583,10.255459660195587,149.2164313145786,1
8.376547799540958,114.6781797875704,0.5052067735766382,49.511954055977284,160.0137406699885,92.46417911286366,1136.4603869671942,0.12248141685029723,62.890514492361504,4678.491832920429,124.68789399794605,40.96030498783338,1
4.908020849831184,103.45531407185408,0.9671266152591704,12.505259148569149,210.86067172402517,5.622429485097225,39.18374951093262,0.5340361132046566,11.793867487423348,6574.443271774649,445.3333379459536,74.21294696070629,1
3.6603115471660606,97.14192896698538,0.4177609792750997,91.78810331936407,270.5779128046108,48.56342984133404,9994.606810596732,0.8794626935118923,65.49411045673216,8950.667229362141,359.265659061123,126.84559976272296,1
4.36761097525165,78.6290376766826,0.9841103190364978,146.54669495723303,238.69640246649445,91.28008004078617,8022.736971474777,0.410023786741743,28.329652799770223,3929.5076499135307,36.48416646284386,3.631593121415766,0
5.562646731757538,66.10288447309672,0.6679199988036271,121.34634494348728,204.52651502245362,61.0363007818157,7867.230147335408,0.48199491773286707,0.024293443451273156,9617.624783454688,410.5630522425899,144.4922620677908,1
7.9080885955349585,10.438411189369216,0.6346712732539415,134.57433371961596,205.49178880656737,54.64070742121321,5097.260752881797,0.0704606776669583,12.693605767417637,4157.86062069183,246.5175607701024,167.10710025363335,0
8.164383499538062,49.014385568483846,0.165954895295785,16.22983570724783,284.0477699894655,24.974417922935523,3000.6708290543993,0.2781436404489108,93.3615377835094,6010.826653932157,423.3915135844146,79.8283322187903,0
3.041712783187144,44.72262204147768,0.881927758304644,190.29814203535744,92.26810876147813,34.327548906444825,1512.6428446267591,0.32450664916894734,86.73546391153579,7098.047132723719,300.3698872251967,89.58848343543286,0
6.064483815465394,31.170454051239144,0.42748968792061515,167.69836676860496,5.328067787875285,85.20484158046929,2846.7473884646365,0.9451224487448869,23.360903203623685,9505.920130759383,340.91651601642934,170.2564424433062,1
5.504466018892674,86.8104136426302,0.16223340578247936,161.01806369913254,85.22659502246862,55.921813176845816,3759.712219291391,0.28266736054115904,77.83719045454912,2446.1627405226604,496.75078019785406,155.1309270652067,1
4.332646862824381,59.505088209452495,0.01260751997575904,164.5967610083535,69.27795698988947,51.47421937567799,7563.10096980294,0.460868735269652,60.857159317397425,7461.309782386423,116.16777296200908,57.629897806675004,0
3.7191922040020966,9.725545908917752,0.5597556836383826,186.54210162655227,200.24120260862946,9.957971354002893,5396.617889031524,0.6713044235642798,97.09047114498695,5208.155861440822,311.9727873806942,64.79522131230779,0
5.025691028421768,26.421984233977362,0.5273996221226763,108.85079322273954,191.94492193083107,1.6028156455123121,774.8362655548269,0.1621833724078774,37.36056595340591,2685.5714062064108,230.1606950286992,135.7756464781193,0
8.657458223475114,81.99105163915151,0.7193536223691586,40.05640357352518,180.0711078978935,96.36851886870491,180.2900895891224,0.4864423871418745,68.14606125171713,7766.068397963905,19.725976461345716,112.63961848963224,1
4.939217592124532,9.135703138836021,0.8902580530178021,123.35672157050823,9.791815746788842,37.698616728684165,1023.3217953406315,0.7385390394759076,6.353572242391858,5522.222801738466,7.235320751432517,32.44591421929939,0
6.112743730460196,102.14482968585224,0.07940658464302952,148.5762987335878,219.989526062941,60.32130620995043,4104.987136973793,0.866855213027066,39.6247346816406,6609.738206496758,59.61428890892934,61.98598184583328,1
7.2181137533710675,59.41758324167692,0.7314964903403623,147.58347867080508,100.44147168322,7.971507318728499,9331.929170490183,0.6262592746624267,96.38176611881805,3229.01068577901,324.5458702692741,179.99665537573082,1
5.181777614275764,57.670389279197764,0.18741194409758222,104.28980483337602,201.19151675695616,68.31142857230465,6374.024812092216,0.6690535153169479,53.89808744501205,4812.73951827605,283.5815439566961,137.6348873444527,0
8.830692496325764,71.08893415914211,0.858177053157164,13.691743866715612,169.19063640813522,93.2566708705961,8018.258998755151,0.12628347258456896,28.787950333484456,6173.542509880671,276.7147805818637,197.19486353710388,1
8.774683769652668,98.9617159110179,0.8190635138616561,74.22258768602556,106.10562300123262,57.56652529974197,4663.745945045485,0.9457764972463472,12.027096312860685,4049.1081426984397,15.928381264130042,153.40250599615388,1
4.510693774952185,41.737104948263166,0.5407937549855444,184.15332169267145,44.699998795711785,12.611532237541056,3616.660831950428,0.13257407748448236,70.35283401815305,1983.7253984770132,234.65149818000353,188.39488642871805,0
5.983491035354312,81.36193830708763,0.7102427986233115,116.8897819514852,32.85357480984188,58.172152747347674,1084.0037271662272,0.7746729371817983,64.48560434297268,9616.40492315304,462.3114089212643,43.23771477409508,1
4.805269858900618,67.88783567949493,0.3143501131837484,107.66638865114268,250.29790826810594,76.63472131046524,8759.33022186205,0.2648163217783188,37.39387136037746,5114.675400426174,198.7959346553233,154.29697496338514,0
4.709042966264805,32.04339242033056,0.47116789893281463,53.770702876438705,275.9272749140596,40.64165365740187,7831.600290279028,0.9335931437012516,95.09413518658343,7339.2037028770055,312.46123489422814,4.043504029559486,0
3.2213216841271968,105.43559836261896,0.8216368977104717,73.68978398331578,196.68747379546838,87.98377479414678,1681.1809759772511,0.7199595393694795,2.2202812987850318,4110.471935560581,389.9093378115718,134.15200434230678,1
6.657386003879381,95.69112259283138,0.4592651971732139,179.06921783063385,35.51306388384259,64.86829533573645,5122.605638762605,0.753813712978369,30.37238516318258,3551.3176402571635,391.9626395709438,93.85645562404828,1
6.016074139373169,79.01422015901106,0.3577982653254418,133.29260950536715,123.59802898203101,89.92489182892025,4873.748079212449,0.21905917305988332,92.10694862995814,4071.64298467125,259.6400411976357,69.35201438401373,0
3.3088725074999363,102.06980749130904,0.4942124472502999,157.47740535046657,220.03706403102137,62.35053112473372,6250.915526865286,0.4430399766351608,32.09354383194404,4091.966437856498,428.9759727011682,172.48087045861783,1
4.671878785419668,104.07530411517628,0.8282492524372184,90.86908461353103,235.04716078297008,13.128797200482422,9461.868939912612,0.6178131945892864,25.225283385517038,5441.801159419536,195.6890466818735,170.85353853150613,1
8.449595315799922,85.00355720580417,0.33520804737087273,126.04944389123159,39.874493575871135,30.96917111051891,5797.714417624797,0.7699736182066009,53.42204099312473,5434.698699813632,444.34660739239916,4.460340979728716,1
4.437371344001835,100.44159940364065,0.1737615931357438,49.676721748641505,5.009062059387813,20.17949482524569,5402.172667786186,0.10395937591238957,82.3801749920538,4971.538158828716,120.11358319777266,121.9010244898862,0
3.8693692325473386,83.69657540031403,0.7120140203307808,141.09216605669727,215.08042853477846,90.88264977168623,503.2293293466394,0.9623653164545284,10.314676087836105,1347.8578491743808,140.10820349528552,73.56644486419128,1
5.936716561665378,81.61689261123605,0.8259782127080818,85.52026674066747,110.19587191593067,76.04000672874827,629.0747601802393,0.890220670554556,94.30207096457362,4960.7547850053115,26.56031209950055,83.13220030008983,1
8.913902724663604,74.23336538582211,0.10063747852353333,88.50910296294911,80.07199282738678,67.6398368910006,1873.467913267889,0.27034859049558435,79.5072881181164,1691.0390042065148,397.79091827114144,166.4081478437552,1
4.452331629069002,90.32599674691694,0.23987411275594472,129.86446491537635,8.804753587910005,30.096631963162167,324.7077169174828,0.822760243032332,18.125025555155194,1261.3578629576516,208.52761811635278,61.967954305535656,1
7.032813284435271,19.032612635168846,0.1419719897609939,187.25612429378532,164.3883249946424,18.40447720502135,7433.528955700124,0.5183239230398234,71.20079611981626,9326.457173411678,114.55830695569952,188.60976212752402,1
7.569717691972306,105.70449110387142,0.3479414115821666,12.801269321724185,256.0894669506646,75.64510879889119,7233.303039939631,0.46180648156201864,38.495872263755714,6049.5001314770425,115.89513880828983,35.92676527442815,1
4.425825263954398,104.62122332942783,0.45035097890541265,164.94864746940152,287.5013356504134,47.41579458790797,1360.5623443164295,0.3144341058114054,40.22946780763187,6594.900581245843,450.6999706146166,132.54448467363557,1
7.3692980916711575,3.5096739641470975,0.7488263369633065,58.476622082438624,171.89476043092031,22.578955215062912,8360.78900795281,0.5809685866315925,78.32900924388665,4017.9367033336375,416.95830023051843,134.42101340275295,0
5.20669879631552,99.09801006777153,0.6511475848816741,88.78389090127557,156.76609168326877,61.66219781652751,1547.8603484611197,0.7298891177035978,96.27848079807322,9089.808919148642,276.7654426785917,50.43903228558364,1
6.793834983561477,15.464384096813424,0.6209285674784312,4.382665755001791,30.091633719326126,4.0333852138451975,3011.7558699735882,0.41093290496275825,12.665587284719393,6379.304895796655,308.05540020786054,64.9501217934404,0
6.801178264565368,40.214262511097026,0.3523749466096544,60.2092155668626,166.91747645506692,32.61702541282535,2489.76899161365,0.6292191930082921,42.06302368788194,7691.698695235875,237.1627852751455,166.9596985159881,0
6.214648104448551,89.22099075499293,0.8414475530847599,100.5262485260261,117.09382829479141,46.85569945911347,3723.070985730478,0.6993129211553037,48.09416080843035,3685.624690277138,195.83327143940443,152.3610509909905,1
3.54173862032645,19.291187525796985,0.47128716739816456,11.235215469487802,184.1049078606552,14.795833410940585,2546.6376588996186,0.7111218170152859,37.63118169549976,9600.118808191255,457.73844060916576,65.81917606295191,0
8.011814973535428,98.15604289428747,0.9791049380151545,98.21914587663304,119.67427262358127,98.46544775908396,4889.509264384521,0.05196609813118025,36.3189123716225,8204.61290158315,62.80635176015104,106.79130938698678,1
4.9246803898304155,99.85610135492902,0.6341421382957368,185.42212577168547,75.8882414178582,20.909736458961426,4074.0788135468542,0.8597478056850669,5.226866756159653,8539.484630145436,209.22339485811398,12.33605925061909,1
4.119111062399125,60.896128051300344,0.12626474156450274,21.078643621561042,33.01475619237107,13.035313004326554,9865.694907793266,0.45825331476504794,68.55386205626233,1721.9426742575429,172.28095399393766,41.74917647972585,0
3.2446508493285835,0.7663046060200296,0.676177562075434,152.88814561510088,97.90094115372425,20.35348738868964,559.2635012822567,0.26241608169621444,43.62144171200454,2709.6320787121954,249.07536012557418,97.16411177207982,0
6.545357659129451,34.44457598098953,0.325104015431699,81.93421067519853,33.51022611488692,76.90611331597242,1421.813763873516,0.2417645074796816,19.479380264392677,2856.2659968357707,228.81593727258752,17.19474705584232,0
7.065386171053694,74.03123020508906,0.6863271966860974,131.0347429048676,57.18460049307526,42.55056592718428,528.2589390860248,0.48301411284395046,81.60335023020684,2709.0922324687117,259.4447658255407,168.6664709783875,1
3.099526973567137,117.74234136329082,0.06964114816240574,52.04731959704587,296.26416678096604,56.541593975253804,6258.411949823758,0.8868315394689592,80.25607481516279,8554.08162104288,69.95948861349704,143.60124202152957,0
6.072558349795686,75.81762324200021,0.1748814371759594,31.898452508271657,136.0105492874525,2.1009156986360744,545.0927741371958,0.3783475816826469,48.63916280888938,318.84795208592107,256.5707507566385,188.72673412969897,0
4.358974651187628,31.176429727699176,0.8557372589057863,32.09252285424529,161.90217111897988,3.4431308573314556,8364.397373761232,0.7497257467835433,29.845066114776053,760.999889807743,121.20940694360543,138.69338119280542,0
6.871036742456699,76.08068437195337,0.2271795570235149,14.09838912862893,262.7174659774785,44.582554982701616,5119.386306819278,0.0968187309872186,63.80927257964524,2739.1487062990373,92.16567449409563,188.08027445243712,0
4.046198574029948,64.79824556590266,0.83704112524294,37.12934098024861,298.69282564475293,81.66552432016235,5270.076245815337,0.4760567021510618,28.815213577740305,1998.7297464944365,32.417109393095615,110.902511138193,0
7.145626428614795,93.58144741813723,0.27927608845441043,132.84387699779364,176.90076255668106,88.52388787075652,5615.945077121942,0.9916861403927356,23.600793032371204,2318.5961388284836,381.32627937807047,120.04372221239387,1
5.3204120778032244,12.837676659235008,0.6428819100587077,176.33812236870162,244.67977720803063,8.670656759564022,1708.1370630621072,0.770437802792337,73.05146540263266,7979.431892533,213.72096042828,195.39421092525217,0
8.620379932420407,91.32334830024337,0.694150573509831,162.82513711823236,101.4476021793192,53.836310210102276,1976.9030311448755,0.210528488440613,4.0325239720950705,5631.265938920469,313.32184165587915,128.42582937285206,1
3.8251256648759595,64.95198944113324,0.5126547531450529,137.02686197489683,95.19446744695088,91.32296862792705,3188.173228730047,0.5014414736979107,9.476847103459395,57.706612929679935,363.7966716523717,6.15731377214932,0
5.046398106301551,115.55904046307936,0.3053106766967313,22.086372682220535,123.79759769339526,38.797275439788635,5934.964158218514,0.23362476364856655,0.6788174023589777,4293.227657041953,339.65833265677674,144.76055532610465,1
3.6808411274435344,41.02465992464233,0.21264437637109612,57.837489259189965,203.38964248872648,82.95658314283686,2101.177759402145,0.40956092726250926,15.294318647542616,4078.8492685035894,235.25035954484113,181.09373842748312,0
8.548161709671376,75.91462717607378,0.03318935456242622,61.961375064493794,206.24654833025414,13.36956543994362,1163.3172713326123,0.7800840237349648,6.899000871045946,1139.4526944454353,193.9492644758649,159.11604995886532,1
8.264036120285887,111.8433726612021,0.3039464012407238,49.99138927952424,97.995633221588,93.53944896677987,9701.168864184321,0.7712248152904037,99.58023677799186,6761.417886014571,187.97995482033187,116.76665452508452,1
4.547649766290934,12.30116735888151,0.653162790531283,103.00113194194462,44.29692762030546,75.14233175313026,219.81814809622912,0.22810037790238513,28.880996995408957,7020.971883794911,320.0243984650282,134.26070261870328,0
6.959904276205075,112.46741846837413,0.9383048184484827,107.11076297593452,191.55689565732501,94.13343927869016,8026.974053360216,0.9222233181548601,14.926801266924727,7208.932190520977,247.3971774709367,198.03835785033434,1
7.903333201207295,82.54628667609761,0.871204482263052,71.37719503422204,42.85612934568553,67.66172335525064,7880.351495750221,0.5925681827648268,24.099625799591795,7284.70945558592,424.5661239942553,18.132417701867666,1
6.331204869596774,8.14044709262063,0.7660647765353026,70.7578317472872,175.65528992765238,36.3403931999427,2972.14113845096,0.3799242909620145,93.61255715401346,0.5282693229680113,437.35099216335607,133.4489657266479,0
6.177903470136039,36.11562803361795,0.7884473432532987,165.71111958121628,209.55952777661116,93.81811725247225,1356.266160073134,0.5019355807808606,52.016022302439566,9539.208038467223,85.28018900325924,56.679538914118766,0
4.45111374540271,84.9806506374338,0.6649849034759953,157.85856966393712,211.68039143636324,27.556677630917846,1456.2864670542342,0.6050712534377437,36.48180963078569,8142.087670546631,68.11682577286282,128.01807931723403,1
3.558616606835395,8.082072176252604,0.260286857566003,61.55916633614913,227.27427264458103,33.21725220617326,6974.316172371925,0.5598905318457854,87.33914579092193,9039.816965892853,315.20046301799977,121.52471517678775,0
8.38329454771996,69.86045522115279,0.9071950307058299,182.75768877465185,262.493529361871,70.08084180017403,6428.0659108617365,0.4864050355361782,39.499027054903245,156.43295307434136,150.6128740311397,30.691366421632416,1
8.402508342979983,41.50596683435481,0.670732311905834,190.5630034005012,152.4879026296126,76.53162995253862,7827.4567425138675,0.5049328040894001,33.50085699576958,9338.587957857393,9.28535938254943,41.34932914804783,1
6.798608743639607,74.50986213209725,0.56044063098044,65.34850840600816,220.4235109112235,92.94034838491538,9374.811723991046,0.17641191042788618,20.728252254973555,8097.885286881047,444.32133468147754,124.3259156086427,1
5.034178746292204,5.489044057501542,0.11098946921348107,70.88498975861097,187.65595693292184,20.48024090562095,6919.27363266592,0.8127329043046794,37.77968239094115,8372.191429586986,113.45038362190412,25.645989460754826,0
5.095257447675966,104.58441673828516,0.4470555438064254,101.12683068439176,60.058782240316354,79.7998035219224,1558.5153655144345,0.5417603199410154,31.6684356016926,932.8738472196851,464.64032584290453,53.03617502606457,1
7.355734073221436,116.81867630128762,0.4603582712019263,188.2241625067347,12.57844523647541,73.85460533969635,2434.426167654107,0.1310798617047031,67.73039592981411,7387.7802891859765,358.7172254391268,167.0491095476005,1
8.382661559715462,116.26534263428297,0.86456360952267,175.2638866284623,88.93970877469546,6.379455625359787,8421.937308731145,0.7661571015827779,28.958270467072712,9599.16689642091,381.32674495574213,65.41830120032772,1
8.322518545590704,89.95821980915096,0.5466482201877885,20.51359251671796,135.69494336959772,38.722314121020695,2093.0607583420856,0.9324439783773508,57.71997464225615,6785.473414181606,100.73074789658021,97.61203125393259,1
7.679253275145744,15.610348815675836,0.38040054897040965,78.54614865428324,187.0462536064536,28.27654570600986,725.2231695448141,0.9473068992369621,6.589216503197271,5705.614046246064,117.09721280840645,188.22806702916805,1
6.852189876925727,90.99158351148272,0.9768003285106593,110.67423794995437,255.73800249844558,30.44904243540304,7032.800540422505,0.36901773241117275,19.128915669651438,9456.29677748997,260.63387691203286,45.42981776738926,1
3.504839789970293,2.9504299750561813,0.11072059332631567,100.626494510308,62.89248642831886,98.29468795547008,4025.2635549014203,0.13551687356075404,40.74052716113488,4429.37121734436,86.04992632493108,77.92520347160207,0
3.9697722845676826,2.6548261834796705,0.4225484283119446,38.77261358737854,42.03718802005074,64.27774134799279,9200.400525459036,0.5183996266330652,93.69492539086954,5992.935663104787,152.71584634151614,121.29155510870913,0
8.391325131162475,38.83322629794495,0.04202467517140529,171.76335423363093,289.2265845049266,71.76761577934995,6502.550710936615,0.11260922934922069,37.72519857156954,4763.382934943662,160.73123897390224,151.06778590079443,1
6.638574357957539,58.63718284855989,0.7399041207669304,135.38815659936748,36.8731450160401,97.66176373150091,904.1897779166075,0.9339874185126172,66.4074121199834,9328.462213602992,79.81496662638204,180.33067734254104,1
3.055182309699778,92.44889013693519,0.9180765521991506,167.58167497036072,146.1548656816208,37.72017824576387,9478.565672536608,0.183579627355146,25.508722242139815,760.8472676550726,102.59141669758037,183.09459751470303,1
3.6088292571961924,81.99544519278062,0.28003732955048943,171.75285586989443,177.74129999402405,80.1840168452806,2585.572636402459,0.2527658599511641,12.703357597323173,5011.197008253482,394.2759210041283,155.3280148745246,0
6.981010614648335,53.5083247652098,0.8583416767991209,149.67117073314796,164.70545416769428,43.45309633044954,3372.1249040628577,0.40663652688497043,5.853660008005013,6869.524413854383,83.59792727363418,45.66616731866209,1
3.030369503077312,32.83519995379991,0.29221823046189777,87.84212024994346,30.379486324718243,86.95336718149798,4022.6041368354204,0.3831644685591258,30.541349854275136,7919.065384222369,14.228695921961243,4.9618660085131605,0
3.964848308504992,119.65494001892534,0.9107701616439152,122.10935100308491,21.82293963106771,18.06575413113032,512.2429640431325,0.794662892397889,15.766102679690796,5830.186474441363,314.6774713144692,76.75478607112476,1
6.2924027361995165,51.141756268316755,0.7539619035967839,32.07308122394863,36.11761110100552,94.76861770642796,4965.154222306049,0.45631682055096234,17.40104480161242,9089.17744121454,487.991559696225,28.309770197564667,0
7.15137118615616,54.16644291956106,0.8049067768414386,134.72908349498155,177.7483667424207,21.877170841087967,1233.1849107529224,0.1707682600033369,76.075930838695,9419.914468838717,165.6069073115607,142.0775294876596,1
6.911767557015603,19.634858543000302,0.0180065556004545,35.85065114785615,165.58174185212474,32.622050698093155,4009.7032668835177,0.2672098954860741,1.5838070944874216,643.1922319358351,59.327851598126145,132.22611736514335,0
4.3456158567633585,95.37714584999152,0.962810357074026,138.78991810203135,73.95353365083956,75.61922341067805,3507.097879920843,0.509113385187522,55.78101257354344,4023.7053954137436,285.1936626837654,8.794328324290968,1
7.273075328085215,83.24186709377864,0.7266709920703233,45.91963215079373,193.14337184444952,39.37551415654067,7728.400834265033,0.1474539174261349,37.94613805934648,234.59021721154437,453.1771055478231,167.31875582619023,1
4.4234945249808,26.492353534651247,0.3047510953861333,23.510260030043995,246.91991310641657,60.82113767664467,8031.705116327311,0.6116556756460141,50.65499999085472,3294.166573744429,392.0308899142394,49.74865325823645,0
4.952398188955606,9.885725473901124,0.8293946648588469,33.05689802859148,17.26579315474516,44.45735010694285,1534.12882389088,0.5657473065511459,56.28302372146029,5368.682179706021,311.257934206358,86.44541509820844,0
7.478948430708145,81.65991624896557,0.28152119841492995,0.3984270438140536,151.9483333466725,74.23699370897819,3665.511873792262,0.7147023163822577,31.336769445727818,9107.949305099488,157.5282483037997,133.58674709114848,1
6.8977973942832875,78.54134571373623,0.872753839566128,143.74792357070604,208.34657157029363,22.833125236861086,3733.531610318317,0.9377046153793677,29.51088601842853,8465.543224654028,270.94008663810996,85.88375737045067,1
8.095340462965067,32.79114323978512,0.11258039041193701,146.48020981167582,79.43201848555769,5.8457987236877,1514.1044393608504,0.9122545611011557,73.34018493349058,1274.9972667198572,45.62242065212768,88.25756055998868,1
6.94567735380206,114.10362747004925,0.7036859774607958,102.98666998265189,95.79241706147899,29.992939747306625,7984.535050511905,0.9460756180688313,87.12769881211571,930.3037474089571,339.472712140335,13.125599067148075,1
6.40985162001283,18.126947013708026,0.5406984766449103,32.27256021107674,186.02318138186823,47.43086648684303,7072.2832833542325,0.24471559702370094,19.25816324585279,5892.6733875666705,362.54800944882544,80.28870985200076,0
3.562048606968555,51.88017612511223,0.09653447019544081,16.71086750213795,269.8909115659024,16.80200521926786,1903.8178629703473,0.13156530663935462,9.761876053514895,5321.179724587827,482.5158114549594,152.9695786439967,0
5.206294818356601,113.23391042011187,0.24189382825883898,3.825793287457402,243.9277039893553,35.47972896563887,3667.2190859379907,0.3022767004964485,89.77958063920259,2663.7764143002387,130.19867937253582,183.03526743731956,0
4.591214206090353,50.367278031134674,0.01240403627731479,33.14963539304414,177.02341463437713,39.998301829356855,1058.0502485651423,0.8950851727663146,34.989546364739866,8994.530845538353,9.228209521511321,82.69942741267435,0
4.463937860274502,76.62311371969027,0.46876796546450583,178.17110699662933,220.41540673838853,5.739184368827354,6282.065970930439,0.9720534746234882,55.13173906628141,9273.664094615535,272.8042322135753,84.71716537581577,1
8.838063328514673,47.711327755535315,0.3012652607600004,48.30736834033635,112.6226287113006,58.33072481842046,1213.7192454861968,0.859324951070476,35.95431445200035,4026.1143834016266,353.3952521984072,140.52542126473043,1
5.358586348000562,32.9058242818404,0.5983574842977588,70.85426544344313,194.08483078913352,88.43434279712875,9859.341686249178,0.1100177211275436,12.58023363460513,8903.025571135202,395.203737941494,188.55440022105532,0
8.352279331062679,118.0773177551794,0.2972378077086172,21.069096896266636,142.52356938262932,15.174291295305242,7806.820746878623,0.9474279980597932,58.933164494772804,3839.4889426297264,96.8694665124053,53.41218804787204,1
6.786831755983577,49.12008075780516,0.2999191115069847,44.472260949634055,61.03116025498047,59.7808013401514,3902.3854958399506,0.423358027350786,52.514085176962965,7368.168318297002,130.87643451851184,88.02884130758737,0
7.7688678212498905,107.29190444149613,0.7431931987316034,103.84491415604103,212.01279079379086,66.47392049108463,5785.639322793544,0.009310290762353679,20.299355919119723,4759.422175477242,256.2954626336482,159.19464871046023,1
6.015822558631153,27.594552706930344,0.04814283597835345,121.55053661913051,169.1570680179025,41.93346804192883,9113.418162164087,0.4423937407481936,45.186904465227784,1225.8315650718298,165.30040498500094,121.9387138748077,0
6.461423307758155,25.572564483009998,0.9028949951919872,49.07046283324221,110.79336667630946,70.109758736427,5540.992803958261,0.04606916967546759,79.69475040156459,9279.342012370214,430.2557432937225,22.117268792790945,0
5.955106162913183,3.7360899461413632,0.8522638743911815,11.546431845023442,273.84506107319606,41.0731543491012,1744.9848639795518,0.5438779211611176,59.04261031078914,4540.9659337753665,236.88007686936012,125.54654711245314,0
4.171457926788267,78.2000190451062,0.6678046832264065,78.20657382547974,11.175564758886313,50.46372879774349,3787.033555811593,0.3385540274370513,9.691732706699485,7344.870403224037,399.7893220510015,37.349256919465375,0
7.334712691569032,44.22316124685133,0.5932215701073843,46.84067418526683,98.15307961860132,0.735304455442698,8431.448650297454,0.47343493359404876,54.802149722913505,3671.7381443129216,290.30988024117687,102.04318681568083,1
4.684634174645135,103.72298998075645,0.8923024981396522,43.91078464596039,21.780012344405733,69.17201141346888,6442.130159896179,0.613170360743117,70.27382992895869,188.80878576234662,386.545070808556,105.82065353208769,1
3.145895798588723,56.78518880298686,0.18533017952871444,191.97256054269104,231.12555828538,66.13426789447244,6507.243843338003,0.8688010958178203,79.27034057807514,1005.3035869183591,166.33649326516192,175.24067244499696,0
6.872833775443007,116.18321134976661,0.07896916219082861,123.26009718514482,212.12169896356883,3.8400877326344562,8668.214856884892,0.6619015764719286,62.91175786342668,4962.194794899244,415.7083109651556,92.49885480248763,1
4.062664076442294,22.263061884374537,0.2395101699095381,111.37568863441918,102.74890452721353,36.82501073951331,8939.730574625046,0.4340488684781807,15.265816454078374,6899.643571263624,137.2861577755108,55.88848444717884,0
8.642751506117486,104.23478015467329,0.7945782787001903,83.15502070466438,204.32055615108655,97.90318407916673,9197.925717794364,0.8194278536703651,71.01732665901606,3347.353265792791,273.0494040016454,46.193269643206314,1
8.723571462015524,93.19162233500901,0.03467026672648332,85.78886668602885,121.80148172780521,42.07365625686168,948.491932531561,0.9055821375731322,67.73418460815164,6954.884591776504,107.00355658693711,174.85037533686722,1
8.489186341322691,92.51062135728624,0.5828068350834896,108.18100076761617,228.09486846961812,50.19454051318417,5441.260019631009,0.11975996643219722,2.442688294063322,6986.35589431956,237.76326081309668,34.20217088364568,1
5.220952201532667,101.37398737402651,0.9954375161913099,139.28596140722144,138.9841805073283,90.99301581597186,7405.095212183186,0.5319329775527915,41.174766759024315,7039.359073278309,159.0876047543516,85.17371217662874,1
3.0927396991732046,91.32287891315987,0.8556960938375394,140.4292192363659,126.62251971034134,71.72618758657563,7569.268451270138,0.28451195974244414,33.29502469623733,4925.2185402050845,133.35171531860712,37.434622985389396,0
8.569911375526353,75.14643859576985,0.5214456890435895,34.338781541089915,280.74532506904876,58.20701311242236,6067.162019700038,0.0470611978769474,66.94120642536434,9148.86150121504,483.49250901401876,154.66080802287507,1
5.569104889903886,15.749385321886509,0.06364090928664234,100.0225504153254,79.00933446775657,79.78046813410725,1667.8733518367417,0.6685466951139853,21.61358123109207,4891.965179806156,80.03705274336531,94.8745279949238,0
8.799928914262019,3.90314153895023,0.8313735143857098,82.39161900682039,40.531965298986805,86.43662664559733,7974.205539416644,0.8627707774592256,59.08719229742585,4502.651934966382,393.6629187286976,70.2287381113624,1
8.781719862535518,110.50174173788243,0.5989785081772105,174.10539325387683,177.44021841154017,45.68880717372669,7201.113335149457,0.16290265447739405,91.32059618141723,1993.8081901062699,492.0824797416075,72.21992812529336,1
8.11805673280416,73.99803774248856,0.11493299705956683,126.28378424367529,290.9499346238328,47.51083649318354,861.3577154903629,0.8124136576239005,79.78023722086077,3076.5508735633653,9.950741870038915,170.44284134459588,1
4.766693352417514,95.58447491714116,0.0938572848233562,106.50081328319636,116.46256804952006,38.60509356518358,4638.0982467437625,0.8533957335369416,92.14577362165303,423.34492518303347,349.5137070210475,110.75479085888762,1
5.310586371611551,57.78268218150601,0.9096268194365924,23.078928435783475,23.300845270490548,96.67061400184606,1739.7739952180357,0.9143404426664835,97.850596693269,6335.352936161702,126.45590277814355,143.5735702262527,0
8.106820029101142,14.076982675487336,0.6692002629380784,121.1275778646823,105.0950538563224,69.71662542903503,3374.7704571297186,0.2652850890860524,1.0670127006162766,2485.357439270929,20.24391216415222,179.4077032501369,0
4.901532030937666,15.022295064306054,0.8292867993167555,23.440781136046684,154.24983802426974,8.322306620807229,180.81092205685434,0.9039530651898893,62.27412763774775,3041.552544854651,201.4447894783154,180.34833520812842,0
4.016956480116555,82.26783446747656,0.8789789002822673,67.44131511315041,52.76728695650304,86.29596233130185,4003.298684107582,0.32066275473643224,41.283939775890644,7708.145216643212,467.6089050854375,65.70181086757263,0
6.340807574750101,51.63670738793552,0.5717723520483222,28.568392962866373,199.14015432666517,48.05599408362681,5498.769211562105,0.5523380134555028,85.98544903351217,3272.211831614539,5.882547183498843,190.49025262927705,0
8.616928644964686,24.062967204040405,0.5174463517550413,138.41472940487378,299.33606975800916,6.875390642248746,6195.825928270869,0.05050747083228213,25.181470200913168,2421.9589201314216,293.94284596489086,4.975176402921089,0
7.176178780049838,58.99134560897242,0.4304274103209902,41.25042276723052,138.26314541452592,54.971725516331105,6634.903451287101,0.043881088368743604,98.10294891150761,1690.5774913370574,250.69823929766216,75.36711220323313,0
6.42036702053619,7.7050724490160905,0.3169465877911193,78.3718746376052,109.64492423541273,41.716427897570206,8362.9131310246,0.7203732127322029,61.370796954374725,7748.584021819559,436.69208218552376,179.15977150176832,0
3.5830589626246114,69.83656822972786,0.43459596085871177,179.13495552375574,123.20772921616766,87.7749404862625,2154.6290727573005,0.44447997797779104,79.35374022288309,1297.062579900269,42.00085726031283,54.927375963396585,0
6.690043360195018,32.27920853221172,0.7738796557301564,40.863276679794055,38.96812262658433,20.399460360938736,1204.8182243846795,0.25629237536921756,8.559955282276832,4537.537602503535,340.7630149433252,54.61629006426367,0
8.94032310062558,95.70709207646257,0.6019234310151316,101.56101279175583,265.565712420736,82.6464609492183,8515.371718979257,0.1904134960249102,18.345788475886504,5069.301160771944,340.0548492166387,60.52445701637774,1
3.8405040914191444,37.24343507082885,0.8925232899548461,83.8543322332044,127.37356837879884,55.768869118545275,1566.1281489264989,0.6699534908592181,75.84036730342032,6873.899126857146,334.54000843114164,122.46267696938445,0
6.10997791418242,54.626417889816146,0.4433800143791877,3.6248082091459466,119.24595137032819,5.461030321346905,9747.600813361953,0.00040154402533987277,2.198652203932361,6332.834823329955,471.1672474675185,87.66655512287076,0
8.264238431567733,1.3944647889720763,0.607089578718754,158.55162271456257,199.60863051448993,97.18453013254846,8425.38229398637,0.8058911691968542,81.68779858937827,8107.206729451748,411.54376450344023,145.34696727066853,1
7.444611706525227,8.693626535347065,0.6313075530919887,13.809181262919946,135.39985917468144,51.26152441031999,5008.766058895992,0.07924960612992882,1.3949018691911452,447.5143392623815,20.986363121753005,178.98212851293317,0
7.182094445971607,47.099226768802176,0.5916971623063255,94.85100419539071,196.2288732983146,29.08768542315825,9814.214249220253,0.19148961490811944,65.71188390612733,2964.407247793972,235.5414253522566,134.83987498857212,1
7.214904503922655,57.59266016605482,0.7026337730855163,112.13565898778998,23.126655588582313,46.94068419892581,973.7672910800421,0.3862363952990896,36.50939202318059,2801.3411877537974,198.97652810066674,40.8933440395151,1
5.156946907318531,72.00246577431645,0.23743346837480628,125.68529132291741,245.0483863980571,85.7857783517489,3030.6576117510162,0.4848587397161036,61.149485271919914,1460.1690559210822,155.07361054540104,186.53638047210043,0
4.761551065586961,34.99950944511639,0.5123637775457907,137.7263258615751,282.44866609942375,30.49031243850635,6382.244150406114,0.35499511581394183,69.60314069891137,2891.7825385644314,225.66836257704864,52.8985746694957,0
7.856166932871082,83.3978263351851,0.10422480280834767,50.654476704543015,196.38578891701886,19.26763964867003,3500.0686847317875,0.3207121649842939,34.24752191863042,3097.6531414290343,192.09709246298874,29.978859065631625,1
7.8606803680750845,103.21468766270455,0.38451132764481255,1.9957553316898746,286.59694901334916,12.907124693088146,9283.725519807918,0.9639160120731884,10.796244811083556,5218.844619274782,216.16694993933265,17.993455772192178,1
8.202433911480622,93.58211866720198,0.4876670686212644,144.6887324709824,49.67253273913917,29.785939839021125,656.2608817781756,0.6415796812433943,6.964586774826564,6637.044789262561,489.6309328043212,112.67674813323312,1
8.479443315338827,4.754259041802857,0.6522242595454725,107.13131986951572,145.83777589670433,78.00480870400435,5494.118320609646,0.02343295536738821,58.89360225625479,3811.005136118141,44.316487374790384,22.752492496130362,0
6.068054393165626,57.660833670939475,0.9505310525862035,167.22354064144974,182.53298651390693,47.16263651952617,5908.662673951145,0.4301759084443132,52.06553537341115,7194.702313133812,461.11543491936493,27.755176822526153,1
6.009097768123198,12.591621410180984,0.6006510665483559,164.27767258013887,176.61231098925006,22.748160369353997,6527.281237772241,0.8750086997439702,74.22010091211325,3361.6533857957997,240.11835673551334,60.006096119099325,0
7.789771073800651,29.045401903503297,0.7435939161765598,168.66523355757664,123.43122483126776,16.61849996097492,2556.6622333181444,0.30145618641066796,50.97355100039371,2902.8367731476033,311.87112274977056,56.33060193689276,1
6.899783584666591,118.39951119205757,0.5062660594952028,97.01893199590803,104.73490076304711,33.27294765103791,3645.6642751986446,0.09455634477438823,42.244579003087914,5411.880558570243,415.09148330884693,120.84790206642846,1
7.21180126354622,17.099465148181586,0.6341040313763313,66.72567916737313,42.41308665237354,93.99243728857088,8436.805296649776,0.7583847715899178,39.808717823623084,237.16360305790607,180.23151457462777,163.3490558945363,0
7.774756016616607,59.86657841416273,0.07093221613377343,158.311640518274,120.56402291587206,34.30267125900244,1949.4276897015984,0.6060138319360813,2.6446902597667465,797.8912363400037,215.21095404398343,152.26993124057847,1
8.340032050905398,74.17868811817429,0.254391580841847,90.25882260585098,52.98494045611812,98.81240759546354,8268.67847173362,0.5703125078265039,33.55572016966571,4179.69543586527,204.759240139357,52.49689094329535,1
5.027970941109215,84.29579646529247,0.3618530932051387,36.6884392806869,221.63787456520444,48.523045576535615,5626.554229027424,0.053576559607407925,97.60201575244942,9429.127113917564,187.36551126787992,49.06209959719598,0
5.253497715839664,67.15784201842969,0.47249335500651357,170.99480391229486,66.60512597090404,17.916391829015087,7621.875111940822,0.14049900979551733,87.35555762270889,7215.117798434237,462.76466082344746,193.1583060213935,1
3.563891639045214,1.172501690302039,0.045648745502383736,176.51197535446946,22.276765058937485,89.11400917935094,7136.073662634715,0.6225493962131138,32.93780670342177,881.2656950055775,414.464945596506,1.647248318392025,0
6.469680845977043,39.175356989279024,0.14002409755331768,93.26195122803402,167.94801065608414,46.03553731348269,2075.1149538487903,0.2078238414588358,58.77954050663722,8463.180127808737,54.49999493148805,175.94410661204316,0
3.2156536427804525,62.125397206165374,0.2768143077913058,15.139945461957494,180.59277115222346,70.96713435045244,5688.1273643387285,0.5040700797484243,84.7296745535494,7323.00770608181,54.06167623854802,39.945703824480994,0
5.793588108794761,10.543979897380002,0.9715326909010507,77.56521798338625,262.21435307774914,98.37115832091517,8677.231528050925,0.5448816860293935,44.12743367500687,6109.465257026532,213.9347574264956,189.45686461795356,0
6.25586780824546,42.07523174510169,0.33134700710305076,160.70753189252068,175.20957566321616,5.0175350319974,4321.162368019293,0.2835071902709394,1.795786375015096,8202.929606091773,49.32868836640453,68.46145696550394,1
4.719247512769707,3.9843730549639877,0.48204105811208253,180.35480570924574,106.91685184841648,9.669455978756714,9665.907702233168,0.9484251555414929,7.451046181864007,4041.098477429571,309.5465476355598,88.07035477865045,1
6.5449995634140645,9.42941965860249,0.19609771273839294,40.694548499519165,241.88850505026454,72.04567414627562,4522.1510010171805,0.8424641068355752,51.039272134870664,2215.0105085385276,71.84580363086695,141.4241227888762,0
3.1830014996342966,47.63079314419153,0.6107800710757683,13.394722405054305,164.3822734902892,28.1825003295472,1427.8563666788468,0.7223735076327985,96.94393756758784,5120.233891087593,261.1866319834005,117.53381029465206,0
3.2240891324952865,15.925890485167242,0.2806832155159743,175.47009062656772,28.387683966201564,18.430139695009906,3894.3468007767324,0.07799386640940908,69.32095422188678,5488.417555934738,3.6099735018588763,63.58786594136456,0
7.9356033639579495,68.10490179138698,0.20699257843842678,77.88098779577506,171.92591529240775,3.9361879819729495,9517.024063905372,0.10613001930901944,7.091619143856953,5383.26372009912,158.29817420632335,110.7661831735647,1
5.161143848467577,82.73579629647189,0.5165726284459791,108.35219285351265,272.8654708993904,2.1846711986201806,3197.2084933985425,0.4927813458649557,18.936087579186278,5650.737914801053,338.5953618363277,146.14137687257724,1
3.762363075911309,96.07040389308995,0.005505799160420821,193.61316241015177,121.91222452197506,77.4485603119791,8680.981598670629,0.16071334919098568,77.132314321685,9487.049182391807,242.01947011392423,8.46698918049842,0
6.133459560328826,24.018029309377212,0.0076640326492253275,13.31294558284457,92.41611156044102,13.443342736955,8812.506816818897,0.9782654635294741,84.14397599562447,9022.456230962314,489.13474299949405,2.2398610511408235,0
7.619961318591665,20.09790987108837,0.21906880910185778,129.66360149041913,47.32348982031591,46.77206159711509,3501.8652433196107,0.15852023402740945,61.76945861885908,8757.170365589394,437.0518980331054,91.61338781457826,0
4.294926164981059,12.548140840128031,0.03672136250082114,14.821084514973414,49.67642897093041,60.5896815179483,832.5765805063212,0.487467835463974,64.44231696298166,8014.168109086271,179.5353895215756,26.367323560702836,0
6.737342854914002,76.3716299452364,0.10802575413069138,75.09378569330008,132.66758788083658,42.835180056884624,7245.579091588183,0.3641210568415054,2.8337450383384644,9434.281072652853,22.7432707361373,132.8688582929429,1
3.512084789962608,84.77708717842813,0.3388606493387516,160.76290903868934,180.72554812765122,2.7106652336233106,3115.12299013986,0.639386421454098,82.85302595815085,984.9464167940325,422.8131500575094,42.81049124548684,0
3.310090327011646,3.7903373790770445,0.8025856795798129,86.69444655112687,28.781544525032515,78.35015025879089,7829.2361425757235,0.12903640888942491,78.82752081708297,2651.232614457395,455.6171551573357,86.5702213591342,0
6.188127789408888,112.34546954924278,0.5720486433693008,199.43647078059007,282.1727337624239,1.0513224541653488,4426.548482604331,0.4303164280423909,25.903514410334715,4950.559456545849,410.3136967095184,39.53418737485379,1
6.243810729660639,6.236554038176689,0.5126677259564164,111.81185698932043,227.7644171463328,76.1889894377484,4852.6674234262155,0.27470503280714365,70.8676719965507,8465.344931234053,63.97497045988243,109.69671714982489,0
6.824579408989239,64.95556023612846,0.29348882320812164,64.2324305271907,178.0540558936805,89.33044937881228,7779.094067485368,0.887751524671688,21.48546064249981,5051.6571152273245,498.9575672061439,23.21069187691378,1
7.35654800233597,85.08726233410997,0.9317537194328164,44.022265180950626,249.38940792700228,43.28399210571723,3823.633310616279,0.040585712134695084,4.033016105151299,7480.347393415887,129.29211077638692,4.621370557496052,1
8.855112476775208,104.51629484953027,0.39701504123719167,70.10410685723237,28.65509325957342,53.554247309779825,4431.273453229145,0.9137274940064593,20.113654259037727,1389.5990524891622,362.10245640418503,10.226327621339436,1
6.097802089807172,85.69043185589133,0.08709276679577149,74.50665475191016,145.66746893127169,47.698339261765376,3761.9046876962216,0.8329941385530004,17.86288767542995,2524.1381297656017,454.0174381678608,190.851688303062,1
4.937738837647476,96.20736996837502,0.6170665161178013,13.742735544792195,190.8774724241907,38.920861862343884,3673.4051527727997,0.29757071644081545,33.77479967348472,7317.7609503767235,117.84355716535472,28.457243722187165,0
7.771117168612222,40.73402310513673,0.11383839347660141,73.91483988535464,249.45260730489534,88.74245353703603,5259.465769014594,0.7892906546771047,41.84494971754581,1647.3400888772405,454.12927733853303,141.69565062736703,0
4.624993507572445,97.77901364958147,0.3452231428016921,92.84770394784499,236.12352021453398,89.39335106699905,8087.994445011507,0.03121356033874756,50.853889149770794,3513.5593465492675,154.7407895974335,13.585240844565249,0
5.633828524233817,9.613781566161016,0.5074119387178089,144.54755044776093,86.73542866545289,33.581636464153455,3617.6831192256586,0.9668655502933936,47.675387550832816,2648.6625781357143,488.20661119202805,21.632070447036433,0
3.470738288053596,107.37799872726332,0.8742225246851758,131.3458969443216,282.55965001996526,61.5069754014698,5242.547205377367,0.5265949425897893,27.067460596528935,3498.616942224785,140.6300101902373,101.77525028186693,1
3.152104460492745,65.71108513844835,0.49354658034011867,141.75313104583086,41.68202322210676,92.69075621458641,6707.273254426008,0.30328102606544527,2.9170668574074465,7083.240490779703,476.71791237891756,92.97418603086874,0
8.77589048806755,98.07573239549924,0.7022587660316643,1.6727363753714197,263.16441749323985,96.20584989413516,2694.39446303655,0.3625832125946771,60.51016222371507,3678.4718114280104,26.772325446337454,190.31606188797392,1
8.015880723073234,54.278194142196014,0.9928168389990704,43.53347991610721,291.4273736333625,50.895904042204755,2775.2280490239255,0.06640535346049736,39.57448298473544,5552.633226079402,354.6360058349065,188.96709060414747,1
7.175845236562187,77.229323423583,0.13148911989798162,132.3368576799713,57.26028935067454,45.28248052843268,9334.131270234548,0.9893495140420392,29.86721573875497,999.3187705440964,266.0555669185018,155.921728508493,1
5.45371766648562,63.16831931233359,0.2747315255195195,96.79787363594943,218.00948894011665,27.869431592852578,7235.345733310886,0.03929194515069245,86.69410428305123,8050.176932346278,238.93853856136533,120.42036602546995,0
4.039765920425075,87.79074261063982,0.3945760755976464,1.0626951336691892,16.884228039509544,95.887187319041,5771.866762233089,0.654907123147859,74.67433077981597,3698.8862564812484,111.74715712791999,90.9920634786022,0
3.938622256026516,9.795597843670748,0.42182817853883137,160.89892848636447,124.59973341605071,14.281430447286736,6477.20054420612,0.4427359277064583,85.77655483724422,6485.341590333424,352.797894888246,71.23570686568421,0
4.501457388987572,7.242250078867656,0.41102107526554577,154.56191465806748,157.30357326331384,57.9829576047725,292.99443103418366,0.9489162181887151,49.4982794712461,7253.896016618326,95.40474572315355,189.4175093951111,0
6.295359988236723,29.652388081217573,0.9076110025565549,109.68383259871253,176.29034164334206,28.255026751863888,6181.029655616969,0.24599974030679517,13.093125212677748,2096.609221117004,276.42089799238414,120.58176228493711,0
7.287575536200374,19.1453616135826,0.7140326444668564,13.292665155254424,281.10148823332503,27.90082903477966,5095.088732242019,0.5320868239380113,69.62214361212725,8846.7498495335,126.6226815201254,115.8145055371989,0
6.961184260306387,104.6140279910642,0.6079052140907037,153.30300990651693,203.31395275178744,40.496858737618844,5457.496797794357,0.48235620858275297,20.607377993717524,6162.242516069529,477.810689890678,46.38022435378297,1
4.679603381675657,26.30567848296532,0.3093727178627821,116.74271754627279,146.9769956096749,99.87929358156545,3594.238268308171,0.7028664440501013,44.12296690917168,4287.251417514814,14.315596917826412,9.339563577022613,0
8.729191683979165,117.10383069829575,0.8237903842212947,156.39199543159182,243.85413569843735,5.4966306839822066,814.7389771294189,0.06801023195242051,6.5000788948888495,1823.3518357821954,99.86414005561828,189.0377159519089,1
7.4273815001746115,40.42749501253282,0.9550605114849889,150.3493984791681,285.40718218155064,57.85418182035315,1933.3923361205218,0.19378913002335485,82.53084024229824,9423.009379012066,121.15530319372387,62.74705176893078,1
6.326124315068404,21.854149882643913,0.8211982825502265,160.60041439156743,11.5095138612758,8.257215803527718,9507.447132126717,0.21456482009284983,12.594064104750057,7550.682041316251,207.03391288390822,88.51780466489174,1
6.670324477406114,94.7638208570975,0.0015651051914729042,103.60161328092497,294.8437753155314,15.452082999051896,4086.9956227093394,0.7381507548416897,90.30975070493096,2080.2456273324888,116.36512093502677,22.927988717141368,1
5.517600374566739,79.04493306010514,0.636401370183407,28.064903638702997,30.4089810237857,43.95629417728987,4666.831558308641,0.18913869632674007,86.42306022615571,3377.107747242245,245.67454513439262,167.3848659818584,0
4.486385937006945,59.783485974376674,0.051135381442100725,134.23149467593774,245.2440998842846,51.04601313464413,527.09789853439,0.5734917638909767,46.4582764439246,8096.742580880733,436.2327616292695,5.526366571186125,0
5.135836071907569,66.64362611251575,0.25760722033372185,124.09475701039412,87.69875200266668,25.8792408364524,375.6622954398059,0.2152438205009537,74.43682043039907,6956.77663215339,356.0317107045854,166.7981524198193,0
7.547076662786215,86.30421339267166,0.059524700347771686,148.45063743981743,43.99299903739217,31.645713087441617,7171.814470467577,0.8616249500839784,61.94450738181533,7657.842927157243,289.9809902675555,28.057002557593357,1
3.086360931778535,27.414568959755847,0.6037954529493877,33.97620121014706,134.7574137155813,8.696702025593305,5380.946641211113,0.9421854544896385,80.30756423377449,4412.011022129324,44.50158899133982,177.3128225262304,0
3.696435843041497,119.56006992680904,0.6865899134926068,38.99503998005785,194.96719093704598,30.32197838442505,5087.059842162666,0.5184929749422404,43.180510078591205,7164.762626421669,346.9960541946378,145.9545274672315,1
3.2760158521305165,116.97517945761398,0.11448763806590512,178.08190344386568,117.38079428192513,96.6558439380544,2431.245304226687,0.3523088842091783,78.580848424435,3864.937228639137,83.20714215546992,32.93405250146102,0
3.244372813913821,78.03908236163242,0.3838388830449795,149.99555969041415,21.096795443396193,94.47073816724817,7447.507316299222,0.23405777501749914,46.245681706514794,2112.6291693819644,393.183692980849,113.16359857189362,0
8.132763504066043,23.945094111497415,0.456236508955542,181.64569774006458,181.8410361993214,33.4878290136985,1682.3657910849188,0.049781001523043766,94.09657878427939,6326.770348413599,125.0283792550766,62.53126287104389,0
7.221947156280142,81.62738909175496,0.3690530217609166,151.74306423278415,271.20896645264907,57.08539362787616,1899.3474366102002,0.2685000761974954,48.637210082514756,9760.139255987942,208.52436416045046,35.64661978231669,1
5.845042974523951,8.663809077501101,0.12102500048519305,119.43106119806038,118.04853295443925,90.95953911109443,4607.121713482755,0.6542357799453179,46.261927193372955,3106.009713953296,175.23510115896397,171.83643988222167,0
3.5870049639060086,3.6783002646967278,0.4189477901874754,130.82654740557473,68.81816940109397,0.6183822640896675,2862.798621119409,0.5336169313092108,78.50718615635127,4609.6959221253965,429.4069573374284,80.70455330144588,0
5.949695250700994,30.92194662134564,0.7511780478084181,177.82558478800198,135.56031705018054,81.06835703375918,2474.6298123314637,0.9440412782809274,82.15776917608379,6740.013710698536,63.27222935670407,79.7087428730765,1
5.840830624683394,55.51475480871795,0.07100766453325547,115.7613509023881,19.26699975939036,94.83695527889189,6452.376445533317,0.3962772624917006,55.44891143211708,5415.0628212248785,282.8224411923943,33.977334961324004,0
4.039211219460091,104.19270064900566,0.08018001408190345,126.47826486567749,247.04383742168108,9.132573433355706,6509.717452185445,0.6938633423283945,17.97978134950754,8434.277957090493,71.03080472153111,76.61313521715573,1
5.603109895427838,87.26028837195696,0.3547712918359842,31.295343200720115,248.77053923030508,16.144768603292103,8245.170697999292,0.4893227474751214,46.77582309575795,7617.427064695159,352.3979180660933,174.32336926577003,1
5.39102840638424,89.12478254399772,0.941725711618925,94.78424402322054,178.46013671174038,96.07463027713554,4177.085669729759,0.5125762159242117,96.80725029096784,582.9720386235704,452.53906389724057,72.62574209792719,1
6.695100588313299,51.05920013376904,0.668572646722914,143.2794223916198,109.1653522368249,53.75401436403463,730.8509102615023,0.2677743146041175,75.29861930391851,9984.21233923774,217.3038269336267,190.3207124999576,1
6.810561905205863,41.51219910563555,0.6786699566725648,54.18853966327308,240.93609251150608,1.4196634471723701,2736.6638492145767,0.4549507768419997,81.11626038791321,7524.024537194672,244.04613013248795,189.26177984167748,0
3.271824058632267,44.52465155815232,0.36191999083786497,40.45083610490698,168.63267231256833,25.763199876352914,9800.054631968169,0.47078499701270726,3.282549881924013,8639.033162941132,463.7114182413811,28.979731861469205,0
5.247675687758827,118.51794764832694,0.5936607912085384,62.765361644883114,248.65003102225478,44.99436742688596,5962.585752327021,0.7066425217489339,46.78594626341599,6511.977120953464,260.49569432467854,35.46225070452898,1
6.755159494285419,4.813102969497898,0.010131184027743378,48.30012559856669,191.2803438119911,69.29089110247676,7097.370848010202,0.9406399991861139,64.66211336575553,8562.851280467623,243.79921902478046,172.53481406637783,0
6.018817551480526,104.04377953469383,0.6360960464095422,42.98252740727917,236.3996145977752,73.31603781367996,73.57829625414536,0.3293212774825043,83.00326836280748,1123.829749287094,289.1645513521521,78.55218378494384,0
8.138939047129934,69.4410490286872,0.9132869475762367,84.97016857361739,181.5760829992392,99.54215129254561,5182.057321825208,0.042200468581298445,4.927365358277147,3477.378355593156,344.61486818147597,0.8747964566018673,1
6.95216178971367,52.63385030275086,0.6125734683448192,181.56770277670682,127.17161512362154,28.7511199383759,375.2865753180312,0.4962951255006397,85.24388856418732,8764.209436044928,53.44168754351569,54.7743639410742,1
3.977606562488578,87.03091924981638,0.873698593466345,101.41192934774365,287.5940286782106,53.82201018684752,5692.30212091448,0.5444613321491686,54.84009367419117,2016.5521126689223,410.55526387075804,119.525798639112,0
3.4234124844025793,58.400272970964345,0.7239730554660938,37.58407616306461,164.6285783392592,53.332354785960504,9207.708496360754,0.16844055113191525,19.731397057605992,782.4209858002273,217.75251372662962,159.8531931919936,0
6.854515669237894,104.81078856979927,0.12055841640369025,15.394333876174816,183.50140796945882,40.56452594472375,9684.191305004078,0.7604646062760667,31.72552164497,7881.18939945219,36.17425494874277,26.67772341865191,1
3.1590678632497307,108.08422368135102,0.9024533072858417,139.23122902758504,70.04385362735103,16.91618938424202,5405.526753889241,0.9849291084414916,28.192955175156076,8354.861556432961,393.0913345991066,22.10827288334707,1
6.51465348764078,50.60651122481465,0.06644384435577488,76.55975288727757,189.56698288104656,97.74565631838425,4582.048052522159,0.9457747170084609,53.08590342884758,1626.522181899006,188.47498584313604,184.41853071446633,0
8.641381448549746,33.21933566820619,0.5339674725477638,164.36618931707184,173.62425659746845,85.3317186666586,9450.17094248494,0.19710603882365219,5.168567991113182,8543.459827827155,50.18374754752697,150.22967356451653,1
6.452845067255273,71.08203943120347,0.14213712379345766,131.90215372815405,59.52732739437236,49.83330282942372,6736.098319966951,0.8753632399007607,15.853615849992353,6867.677955971696,316.88951977162526,117.95592015561569,1
5.329019557239132,109.48360147400291,0.011706610730904066,159.2482901082737,22.578193719177396,60.32454226840298,648.9927953840946,0.7044936364116847,81.26930433757823,5200.826832165839,440.06567671682086,153.8373579991856,1
6.859729310654119,25.27946268067999,0.422034260127639,54.38920788368975,183.28599931585748,22.72610535596623,4657.255776674976,0.4538465638069116,13.260399074681107,8302.50192781385,443.87675470699315,85.7708722613277,0
5.749517342949099,74.75599002761794,0.29504070765415624,138.4717844922116,230.28921945834455,54.37870703917469,2402.450184643039,0.540610994324729,23.339626945812697,4192.492493189658,478.8317374044866,151.69114946182532,1
6.273700735895609,75.78722641110247,0.486000493797603,52.81239693874375,159.40340442199243,69.49701331214759,4698.0432144868155,0.8496001749824581,45.33706056041573,1939.939562233972,433.852729883344,74.36059825490715,1
8.648788852659152,87.97356268983371,0.5771998867345508,187.8136958900583,71.89792446929549,51.51670283865888,4554.655720063617,0.48013493963837317,51.71208881133305,2848.5267661061366,1.0704596727376114,48.81891449852047,1
5.316615826804646,15.788122215271176,0.04373907230894736,127.27485630667488,201.6239831244453,99.02851705849413,5821.44802814742,0.37320736910512686,76.36104796141586,5051.640182933148,190.1205832066951,145.80268425859373,0
8.767143382943486,85.89899576185063,0.12300329512374564,64.90236003506841,28.631189349832663,61.13416562477262,3567.704903492512,0.4932474930259858,44.73324266661878,5313.307926731757,409.27128995275154,83.93445843145366,1
8.432103851736382,109.08390247987693,0.5586423964504253,53.90237245845453,135.3409429165766,37.09737125921691,1642.7044945592806,0.5791298040350491,78.98646210355388,8055.808264412336,183.12650299923712,196.27542086523897,1
4.174746808735779,21.561973064429036,0.34316735317265823,38.1853170143287,53.19319372753395,77.21520276158381,5037.194345899563,0.18907765377834884,61.834630704545745,7913.527236523344,300.7742531898531,69.8970364616202,0
3.4161678052509927,28.505198990865317,0.729173487549448,138.92819177874557,59.41542006266559,17.046251158164203,8302.028843457621,0.9009077302669907,11.309973942382246,5813.665572045748,303.158473687266,184.34548410621318,1
3.60466800826456,116.56741128499675,0.6522916485919397,43.74312259958546,64.67671500167008,38.451581370626656,6640.122280676023,0.6741869488296138,15.633143839283859,7807.854833654764,182.51265201941152,186.5925097134159,1
3.109330953909298,21.717234325138772,0.8456043629899068,119.06065318549781,119.07858182797348,34.69589503775858,3383.6786592521585,0.6332689173374889,43.70337254497708,1917.7345829367098,452.2369636406438,48.37058941294923,0
3.56665776453557,102.5262112043495,0.6924928266692253,52.92700538507147,20.0893106580173,43.180709510777724,9355.230227588572,0.09949622618063814,39.68893930890396,500.64527093294345,251.6141726930588,159.64423631760266,0
7.098040640498141,59.073342773764175,0.42993107739014813,132.3937889587737,122.34906507408397,78.17798259287262,9122.075712491822,0.6041739381725918,74.35442696372945,8736.338226347001,232.3921029687504,86.61490102891302,1
3.427131890761374,29.667728928381244,0.6729666223944324,162.98794570810784,155.95369689883674,48.41730321634075,2093.4839938409878,0.12096066223849233,58.07371397973519,755.5449376276957,498.75687283094794,183.5049454460696,0
4.913853781762568,104.48998815270137,0.2753811742554185,155.60504862893063,147.57181406506592,79.40144502659628,394.17585120362975,0.07869767519539905,38.81330810022493,2466.884297439973,246.75018203630833,90.02485452704776,0
8.069251865816728,53.43663060031986,0.3063134987782127,152.17026618615634,117.92130961889697,57.64889031398659,7413.087083507622,0.5273108956423933,17.076028345038562,6953.1894962438455,89.19912596429053,148.8607434674732,1
3.139631614414955,61.778082471562826,0.7889851599207933,37.544481138450415,252.548249380872,34.206943465755536,8276.102613491532,0.402785534046495,22.683710232549515,4094.4793762730915,256.534711431719,93.39348183275958,0
7.886810895533615,43.108004327971884,0.4464195164015822,17.676989396903743,47.87137426404871,80.99787436834724,9678.645659513553,0.5888102701562232,57.550101846905896,8763.139699155088,407.00836775996504,45.560151142571236,1
4.691128648640399,71.15410217219129,0.7983803405183525,139.78976569747712,154.1805394155053,23.828967055309157,8898.363940883108,0.0892221680572386,42.34388048997925,2979.7979466226952,388.4301634491407,39.870025788937255,0
3.7089889657299375,19.622864710202734,0.8224223736682784,73.66944275887026,23.30221800218352,22.43829797997955,6005.347682064148,0.4309830628472584,51.492750886067206,118.71346669359295,394.2908825542355,85.08623885126912,0
7.180422992184904,46.92978439821128,0.8575623376612838,86.46924528066945,25.990925268983375,50.45029240548358,5300.523392123808,0.17478671504515797,17.067743530223368,3006.5564056074413,354.0118919989559,151.098931402843,1
6.773657080679304,116.3294786802345,0.9166352358412073,6.229818558678213,174.29042565474342,26.084924596208893,278.4105126258629,0.9871000859241166,66.29062523445658,5780.750491848316,127.1089145333441,121.01429703615337,1
8.264832081162318,30.976011924135307,0.43098522051329624,51.91528985500984,171.97543534190717,0.9087034951216322,2466.5644684477784,0.5611502124351744,85.2538740855967,3759.383754032933,431.0420429201157,137.72585798010866,1
7.410426262823314,78.80839974495507,0.31886681832113883,6.7352807748928045,264.0198862891148,64.82975272988016,4596.147517329265,0.6874368609408673,25.79395067869006,5348.727557587553,446.72173268813253,56.46527014638849,1
7.820885582309091,39.022807706963384,0.5821987465941139,175.83715452024953,169.57273431972158,51.1093821472398,6285.039000835678,0.3254182806826078,49.15142258318266,8765.981188350186,97.07634830927454,96.2870691915211,1
4.692207435427839,92.81677508239208,0.3711724234376276,48.679336643706094,288.1383510194308,44.55178144931612,5572.518333184106,0.09473891477934415,97.55273290209018,9124.850542303686,65.22781827569696,8.8790529938654,0
4.064637262678337,15.70483928620198,0.601074166800233,111.46743391460161,19.36498027797928,96.69685146183153,7426.359896816905,0.9758708627835366,33.32417405507277,2659.740646541121,487.80248429455605,163.50648319162414,0
7.50368850984515,116.37852540942536,0.7055858626438246,7.795864132226082,33.912267010318615,57.11991839629137,2797.6693088704087,0.2862590353831832,59.50463449237612,4621.404732699007,434.16198182518394,197.97843244797494,1
7.841008435603584,54.45474496603671,0.6884050184921369,133.3694782611316,17.999429163262512,86.34315777893845,5649.526076524732,0.4238081851735742,9.019570020024437,5491.440152414511,446.61807360497335,81.37581252493418,1
8.94303085200404,28.326055601575675,0.37455288702012135,64.60546915081878,59.656670848394306,13.945023620516018,881.4224339079213,0.649863921702575,60.601500247944315,9491.124568882471,443.1881923121976,2.19273062630867,1
5.475706061468559,8.81960967960152,0.16686020169875282,179.58383739153317,164.67468272779504,56.92064631294277,4136.65523583207,0.024697297686111286,8.963177330461791,9986.173191643848,270.8434120168642,33.958527910189474,0
5.232108514756699,20.37094861050489,0.43052933846220753,177.62363778680717,195.44379352109127,86.7979626730903,7501.60832954601,0.8102591305172869,95.92354353238221,2354.0724884152664,323.20086833289986,130.50537555008376,0
7.658477764451981,62.37287382672212,0.14259414408190874,65.05812367234955,18.447621594857296,58.3105757279898,6934.00853429044,0.5365781900286203,71.56626520723114,7269.798713458154,272.68142606682085,122.41586364077183,1
5.0448212415181075,40.44038117175435,0.8900970351838083,180.19217913809356,284.06141250445177,71.80141781270015,9906.42737172179,0.27821718706882215,78.81597881357064,3780.3106223319514,25.603174595164536,157.57294391710877,0
8.584543953621388,99.46600390591314,0.3458774607378574,199.23153469975577,253.4387861118624,37.20435678122074,2778.91125987756,0.06160798529246925,70.41043607716368,81.08196886213226,372.75154267638635,50.77680219221363,1
8.15047651105807,51.706502839416714,0.15445974722332378,165.0831328247896,92.50068223634247,9.244951703706661,4981.892991739792,0.16249841547444144,58.97290360764658,92.52522435902355,252.66601666794014,152.72638310942682,1
5.5739641642501105,29.84571271051559,0.025447759905750877,168.9742695510458,27.77032141680805,45.79002951270714,3295.3041377399672,0.8950338588534369,44.99127810855054,4605.660075622557,323.8545373951149,137.59680430473395,1
7.505226406748984,74.0573983924836,0.6458223862864843,49.80174722181798,55.11668659962189,39.44793908388575,4406.031140591747,0.686024223935891,85.83733797610624,4883.349130043346,251.31990248776765,64.56289954276866,1
7.527257244508094,84.8132660262535,0.6369023174547432,115.34047977155126,42.44860205771694,86.70601823789474,8569.501298693882,0.24990172163688984,95.6835667543063,225.69696573442656,245.90566116122798,109.09762961139239,1
3.6187432130155957,20.045028948113984,0.34060416658129167,13.45118279347357,41.36871489318932,24.399530235247223,6842.090751884866,0.06560076494502953,49.90361729040813,6869.274167743025,85.89455473888341,29.454761699665344,0
8.4153174400774,20.11430595459812,0.071711888847651,18.983587364333943,157.9756981563915,96.6734227535108,8824.411913475817,0.6906153123866363,93.1535049155262,2940.0338859495314,139.35685757057448,90.51290068711653,0
6.031514234687143,4.400571232025157,0.409628894895232,199.7785224066581,77.52499553555309,95.81381198044961,2035.1110833188645,0.5724077259677651,58.33329099885175,5598.931015359494,79.4263459719779,176.2394679111282,0
7.9587447966464495,88.36824180787686,0.3112174950633936,65.32784988518219,110.65121637609761,24.76316430714387,8733.61117841438,0.404519524458235,53.83841868964332,3009.190731654188,97.83314781267121,84.23827596507816,1
4.92029760618367,79.65654331461661,0.6771206397350094,149.63678240976927,296.9040733483751,34.80519554773205,597.6227417838443,0.36361144919006383,45.44827329553567,1671.343148693072,486.48869021015247,167.9133412950844,1
8.373139370977203,56.95570508997767,0.6057792494526903,161.33301060536328,206.8727034329767,89.55557408738851,8885.992804371524,0.2168142759291083,20.928776153011984,4071.737385988753,76.55672288609921,118.05067305193889,1
5.335210072404979,101.30045387630365,0.36459372819754,171.60465420144584,284.9492967788654,96.66222208961075,3290.7377946072793,0.6696112565375176,0.37196608180591895,2322.7336479050077,134.63521215260383,38.37534262047135,1
3.06502590888179,96.68041835400638,0.2178925542549901,199.5256594804313,47.0541837347691,44.3439102836044,3145.8763341406648,0.9706680277938705,24.150622685606127,5348.009769191681,295.2948288692925,116.22124893957928,1
8.432291858515581,70.24252372761026,0.9880359661555919,48.29929705137357,117.73114507560794,32.099704564089784,5120.885766986639,0.17571524583682585,50.97231716035652,1988.2853028647996,305.08928811832095,101.19666583141269,1
3.5477200607168013,104.19255366159103,0.45400162119611487,8.070165371939941,168.6458819682945,52.6094013251542,9406.901877232318,0.5971166200155034,37.99599522597526,5084.05976644627,76.98706487191454,79.7282670392768,0
4.915881825542489,24.70094520441219,0.688274235780237,82.2383035989172,27.643628257177713,68.77692063657348,477.8136468140537,0.4241850557459762,44.84852280026338,1573.7851486886757,396.85871289260615,23.926087903214068,0
8.70037180230483,13.430354327727345,0.14055296757836078,26.01613396578939,6.235295870247571,27.34745153749798,3522.309750707453,0.4466887217446649,98.06482195640496,6709.747094857849,392.6014339564125,83.34173276944597,0
8.703642881625337,32.36995338203875,0.4855896996593978,4.485177832411025,202.77812847009068,73.64731746190728,8565.719886833358,0.2541472801278144,35.027237066932756,7539.376844414241,118.65885210194554,14.552475247925422,0
6.440627328739716,6.850422730717782,0.027536719869465487,72.08536542829722,194.3367574564234,5.165735711464103,3960.5447743546674,0.8251348756614191,45.21829393601079,1103.9423424993377,144.33315133773021,19.75381027975025,0
6.791023273018796,63.740343360123845,0.50545511791045,156.7476502150473,126.18269894988546,4.929449276441645,1991.56897597067,0.4852556041472411,13.351555135281956,4678.024120373392,468.9939327297485,83.18330658654321,1
5.690673131869919,112.39268307539538,0.9640174071177023,113.23613824501417,149.44500242944963,38.628770514554525,4247.941813314118,0.5434058521982641,4.795773243698765,708.7170065487359,412.83572298973905,61.07629639369274,1
4.759264630188387,4.721224880221158,0.3842067129858002,62.55559784207081,127.55568517466644,35.34731920607206,3855.525014916693,0.30476091279732576,77.54095145924947,5981.824455420024,348.8985165312619,185.1088651724447,0
4.971987272219495,14.653189681203216,0.03899601257491159,130.86840109854393,12.081488229242213,31.56332153671523,9154.162014667034,0.18180846566694975,57.06831750719786,2644.0429792964537,41.116610755300265,75.1411610760541,0
7.03511073646223,54.26388339401223,0.03095579091934353,46.40363606176214,103.93462383415141,49.101976266891,7619.343757430971,0.08591038820282049,76.0704806043895,5276.244568387078,209.13204045128785,151.57162441442003,0
7.51424717662608,112.06500210334859,0.3879867599468695,2.876289214417005,57.239265342200504,32.07335823115712,5051.155557440064,0.7141191409249159,14.986279888655163,5174.610093842912,279.65093603841353,106.04950527324854,1
7.749474262355092,37.93873259721006,0.16002493646319405,152.87067728728547,34.03513578490378,19.225791846809194,9883.70566721571,0.19623428168785562,57.18287711826909,9243.543461938005,93.70564399188846,140.8171337284671,1
7.737708856767323,60.868177042607094,0.023352096328185912,124.74861697280181,287.2325279973582,30.946954908860093,4652.775312759233,0.6900753541887977,25.364247434137553,5490.832225687229,224.11329105411227,52.02319660307984,1
3.547236618292142,4.988743086047052,0.7562136139501768,152.46052490019198,181.81111888743885,97.4904272810235,582.3783082027522,0.3903764460469539,22.806181690001992,5829.984797183157,300.512938744345,188.38099456766582,0
5.966521828215489,17.801184115450663,0.4585230088818907,7.787603337533122,219.9536038497978,41.11134169948486,2622.743218149849,0.41577480098965147,1.1526014052985256,4016.5312576438027,163.6883400576996,106.01769938288479,0
3.3453525600998657,118.39561475506163,0.2892447719726545,167.42392556613044,98.03230426350466,44.47127768583358,4360.704802193126,0.4691774960927717,13.034072356907188,9490.796031828168,390.4724094752436,166.26481425704992,1
6.297173293942413,115.81424357232547,0.9000831830164807,123.90524000726066,120.97840320073449,57.654498995114004,1569.0262414612012,0.3677085081275432,30.926811149969534,7771.859094396096,420.2247908194027,73.0091386952227,1
5.6491830082402625,0.5927977121291539,0.11613896020052561,112.67907014252802,74.89257819953342,98.33407684142266,9475.65126324043,0.10061997722259008,11.687876059093904,2854.0529030284156,161.8047347170354,20.042269810104905,0
8.326225096549798,114.21741425078868,0.9559188289553192,124.92280962290631,33.6048729348003,24.160127643576303,7668.488978177731,0.3096318100028458,98.58584404109375,8442.09585776232,419.3285772462286,134.74232954416976,1
5.105490075312472,76.69439253786004,0.3139667173773528,172.8866493736728,57.81433304526722,68.12821105324338,2682.8720042777263,0.6637343606939384,30.863264852395066,4323.9636018509,51.78828305150751,1.551929667484897,1
3.702402098565635,104.15019534240265,0.8884036723086812,117.38730131178141,240.26664336246333,71.59846935417241,5908.045335179158,0.665784401468871,13.032394670232817,8286.67143533594,418.8645493113282,95.05859531310166,1
3.857950092317015,54.568782676063094,0.6029428764794615,116.19007597763587,204.87601252921388,60.73244167930659,7214.49157109572,0.28622430723999437,19.908231282795775,8228.88068293502,76.3752158338083,38.56038053329185,0
7.569063790304833,61.87152342951003,0.8267073597414875,198.13583141315317,166.34401841571568,8.857833963664408,9412.78928906798,0.46010262655768797,58.77032283414765,1888.7018676285438,41.46357625486302,125.47510088707243,1
6.709308379897566,58.66158963083042,0.9840131632104643,151.3460334137136,145.15151249569658,67.68722758275764,8816.353491754106,0.19344722801193748,6.404352386478851,7011.411313835769,320.8877022205056,195.88397462757044,1
3.6067360567367412,80.02371090553252,0.2884054378187457,88.45876109022706,277.1181136785567,6.409471103617548,5151.922261382137,0.21037208152983577,86.24341301411569,2906.429693065311,235.96868287764715,92.88058126412919,0
3.5046408366899846,16.75815057075755,0.961135485407593,141.47940000658554,26.456809594707178,59.61426495498969,7746.526197930176,0.023047088406607408,96.14996792371473,2974.926699926682,453.9453002064164,163.49965130513334,0
7.20581478875472,3.5968307847213543,0.38948189490242036,77.8460943383577,87.77723990518521,73.95811772217426,5621.44753827585,0.8967465499077446,24.674742066738087,2963.480768805807,181.59459804542462,101.5568373902242,0
3.436578038185161,36.95159299094291,0.3855119047369223,45.7750924966998,108.23166680336064,21.096989061995043,5527.038900455401,0.2107066650749062,45.00952685908594,7255.682475599482,143.57613171881434,99.16800622080481,0
7.931160355742137,84.5616915283976,0.3403871042545057,119.37037537755188,235.8156146027724,84.1622007542774,1147.419583381919,0.22753387693646332,2.213445102949707,2298.260417925361,250.36745307209918,186.08469863575556,1
7.237453362938977,24.222414254753804,0.5414076073475852,185.6364196227903,297.7918129477815,3.0353805533004263,1261.3765801615207,0.2796014326451318,64.07102247272215,9.058352460902253,227.97309288433064,177.9931737493363,0
3.4880926838513986,80.81189199899008,0.1541450431784871,185.82790400309256,75.99780185336016,84.3812863658306,5295.336150224574,0.127408071695429,41.39260580525889,7152.368534826331,172.21402310859412,157.1600930375949,0
3.5090262845111515,116.38944553287246,0.5537114853580112,68.38105562109806,262.92066357043876,46.032905064276505,2688.615449790066,0.6392628831813628,27.005846610155572,1711.8474383512528,346.8706493491643,59.251150663356825,0
8.919837471007053,11.268085894730206,0.541704812410004,105.535493244339,250.03371432737842,21.75879399316445,210.36902460468633,0.07514295317758657,20.683711061660848,1044.8239530783464,379.7809169569542,109.0016831447881,0
5.245624774536722,80.71225418701515,0.76190181260487,42.32717971397224,71.27393230432115,13.3778144993968,7228.392039002123,0.13420242632635027,65.40230776587605,2375.161205940601,426.49198451506834,44.779446661137,0
5.223852882401346,53.250026316548535,0.8336499619375856,199.12622189977668,122.80311115877066,95.33071675823726,324.8659669016496,0.6447567265900929,41.62170310323145,3799.00522322704,486.4283023551714,88.78333960930796,1
7.876797403545016,104.17707052530065,0.44044135031242404,196.22358157358715,125.85349644129315,7.266558758115671,5952.768411040545,0.33966062048144274,17.9659289029912,4759.063274732007,133.32809606625224,96.84261315195812,1
8.683491464303152,21.25797473368631,0.30233324935149375,129.90178594148946,293.5750972153347,19.909341993592566,5391.937941273144,0.707947826701189,68.91090814868241,445.7004071263082,358.04674124498075,166.32800803386618,1
8.916006382937226,83.11511426713975,0.25933489731709447,160.8828119354947,58.363110906775006,34.7822347433046,9688.146905778045,0.557424744670142,56.507228303669365,9705.733326273605,197.1291177478726,179.20567306499862,1
7.52026911155365,100.57383475777323,0.19462383670487193,143.02003225674,240.7516014759107,62.023484896112045,4842.131393476417,0.25602117306151306,85.86720549294962,7160.630534195581,338.54098597555407,82.92401247929557,1
5.257557513185494,113.3537063368828,0.05764758219902488,118.63164380789364,103.58685068106743,54.480108527609836,636.0143637779736,0.6508279504893281,11.74758988764929,3231.9406532433613,237.99084517461017,3.5408890146474414,1
3.5010043001920126,81.9897633947575,0.34244797883471334,10.669599397779539,220.6067520039673,12.564349241231398,5516.879678064617,0.11627368029288065,78.56666019444562,3186.9725728539734,496.8865513839658,172.35476795787093,0
7.662881495564621,59.660971681011276,0.27024769213078326,90.95286851053221,128.90324626722054,28.972798373821462,8410.961706161013,0.5364103830800304,67.3516786817259,4485.425493684594,364.45106789537493,34.85573570027214,1
6.350425498414831,74.14166882414565,0.9664173858664074,134.9572604334821,175.6161301193793,23.875177108602408,9968.4928428144,0.43714810504503465,11.501093682809781,6262.44822763033,476.2456502171623,124.37639277807871,1
5.5453320554818575,104.26859813744619,0.5577088262500439,135.50632277673694,250.62047313120868,21.354285449034137,4303.431736890725,0.2678735828174408,69.48207298717207,1463.7306658896775,417.48477474059285,4.994180086826239,1
8.438126310568416,68.47316959665956,0.34727703903050755,74.62452368447671,242.22884167024583,41.1144336479987,3202.987424967425,0.6040049977395001,44.15472888798304,1889.2981376495234,451.45050558168555,79.90129505211286,1
3.6671848938369083,3.646447163620423,0.580467600993696,188.3383973316061,260.5948391442115,70.40314525916568,9066.532969519989,0.8713335923402825,94.49847855558431,8594.345828335508,407.20959860733745,197.19206042306996,0
5.955750625745155,111.71384346083734,0.1391967013456955,33.4714064473562,22.58711097667441,21.745293221723593,1912.4212907612136,0.9989046997630767,14.161135061789931,2562.5492388907255,229.5795651879557,20.138720220760618,1
3.068121868604514,82.74321012378734,0.4440437492022029,100.07188924311212,209.15491314672474,36.66788797029814,6154.289150329267,0.6077627687434245,64.2833390815738,3801.949979751775,125.89422667344219,84.73863039992847,0
5.811963851964758,81.18160629326958,0.6262343214210638,138.17679531016455,46.29627613292005,39.09174268411623,4057.144241809477,0.40470587432917016,38.1980045462946,8712.71850950117,185.1600877252611,61.429990037990436,1
3.337819654091024,25.88101828772606,0.4888978317924514,139.42716117836184,127.66647756543124,97.64565294354102,410.82364955555283,0.2252071002162016,95.68146705908778,6631.478293998225,10.118116319975224,181.01762467765286,0
3.7129074976084313,79.06625642791886,0.40177880065432425,129.7277913537631,166.8335824411331,95.46663568790689,3472.8847430569776,0.25709608939511175,32.997489529027646,3417.1187934168834,261.9965837323336,173.86802158147103,0
3.7051574806626295,47.26372867849902,0.9938483888996982,55.057642690372035,123.80814800031507,80.01375827520759,2652.285225026746,0.4794549781497657,96.21859094918001,6836.9954572462075,252.52890013520434,47.539752061245764,0
6.895261812696381,78.14795724497905,0.880314762148927,31.241313737324393,158.28544436188722,24.165892081918518,6860.911539434868,0.36727770128070925,90.1485851100749,196.8321538141371,262.6252324152441,16.237557410086232,1
7.476269275592539,12.791163636958887,0.6234059581594401,127.18806536534217,298.97526109559266,6.803731409166969,9487.90497691918,0.9138145226249442,27.038323531065632,7356.426600113652,487.0156124860319,125.42767881222349,1
6.500212590582958,78.94143655236432,0.5693773611822828,119.86042322788755,44.88910754529214,31.690413772062477,2680.4718737863777,0.36829546765570953,80.35417768264277,4870.160405162394,455.72700172741963,67.27374237674195,1
8.77303529084725,119.92964709247998,0.620660479824584,35.871202057848194,204.25953337424554,26.679454943383085,8114.659391516818,0.3734445911454355,99.56042018035059,8131.821472844613,80.856389165054,134.41687812121262,1
5.249223477142224,5.785444663266723,0.20131210782243325,141.02782911411268,121.82028508375649,50.59258001463939,553.5981693840952,0.38353451243397696,25.266300217128233,9546.376520064683,184.4412607779446,6.423951213562895,0
4.714272517691164,117.26090210655808,0.3951377432643186,91.03439834673128,44.23789067766199,77.7727910067793,5381.2101003981315,0.8366202103676581,43.67771693233197,9257.885494945684,211.97808973163094,26.679847035497883,1
8.211594769136761,48.828955286744474,0.03945953289089932,133.5521183206306,51.82734519542131,85.8322938878858,705.5006370989458,0.6507883208469019,52.018073656675966,9092.650434553407,180.26645892582388,137.27444655452868,1
4.341575031116716,104.4904140404711,0.47554603748682667,167.47341595403014,285.035566342457,84.48640854105085,9340.329911306393,0.6141688503188927,29.49311358038643,5121.699559338871,399.24798180195654,42.47413106049955,1
8.779335236643668,93.88625808699281,0.5430245839576632,33.945685715384634,264.4824415299698,35.967556122306775,7663.512805573902,0.3341430223838622,1.526483964602976,3601.4211413893804,262.01883493379347,171.51753515248032,1
3.072926848138898,68.04195131840014,0.2277497361032096,3.8289735993673357,272.57737832243146,68.72343434606829,6579.4991120459235,0.8179041768324394,22.012924419752665,4650.353247306728,286.0499084858125,11.718177542027085,0
8.819272960245835,88.61390511015918,0.9640288471655137,155.82051727915734,297.502168869079,31.283419752422002,8238.963816246644,0.038363861355701134,28.193688434175847,6898.960033133608,426.50677949396277,43.09639655711492,1
3.2589594717034567,105.42186735616174,0.909454610937242,121.93948503052319,66.45304005251279,6.090554323518271,6475.197955701631,0.8707971723381132,44.35997013181871,8839.977768711868,402.9640767076793,199.71204969701373,1
8.346858682188426,48.49683859812396,0.7221432354559059,139.92791392442433,109.85460452239822,70.15652656029422,9689.443971742912,0.5127498997939296,17.110247841340186,2069.8630300011955,66.10576141014984,86.61522051735852,1
6.166206654517799,39.243979387588645,0.5333866287653626,167.63099499772852,202.4196138278357,0.9827552569787845,7139.579478647715,0.3982502348634128,87.32543566916726,9181.93158461703,356.95729204181714,140.5931327089287,1
8.957788776715802,80.11120626763017,0.869969159647685,160.5621869649001,147.72174925889095,40.91825874584886,9246.586095822468,0.4971672807176857,70.4911132731336,8151.802319698891,217.71806445101777,36.53260977140273,1
3.442779388412393,96.94151303295104,0.1306523438234629,192.18402938576494,128.42491234660838,32.937926930207574,5171.318920106381,0.6674155305338311,8.520047755966198,9788.560151782347,147.32445153125025,121.97374699710754,1
6.323125706407925,91.4742161731939,0.790509794274885,107.18701577042364,110.55431855399995,69.33775385188524,1170.6441298186264,0.01276542651789736,65.00924511399315,8802.517732816872,25.009410451093174,145.2212136738837,1
8.815815213714593,95.73763786303614,0.1248208139668483,97.69912653198108,180.1652864233184,76.62454727603789,5281.777214230171,0.8715518564582477,65.36564764056205,2799.3732969190664,243.62478017272548,62.89532717330211,1
6.138587065020893,52.26999777755196,0.7942106625494054,80.37743997814601,174.80006144882418,30.409463597128383,1268.728280630933,0.4467395253113928,95.62211736436277,1059.559113440477,177.71834036226568,165.77942239517554,0
6.776391828811575,98.14010594100259,0.27576756825135695,30.738208568840907,52.63006104895082,81.16270144448535,5924.934791764051,0.3429665197000782,0.30208713561612477,1122.4107199158861,125.7565198382004,120.68351569445666,1
7.1744921339077035,14.425086644473012,0.8770905810181889,114.52144657640449,144.1632520679395,29.391676050493377,4824.93060527663,0.1382455656340571,24.79324498058072,2912.233185782761,347.3358647984788,77.82460192300604,0
5.727246388606639,65.33869175530195,0.9440420938253978,55.40250486519576,168.2741739819057,44.63263599865612,6225.753978327817,0.43946537435844213,92.77914793753155,6141.837239845392,384.7426936577935,111.52847866863172,0
6.765348480504381,0.6910392597745885,0.14879596940511564,184.2615024425951,173.2346469257602,72.7018527014134,100.46981054831593,0.49632277128437885,93.21339153982831,8043.203260971725,122.3947595147124,115.35216948718485,0
6.505885871538601,38.950299588032436,0.4626756050653935,116.63816085541951,66.98162190914378,69.29202292247886,1948.404916553641,0.4036466944934778,72.05864193706374,8992.503069815648,24.723718339673628,33.1070585387732,0
8.406948062945933,43.975384184567744,0.9809873781626851,118.56803610162203,223.9700607144246,98.73684723122,4913.304319121309,0.6786600938268971,76.576332104754,6237.5338436923275,424.3763502826175,80.54647397339323,1
3.272678282048747,47.54072299311065,0.4834074359731466,70.98493217540201,12.433732972215541,22.51610242159319,9505.03561589135,0.420896528759226,9.148295792964712,56.3131274805373,4.979870602151659,68.68611760389862,0
4.685779137553382,83.45606480278346,0.8635475225145451,10.397870395541498,109.67539738523298,66.23179135395823,3836.090403551584,0.9614175778465733,51.38758347782336,1863.1677651853352,468.556246960736,80.18054451582522,1
8.702468904459352,46.62697215244149,0.5887315221313199,6.348753074597724,235.1627313180119,60.96819082757774,4243.720260536346,0.5992775178235918,23.15829912889994,997.2620385336794,313.80993699135297,152.22211769705157,1
8.341582703345498,53.84323471470368,0.37532990791960186,84.6670288306395,171.3484117113437,91.509845449003,7146.9608900662215,0.807477935651909,18.121804361361725,3633.2447556901,160.92331760066014,96.50768149333453,1
5.733940516714277,28.505295704919295,0.2857835555258702,16.91307561944757,82.04291759070377,15.636214164487505,6037.92757286118,0.10935590310947885,81.03032991233326,5013.509936337459,123.2389547883681,188.06323064785286,0
6.720795586809221,44.79021499552081,0.20322309108608727,121.36939110802783,210.01117020619907,75.1798163586933,2989.261500983332,0.3972912929459057,13.503813668054743,433.97178578560846,4.5028321322376215,58.73528267168724,0
4.664287097886796,27.272355271578178,0.7617981913776972,176.1946011279315,172.38032852604164,56.826861626876834,4108.1639556742775,0.3368477014471527,46.86516369963852,3484.779757956553,117.73570850543858,83.1407156569858,0
4.128726958342568,8.783510852213237,0.3865405068230279,176.58296330374444,239.8918647896342,27.46658697879054,2176.9979885723246,0.5694823881365918,93.8578239586033,1791.7967462532258,68.86415075857056,157.3913620958083,0
5.782190429639893,72.41383120576535,0.5112754622007512,131.80908202644648,221.8324299259979,47.44349141471741,9660.214591302085,0.8611135200614256,18.583205556534253,6470.701662588739,306.08311036157284,109.20491866415006,1
5.120113368156317,80.18553582660195,0.4923254800011819,42.2463662945862,184.9818370006892,33.37765970697978,1306.3438155735973,0.07833821776200667,97.79934237382346,4642.7236932434,83.27279429690066,109.40562928488956,0
6.501936671105232,74.33884152115374,0.5772790292331312,172.59936627177441,149.01241421669013,57.931340278846086,3718.3678456641946,0.07257479804471079,99.4287985761059,4953.176469339088,264.31491876830967,10.668032601036703,1
3.4664078217899092,55.61928525606868,0.8655771456245522,177.21868706264164,44.2887270719194,88.90006108146659,258.3897222001119,0.8503177081575989,55.561715468240294,4276.917880334611,295.0582111722354,79.71993254369116,1
8.846368845996999,45.57429362150758,0.9807393435834294,39.33071699059174,82.09324027618821,56.9304984412202,2217.794919335464,0.21285008603835742,17.014274017715792,9560.19710486567,149.02084917345726,54.146746484346494,1
8.917264466877617,103.60003794861903,0.40758420857381694,147.48521715413546,128.63434451054016,63.17224183265841,7804.711383801549,0.6687532544498137,31.610488794089562,2147.351251215632,17.532474509359353,199.86702456622308,1
7.18897028411847,62.289814216346166,0.8275189221063031,57.30390978542459,181.79328966688468,51.874784711470944,2011.7523228887947,0.5428781323608052,42.44928326765351,5166.642598438743,18.62694030709805,61.671014126462055,1
6.216578198064722,57.501825315567714,0.7645277946547177,160.52806247058592,156.54381728851493,5.116550644547591,800.6340252896559,0.8328935948872295,30.932422435822293,7360.173683653359,13.173666096958803,176.89930695877268,1
4.857165697717966,3.0770478967722825,0.5735289514555733,199.44757998072055,90.01443515806119,23.285855687609423,4744.531798445233,0.12508890983640353,28.063557987651578,5568.4441313456255,369.5623335682731,135.2467470080955,0
7.882770118241692,40.949739315138764,0.9560471436119331,6.005201065878563,6.906985547964613,49.20017294320827,99.69234734518496,0.12978296572261128,97.22297092163575,9290.20885716801,159.00485240714906,68.18328183841808,0
7.108387035323275,45.62347425430285,0.20047451552840279,179.47317315818637,151.39057046074012,31.023528374470477,847.6615442633317,0.5568183602783076,15.336482741574564,3779.683556412842,398.1500929838318,108.70687567482473,1
3.975701636069348,47.85873370762806,0.10926421030962141,124.52610671973162,89.25966662586171,18.176359776119423,8076.258695629751,0.9463786533583709,73.33279087168623,4636.75805773178,215.86641192142457,168.10717598983877,0
8.465563106963055,69.62068430727987,0.8539619669554221,194.67652383296422,221.70944870960784,50.41328419184383,7714.733448596064,0.41499775837075425,0.041028943917487126,885.2231521472842,226.49905041498192,176.67365960618238,1
7.9352234575390135,64.03230560722541,0.4391498166337483,93.00190350528553,12.06414825479263,32.28097934478503,9151.38820404896,0.32694210025469495,59.61826694023769,6089.991110519285,256.4413012547869,32.07877500122904,1
8.698799479751544,72.94861113521335,0.8469688542070605,169.47758611427474,177.5242043352083,25.810764317341473,8545.154359107495,0.6066893231978858,91.59430039540524,2882.11968448106,356.51572818755193,67.91462824163392,1
7.35431705033016,91.7859913850554,0.8930902051954149,12.478813719655445,282.7349000642893,46.39854174403808,6831.755632398181,0.9304486005450311,28.793409409321903,1603.0903951556886,136.75143291485352,67.04463604271433,1
6.680491175614739,97.55828864593121,0.06245759361907144,67.05581001565915,56.450733797892354,13.328425808217315,523.3285730066284,0.8369278328446237,18.55259752577192,5445.312929045081,60.79367476676345,8.408959215188938,1
5.509458217743713,86.17476914717933,0.8834647629860607,13.403307550241994,144.13659977142564,92.77457330754073,7828.486179866575,0.9954836107332199,65.1679794878427,5323.102633799106,278.0286675957307,119.64755197037931,1
8.596370900124079,114.66284351459217,0.4483190553694222,195.06862669581412,31.96948758605576,86.7702097919239,8455.108108405604,0.02256858320237709,71.26014072983932,758.7164122404755,163.48881162136962,170.9640105984376,1
8.19638333700245,2.1879099211633957,0.5104324890042322,163.39478145436735,189.576164117099,70.76205857405353,7990.821457719545,0.11285814471276223,68.80305189519814,6982.154534944728,221.2456568340187,76.31487756510356,0
3.2713120206371364,23.493358282025532,0.6265925110932102,170.5094842491941,167.40684577588655,10.621382758845622,5084.7903530802605,0.609467763366622,31.931688002137403,6237.721906508529,323.4733541686527,148.0071889968354,0
3.158201846983512,0.9075449973770544,0.9263826067300868,187.59304628677884,125.17282964278554,77.5877254469693,2329.0183864948167,0.8205764393338497,25.22024021593309,1890.172827464972,247.0628705706353,125.54008272014798,0
5.258780201268298,77.69696569855236,0.01911609442976403,17.02069722395707,158.80622133475364,80.7957328109019,8453.299756887267,0.28524434230676654,95.59187999620443,4694.348621540438,310.1394085504214,75.12974709860016,0
7.863319984690998,107.76366587399843,0.4768434683178171,77.11951850266668,269.489524248358,76.77646177143377,7271.628097401384,0.23921108803421876,92.32995082699294,7203.229164785599,272.10000105681394,28.211959898459416,1
8.923656775889667,29.217875589155913,0.6877220424305607,14.206977808800424,62.906819181764774,11.396588711924116,9807.611743888516,0.7869757993812009,45.731660989282034,5294.357405412765,369.8981859680496,141.86477055519347,1
3.902501346621169,111.2441453755568,0.7227069576982285,42.15862031000572,11.656530953077434,64.39079570677647,1556.925977559329,0.05638185385323158,84.61938661543734,3954.890761835702,352.96830885581,170.9130337882481,0
6.564784292112811,7.232086834747302,0.692532431537108,45.87315540753447,259.1911409862348,83.43247957493986,2256.6458305205506,0.3693826475825851,45.2323477634296,3223.3845808094366,267.0949459043096,137.17089848029838,0
5.285345139786129,112.13232321666172,0.13443512940812186,93.82144220951574,175.2495393044324,57.73534012196677,2117.981498815027,0.5058092225923297,42.43890180725104,6103.938666440536,339.45151042985344,3.575696806963613,1
8.819486386887618,42.194722468756126,0.29939558837168123,53.712433490728515,267.7442443612435,64.6407375228089,7925.397676213367,0.5603486743503234,15.676294759929466,9391.086983102407,436.7798011363064,43.24657887819825,1
8.052713538814253,12.170499413905983,0.35871552541701346,20.19562136355222,181.0988409068859,45.83634794263062,1869.0729645011816,0.7286151567927769,42.64060564919728,6717.448404774834,216.1356438940843,13.895996976706382,0
8.029972228266827,58.304611102359075,0.804437207679505,33.498217818821544,243.99752153811224,52.87073198840526,666.598298233061,0.35484572343065823,53.7416938599807,747.4590363631551,206.38153637439683,114.07721991524535,0
5.812158958769822,30.813188126460954,0.278759872414553,29.455112710418184,131.75364218976864,3.4376858351725215,9985.608065856286,0.6126843446746072,2.2504327428686466,4606.849734821338,382.1228104261901,151.2955357680825,0
5.488917014025991,34.18474823543074,0.21070496386720317,194.61535958245966,226.20867973003928,63.89630219732846,248.17211445149147,0.5853754227909563,44.41130051754064,8908.241315106276,291.276918520997,22.11583741373189,0
4.640442431584237,36.87479579115439,0.9574480190380962,151.85850138369472,274.3472327325075,8.14472128911592,8352.440601588656,0.5476161006537471,78.13562183952003,944.6242580108687,35.50339011129427,167.66756411867703,0
3.3382529799055627,96.36310773991961,0.0088632851134689,193.5522930539124,173.77627429805085,43.50145943402234,3653.668415506528,0.6404832931422122,68.00460563742699,9888.757121375433,446.05600784554065,111.10179567909664,1
8.188334257530318,64.69935320103053,0.9978208556819782,87.94809730158171,58.33161941590196,29.265509766740784,8416.154597578152,0.2594491710680763,63.5156988863935,9490.693936454212,15.391551118820068,137.993802428345,1
7.877406054780465,37.35692389872044,0.6768212988573956,55.67369633253132,84.29529643390846,54.54279502117131,5546.20491211145,0.08464875358462898,90.95554284372025,782.7448072987586,374.19817810487154,194.28036972172924,0
8.998306039716784,73.2400539973102,0.8284692994491171,159.65863944183732,63.6001501847347,13.341633552320708,9016.312294863601,0.11927167203974343,1.803200982523001,9334.133204495549,379.39707135215644,16.736197649539463,1
8.979821022443431,85.93808090678323,0.29461939634619316,65.25078360822936,77.8228231407412,69.16434019733182,9261.929864146266,0.22458238265390107,55.70475861922341,3631.325902594622,476.5555426409652,180.24480459555784,1
6.332590233615765,32.71488008802405,0.014315277667059978,59.87667474106966,95.39255755855574,79.50115369284704,90.98181280775997,0.5001979355227852,78.73488484097071,8447.091670758626,27.06720420116038,25.220539197481862,0
7.613924491083063,49.62589218304218,0.73786951856153,46.50119844156624,168.7644670921906,16.33544497431565,754.1217599278826,0.8404427505460201,54.13353827012672,4183.833377132715,298.4284303922455,78.59176132733646,1
8.668594379294568,14.626331200433707,0.8341445970006758,25.93579564484707,178.45753069183067,10.431308735188216,2503.587295708555,0.7012933420883841,32.389555258037916,4408.551127025159,213.92028531352648,170.28773926622287,1
8.097884344064468,21.737921944161638,0.7404761319535191,51.292612203353194,130.81742543634903,14.551548278735915,6693.154163635017,0.7890406042020471,13.625056509197787,6342.430909775426,165.31647742977103,181.25084734757365,1
4.484088610459186,81.73414247579794,0.1428502873008386,71.06394969477753,186.54913004714646,87.71275618985017,8882.72196511506,0.3509756239260914,88.75630718161914,7744.774192759834,45.15928014953652,101.27433470902906,0
5.703264811860561,21.772601723475233,0.7534279222569691,134.79884162914607,29.064603055352947,52.81892617563562,4599.419512939628,0.40465374164855017,47.076239238760294,337.89150948248636,281.3270598356546,118.82092765508503,0
3.77495649090897,63.01960604004722,0.768922782107641,12.512968443890315,30.89752993215719,46.72609960075026,6069.731162742654,0.3936818859906128,87.81151969857014,5931.559955271343,239.52036283730683,141.62946691971143,0
8.724306163552335,85.08555140669192,0.6585405156700549,42.101387933068594,55.689690805509244,10.671181910235427,1884.9985279556115,0.19187318440450152,58.58521224331683,1867.3299409737099,52.27722907551213,166.55173369054285,1
6.63704780670528,12.82523077136926,0.7661159327955862,161.8047280583353,157.8328619219017,64.95560067569618,8049.668338816853,0.06121665814357202,67.41921166150007,3459.4951786320294,306.24475354854167,24.302233907533232,0
4.371856833020776,68.07746635546843,0.8459214396777321,29.384384716754152,68.1284302160025,86.799959189509,9673.281113534698,0.5909160928272268,80.426115437845,3479.686661552165,368.9765601264692,162.01386164584554,0
7.03020410643514,30.78753404416365,0.6136041142374584,68.5290293045043,88.5688990303103,82.8185869323453,2685.989329145975,0.9892166834205861,65.91555446001344,4690.603402211536,383.6391505268241,96.25523010232335,1
6.708769442747375,115.55122502850958,0.08860471396967906,172.93178437162803,123.09228667103325,62.60547089808013,4948.259516005463,0.16682970495026284,39.80548406789377,3341.3641187617336,452.6865941312137,90.1246850216338,1
5.148976308197043,58.025477606390965,0.48762780966721087,30.98506222868853,244.50050658306205,7.527871665167362,861.161105063738,0.046684819899273755,51.363338392865096,1073.6111845066775,204.7353709443886,84.77995039939965,0
3.681345553197774,96.71910597301897,0.07764933467160506,16.54736712363798,9.089330094293736,11.239702717601297,5591.366564629684,0.779531681823933,80.30455246758798,1456.2873852545144,476.5363843110685,101.84231704920852,0
7.029439173556797,66.02718505875141,0.40754303103243084,96.90759901600217,196.56675196980362,4.930898710982468,5027.834418466806,0.2525860066847242,37.36502963729842,334.37985561097673,432.71470254134306,189.0101106789207,1
6.121846205422759,5.2095039425783,0.40710648912562764,60.48390225570728,202.31857665700218,25.74792164924693,1444.364841550776,0.8296438053529284,38.81214567684971,4702.490853287543,148.25078551196953,109.64075455843032,0
7.633910350413836,75.97816507128269,0.06600984414024158,112.68167289677082,240.60345520520778,13.566146716037775,4420.66213118075,0.7039366670345154,9.569011605800116,9544.476948529886,79.64151867472924,190.63550765262784,1
6.12098100667196,114.16840106479884,0.3488205339694793,160.76097809669503,280.1621170227924,26.004804025243388,3341.0465208656324,0.9456735370508046,91.45844352217478,1156.7522364811655,217.6946980640067,36.058026123128116,1
8.113089001911241,72.19341841755974,0.11099809879131484,27.42969763054863,10.9406654400405,38.50580557189617,5218.308753051893,0.408927235756672,9.103631494544173,9462.64493003082,200.9493539779833,144.82719576652664,1
6.311441032646913,98.30266313121483,0.8082352100092222,116.139816910857,50.36619312639878,94.29827840711357,5856.543354287992,0.6619698394506341,64.82091774485559,7333.615147320936,287.85965266560214,162.44790772174943,1
6.365627829212317,106.10477560180894,0.9476880259644708,101.10175207797279,266.42053174651795,61.03760597816921,84.95578607209508,0.4648547808132707,41.31944788027977,6374.988029341632,291.693116163874,135.82576626697238,1
8.25992161595007,27.369572633871897,0.0723164752579386,28.815757202639915,140.26297584516954,83.49737856829623,7610.0598294955535,0.6305886973085435,40.561939025544234,6452.777553235629,374.99349218998765,121.38445604530807,0
5.420897197274382,25.445380788987197,0.9551152072917014,124.79969710579648,171.55423848537174,71.03515007123322,7130.142918617408,0.44959890600773733,67.95518365726839,8267.276483962822,254.94497410280508,112.96255621723645,0
3.804091370703844,73.317718662119,0.5225765993367452,54.72808357215433,200.59302509832847,11.250313052663174,3662.8638620652223,0.18863224642407483,6.709373262987873,1069.1986437982137,52.41132047038277,172.1860965157392,0
3.172696057880034,49.323416376804566,0.2995656779538739,97.5668637088025,205.32464832621304,73.59204063739489,529.3593556881826,0.5078974160033809,59.37057829514346,5047.543235655417,429.14566777655307,164.3293194329,0
7.530823534041714,100.78335634400644,0.07686207527616351,16.454464855412375,279.8634189783699,27.509888155912442,7549.325397850504,0.5285842014374423,77.20317859723548,6970.911382607585,154.88229159259353,24.457744236119904,1
6.7218573081207875,108.00277480776134,0.5006242680704178,91.91681144272461,299.10007813644256,63.91078469947063,9551.751604781324,0.8106038482601611,82.82127578865942,5868.204450735637,485.648730153296,169.71753140617562,1
7.224478608595342,42.41056551632617,0.7945155444907487,61.292693608564065,217.44645097462737,34.09619736429885,2401.515960220142,0.7355207057935812,17.05303893937753,8327.790710232946,58.930054339885075,82.8137238880885,1
4.277784969053465,28.424467076937848,0.7070864772666982,164.47624223707086,89.73025671551949,99.76722632646592,3235.246137370379,0.6637916239414441,89.74190500781737,722.7170901135149,479.1255861162516,50.73936599916215,0
3.8182288535206186,93.66306182926341,0.05022601146397376,11.395745399473656,264.5269586768314,26.355147949677782,1838.1288948181495,0.11338709555257254,65.61460918474422,6907.010394991659,45.50590344125849,173.95371360278517,0
3.0872679940072913,32.97672426577633,0.07290183536790351,83.72145498366599,19.520169789524672,27.913047077426967,5769.361233448397,0.720616290663715,88.18548008206828,5340.277303847178,115.51806897352974,86.40495992674832,0
5.103525352839582,98.7137182216414,0.4028732826326371,91.6862848262876,73.16885159797638,93.06722555623983,1548.4139464745494,0.5003051563545148,48.52807171101983,3791.608639799434,23.289971043270796,161.67293803536333,1
6.539506121127799,50.84859043785154,0.2952904940479433,145.00121525982374,269.7287866517959,2.464440463632267,3561.9394346137947,0.8940995361061592,54.2033345097202,3402.7498223403086,352.5565733194975,52.6807223911689,1
5.353464270598394,80.10598791497645,0.23238432305604784,114.85751501804219,80.57649675960971,69.66889878731969,6970.130139342629,0.9198709341305428,91.90382770286712,6208.326327741929,425.1493682858959,0.7858642844435604,1
5.624849532142374,11.464237660160181,0.2810044989087136,133.44246743883622,70.0920625884158,72.53263907358782,5601.159830093484,0.05515659060178546,89.99095433546718,8909.953746442648,217.0355409079902,99.09183858058887,0
8.424952166962491,74.86311896118876,0.8034827432968846,155.4098571303512,45.74696147637294,83.63785774103994,3864.6256432793525,0.8206415603544788,44.8160873369002,4961.759261011152,464.26103752121486,20.045651328576852,1
5.089532802139802,54.21212144846749,0.9292280536318539,172.44059473163776,258.43796850584033,97.44393106384753,4202.496018075419,0.03769739042267062,27.441263163568173,8247.231640769201,295.1495358777998,150.87519110498192,0
6.083936934958865,70.39301558105689,0.4051026945275664,62.7750993444941,152.51718646137058,97.56019191566524,5621.108826232295,0.36716962569502265,39.31704345642642,4021.5638184396753,315.0035677232616,55.215027213882074,0
7.701918076446859,20.16170492938361,0.9061110021324971,107.60454107278059,204.09349490097566,6.527675756646389,58.647278871613025,0.5422999756210791,38.77643285297497,1023.9446279317655,422.70960085038496,88.72912932069575,1
5.379256693927621,88.42484939330186,0.32149570124788196,168.02161568783998,75.52458330213375,82.18393227529025,785.0986845360985,0.14810079862712744,28.686687498279394,615.0573645863855,148.40010252591946,17.40671301831085,0
6.732520201367241,103.53564930518742,0.4764369863437916,197.8902261930113,228.62192419830888,64.63099336573814,8812.580677630116,0.7463138125690768,26.857960433296657,513.3437132367758,177.1328606638129,57.33184968945053,1
8.17418225248047,26.00877601089308,0.22602899781599972,177.90386220875263,229.20163576381904,64.73421343730912,778.7898909129076,0.008354704172138572,86.10629364797194,3801.5014195766994,452.9759595973222,156.2980486517144,0
8.697123741945852,11.485746662419407,0.640476042175844,74.29345252487536,97.21641734794854,12.83499266146948,7068.035962105051,0.16859904843403684,6.986192068466169,3372.3775083584205,450.4817480193819,30.317582380463893,1
3.8824408855742276,2.8366303255603675,0.9789811151748089,39.033303443730084,126.15137673803343,65.01871664456533,9200.381641090526,0.5807968298534757,67.76111820995942,7179.370236225695,488.2413881004354,129.43191222539147,0
8.559525750968966,77.03658005319193,0.6034930960433786,97.87850748131774,66.85863184190924,98.24825806012478,2706.836043017311,0.7143875620372924,17.28200514564523,7428.215015848658,450.9191582208356,183.48517056090023,1
5.952697758477229,72.8512843306537,0.35781408411354887,148.32829036720844,293.08550188025674,91.1818569539447,3704.914370595143,0.9166431026939161,34.45058933940632,508.5396883373983,63.68601801668044,135.96735195154406,1
4.54946632979375,65.6036895256884,0.6478174459905284,98.51381415065951,195.45276023223144,43.91306608048505,5689.214058447163,0.7054966519346239,6.154303413483686,2211.2326288901495,411.86214306849365,162.20433785844537,1
5.754814537429568,27.83365153391705,0.12292067846538757,96.6361726627337,280.6904448110771,3.994797328609434,8817.089696385847,0.671779270254866,26.997363685546205,2742.618501588997,204.91923905479703,21.79432586078316,0
8.880195451712861,46.90871950866176,0.8886590802653986,167.64608421636012,94.49873537059429,36.229349000020484,9419.055872604202,0.3943411463506643,76.84210711172422,5476.119841428094,495.40067797296894,50.14636520041089,1
5.955708563957217,71.33716022234077,0.5030839507798364,72.28075581343727,235.65781933408246,82.63903116005552,7395.632481112681,0.0012844255268014138,88.50153245472586,1445.1522390695027,236.14048216440054,178.9077704481182,0
4.9725096617250495,59.612023063100324,0.44934974203964206,171.95893496232912,230.9282999459989,70.1499101465166,866.1976085469403,0.12015925873562194,22.152715190236705,1339.4121940000036,276.9180412511103,143.02112272361785,0
6.800405125900355,118.53426242578648,0.5858647884535192,81.36096019034471,209.03841730062976,45.93436555939564,6691.541555348508,0.5345545447560391,46.354783925892185,9437.88889207958,264.88745762839926,127.91076527546224,1
4.440873712669158,16.372770306807976,0.6247838627894025,65.64662113566789,289.8634977037061,5.510153515883109,4103.03721872662,0.6751298858444197,47.03240479372064,8042.02907297781,160.86851492913888,132.75334722434,0
3.4551799686519837,83.41734648571125,0.07177580622651303,90.7979822399398,121.09882415136309,42.68947278233026,4707.009994910616,0.4174482838964625,87.35753057597341,1806.5490209117029,37.51104444645909,82.84011086092869,0
3.7732783314638954,48.518252172515055,0.6826172212234024,152.48939173497368,43.5616104589784,46.90249397178835,491.4839034517704,0.7306790115283902,76.27990528758055,4065.6780790549096,447.82561520095925,8.911326323530645,0
3.768275033746635,51.38395379107377,0.24193168031552958,25.200405572798857,203.15411347699794,92.85555328941359,1910.6213934635819,0.5218622953321788,51.30772183680499,3556.2199925756554,401.3379062631434,156.8883084141458,0
3.911416161073766,86.11173187898115,0.7139526325065898,39.28384317440348,220.14639114077582,64.10861035821594,7905.136075336477,0.07417619559431221,67.07472004717734,7910.040740654073,69.76339027983464,135.74264724307076,0
3.832963035896461,83.09233815892436,0.8225347943841967,190.2889651326184,174.64286917035034,31.16529166546489,4539.5883304785975,0.19201625096794883,84.73550539093668,5102.12916478122,388.3841356750364,94.56089282254494,1
6.845248468819287,118.9507192442626,0.8039585075525203,35.09832547627148,66.0112784743519,52.53182644507214,3016.6224163114885,0.8399982232439429,0.9538954025544943,1278.4973699346701,312.923333025305,179.9519230736515,1
4.0912805063948685,15.407314734495028,0.5525009674078891,113.54546358621091,153.81450279245982,6.605530782216007,3840.1907396495817,0.7249127466244395,40.28900310500486,7389.920631562439,204.57189395881116,67.23193299701977,0
5.074003699943179,12.493157926099961,0.5201698923107512,115.86289333238757,97.09597228789318,97.25682356497369,8543.995133256802,0.894761987012495,90.72431672770787,3968.8797822491892,127.01057454778136,58.86434884624718,0
8.380730459436071,86.92065805544894,0.14287596133941172,97.92489241004895,131.10262580917328,36.0059901930726,7489.990174049569,0.11755724912093657,74.03130308439513,2629.2424763214703,429.8643917511162,174.55926501588857,1
5.843769841577235,69.4064300407691,0.7753461504031356,128.9490497153637,195.33947987417585,47.78673549131358,2723.153971810828,0.9902225346150739,54.284137433407466,3754.9862202072013,350.09412964702653,159.3975309517971,1
7.0053464311261635,32.899279987176705,0.27140938044671437,45.965345159523686,224.83834909379618,35.52839742369226,1175.018402123733,0.2094067139499336,52.964452703513345,4977.565636068964,273.8699547345684,102.99596212966895,0
4.033919227209779,9.530324278678393,0.49669542281794654,110.53245355534965,73.50628381589623,68.25117301162001,2519.982216440717,0.01177987628664201,34.777009760443775,3431.1551641700944,304.78426694923206,26.146947891569994,0
4.153734112852025,10.278989951571663,0.2842740929275167,74.43465104937943,124.57098139085124,66.2232158329593,9207.564510547338,0.9974229390535542,52.052053364151455,2419.0577259175784,45.533091041090486,43.014294293010494,0
3.245211697598873,107.30290495969419,0.13382836299969314,132.3334519258378,84.40266344253061,71.53223105291356,5815.888378497553,0.28107388544511314,65.53831994634533,3985.0202880398033,236.95988045559596,131.24559808176133,0
4.013610378432987,23.02407896624915,0.6295576968917366,28.24470867462989,63.59632608925139,26.814322961192083,5334.802087447829,0.6680194525125599,41.83630384287931,191.72910749898242,96.850146392851,77.00824756808234,0
4.671542034191752,38.80458745386249,0.05433203482290383,114.17548336789525,236.09922989877234,31.566848116406597,5963.935996924615,0.1766823141763052,71.4153146392174,7724.978460963139,104.19183950441268,167.29463833319426,0
4.062062905660481,27.198768267238563,0.7486452341262,37.05407107666474,273.2295448589128,12.525123109620795,3660.2826574651526,0.5802285321991417,86.12322272603859,1709.448935675858,330.6519811434334,189.99100186644083,0
3.532215202542334,42.599556699832476,0.31758679526111666,55.72861262300728,114.21849477695014,65.55099718461126,8071.070203195128,0.9040349864545593,15.468484818486116,439.04613630637243,455.62807591714403,161.12738505498365,0
3.723815226603605,8.330861129531204,0.00013469300448532007,43.74196006471664,226.62728269026124,3.979712733565255,5232.862493002498,0.3201811674284386,45.154702281742445,6536.986929050792,201.87830523917327,75.50908459911143,0
5.764672608196355,62.28717490899244,0.5111291392372298,36.56755597376342,269.6136103625013,59.768233552345905,1167.4790276879555,0.6702539760443592,40.80200912850811,7739.361288236722,103.87463650609519,157.7372858462848,0
4.238002310434755,8.113507631065788,0.046851908527603126,165.1421903121334,254.60664210641832,86.96958848516338,1290.6512482906296,0.1879035887984165,68.74648040497281,8138.291315928432,324.37346861832714,70.2883346941367,0
5.185619166288452,96.04278093868339,0.27616955782089947,57.14151353217807,58.92994961907164,89.08321482896335,5368.591465026184,0.6247953987187252,24.986746525792935,4935.091826606,435.59352317515885,33.42001755312678,1
6.020503625129141,28.045449829251965,0.7069764874557162,185.42475637288987,287.1061050464416,44.90377603699617,9365.702180708391,0.33645035181751015,64.02509149522763,2053.681846899853,374.15940056124543,6.678640973171479,0
7.142368971776191,64.80142975254127,0.06268962162186587,193.98530506903816,116.11954992669143,45.930368821307376,3083.5212167619875,0.21120825858795167,87.74892417314881,7372.276772498268,434.3786152682936,77.143342552204,1
3.2358728390465936,105.60949050737499,0.8393384923560023,114.25209398741947,105.07599504628172,7.696918300801736,8695.411688592183,0.31318205070363514,41.81315997936227,6997.130771543371,268.27733550539966,180.71186073945637,1
7.796462393454256,78.1052842856633,0.003819922658583108,28.60022453314528,23.4172415469452,67.07650254430358,7640.955865788793,0.17884106850779935,91.101569997922,2462.7073410317325,375.93812218459544,47.7973175511353,0
6.767402336945446,63.95493438616023,0.24682386920190225,74.90964867591626,148.42122796094048,82.12594203728455,2478.1244290690684,0.9019161078378828,99.31637389334784,9034.07755862793,70.03227967946823,41.3026329859568,0
3.4905541916932314,38.92005037384507,0.7409040561520714,159.5464526696428,37.15901661407397,24.465505460471306,363.40748316242457,0.39718688631712884,10.609204994795206,1043.7145808282899,174.13730768159576,193.96415704820805,0
8.241471744640663,39.96022956698375,0.3162701497293068,73.47814573941409,78.31924717359067,42.13008816333647,1018.4726514238274,0.24527930497436734,23.305318798485864,9826.882395913257,194.77458224076122,5.000822570118424,0
8.525234403190879,80.33843462378282,0.10189238806601353,17.40344366055775,98.49807342134801,83.88393367652704,7284.939338474402,0.4484078410159329,95.03797514820931,8602.478109774645,255.6478731230173,157.15643007875087,1
3.3664677591291827,119.2967233465401,0.3602339188004279,111.35698218563759,243.6037654300468,87.7120467662288,1996.697380406467,0.32053616680649555,95.83276864813868,6878.986454790752,464.53818012841185,64.27399114817408,0
4.661265888883222,79.42070278192543,0.27039328638452553,169.02417029920696,263.26915186678946,24.317998026422593,3712.7092050539377,0.744419253813326,9.77072753867585,9387.498882798329,437.14828011108716,7.497591373931867,1
7.837207678758368,66.93401008440298,0.8427119021605549,159.1852774287005,94.22756365113355,55.057063454136426,5016.991660064248,0.9712199118854944,1.499850037713668,7223.111683237078,67.26274614459227,183.56050804191673,1
7.48955814230195,87.67806122870954,0.31334791758514313,35.024628026070644,258.3159457671493,19.249315063582706,7254.681684501628,0.4380336566976468,16.110002325642224,1904.5699703004593,86.3948259412316,27.92846604191672,1
4.107126116138264,55.82467347404618,0.7889324717760072,134.55292288249333,257.88312652408837,10.187876413955655,1132.3122325912539,0.8610333999722404,99.60127833822483,4421.561381128117,178.82027479445566,110.35585674513908,0
4.256095940020262,7.217081112094226,0.8918721448107347,44.10085268712942,230.5720303635377,91.11205013919576,4063.664052774615,0.5658630735596195,17.999961661068685,715.0302433163536,145.37193294533697,54.810841485909556,0
5.222832616748292,67.47561790534918,0.43381741957652953,43.641506910434444,48.275058634478555,82.05075042321091,4850.729091426954,0.15723566509423348,50.254760672202316,3896.574222881154,307.38547657813115,13.038560436938207,0
5.907137911146128,114.91503414064563,0.909943143854392,174.81435466103704,208.64523983571505,76.00349018031739,5408.270639715397,0.6906227420813416,84.8417726430511,7416.030197372086,451.3880238822724,9.984497132675818,1
6.709528629181776,21.036353082919156,0.37731805396319285,49.933790548046034,283.7820990512678,4.876631881314042,8183.606413952167,0.5134344971258201,2.040161068820634,3864.433509308174,481.1457708362934,23.111339767267758,0
5.213481837418635,82.80058689847989,0.9640784164901082,52.64946930360224,206.34944123631132,84.37287927102575,1716.781950432169,0.6506065232521034,60.44889822584595,3302.941754681341,326.8014762676132,14.27340277787601,0
5.775208296798887,24.112042639086777,0.08928952452557293,0.13067815225991097,102.82697048681102,43.804407590538375,8078.314518266223,0.889687412571665,27.702544886962432,5953.557225103119,419.0796007005433,152.11162310398458,0
7.48482562880254,64.29932213676975,0.6870192665032427,174.13380682510353,152.67089864209524,34.23951232958596,6928.784276966522,0.4404345706560461,86.23349164397315,8722.04528998895,262.60110011539854,97.11324045668583,1
3.2200992173435874,11.601173957606354,0.49381404045692867,158.51896264182693,195.48888778856082,54.647636102537646,5558.708141989593,0.9011776232173556,28.346114926407918,475.8319254611243,104.16347343001986,68.57841826979593,0
4.514621666064125,54.04451235098222,0.38764880545564706,125.4657870181356,155.61827057490856,9.135324272355582,6995.278704025719,0.7506690142816549,68.67557202819089,3854.704346997354,262.3442060467387,83.67378202640143,0
7.280097515307315,90.73959946742953,0.6327118787486009,150.05315278776845,40.386117810636094,75.66465493523988,4120.177389516564,0.48860492587798476,67.42196324473969,1582.407418152627,277.54130071882554,185.78934711452467,1
8.371241026123196,41.70858290867785,0.7038570916343312,30.40971348489836,97.05889317234609,58.24350768882959,1383.9758596812458,0.6032221356579637,22.149354885964,6953.542507318696,371.2287821067783,182.15036254762944,1
6.070064652693997,79.78940693846616,0.004363269650309087,91.66471891751509,241.7068290133216,18.659009687316754,6657.652402653674,0.32558113251901144,3.4799199868350117,1057.2456043113486,109.94149485367456,143.13529602451538,0
6.192680911591894,95.45399529476751,0.16695308874719872,70.24387746975617,259.11832359817765,18.82321997690456,5246.723066856222,0.9835972997387742,40.92495737853973,6648.077585802445,184.15519104336587,176.93647548433756,1
3.6430320680386563,111.26133833753431,0.7130460506343187,18.7553052514033,45.50350965109322,18.424865157267423,6393.748005427755,0.667351163050396,28.91931519658697,2861.8087079790735,182.01373460728314,63.929605517524955,1
5.684474200940728,28.157049822654425,0.6663854135782065,97.22609704298482,285.95409195762375,5.700238755193398,3379.9878102849,0.043846852496629896,80.89777496137086,1989.168137372247,479.71979787058245,76.22186520165657,0
6.195703598730139,47.91790989711698,0.9660475051286772,184.14793006852707,102.00267226533975,58.77984493716848,9068.66577339836,0.32662190574800876,80.03641884553453,9363.525578249853,221.97248016335948,122.74243637084561,1
4.454823021808378,18.289921599650093,0.761037790250783,8.011823810138896,200.38255292556238,84.0348177588508,5873.6986857557695,0.6233144337590575,45.70239521926255,185.24576745955866,377.54698364907324,124.72518945945284,0
4.615459385696286,119.09802025900503,0.950772707731338,58.29218269875878,226.78841805722095,1.74982139873886,854.0248429087383,0.0563332777992398,60.65122253232189,4377.77271889569,375.40569068721953,96.33996760246819,1
5.263704978627736,111.24011615091544,0.702540501534807,41.50818724114069,244.5241392181756,4.900464497127355,4498.039907044286,0.023884191319142767,60.42595159869252,216.26992461793782,132.77209240162068,80.13156968759066,0
3.120427186666358,64.79485563366715,0.29805220863944315,47.62933073313926,283.9961621566494,57.27702766869458,7563.560547436343,0.45002423952780257,82.71581484276234,4835.9304810432905,285.93484468586604,197.236062321739,0
4.93247499349907,101.04399532517056,0.10536492225085647,181.68691037587504,97.31126666850267,81.94956853860523,7941.345617322724,0.33269017969267,42.50024141231975,5010.473777944182,447.15144665932405,164.22472522354488,1
4.268688041979268,62.51495727264506,0.7818238633449356,93.61381084685803,258.25940409270856,32.67388905686336,4945.970527637588,0.4382986080331659,27.544667979050907,3216.6247139474704,237.5988597284747,86.99603957760904,0
4.964984113067488,74.83028256033117,0.6441492214759159,93.25988258796376,43.847636513681074,34.96143988077222,8947.475708313012,0.26269330988000517,26.503491814054748,1321.6177752502367,472.55875367127305,145.4584954479137,1
3.7185727909155073,10.694931853921993,0.04818601239329623,152.11512849105645,212.98706737430985,59.63464974967759,2676.6843719429758,0.1647177469429809,53.61922792822041,3763.875377344753,107.22911466208079,53.9123386504919,0
8.34316368443937,90.63245045961695,0.36005046590097833,30.89844080098516,223.88343020662583,27.4212889124147,4105.986972382666,0.6891433569803377,44.91482027322126,6722.62939932566,37.07955288701537,20.033865247465975,1
6.561554721324292,15.325618036228178,0.9567998154842862,97.45307082001015,204.92835615438952,2.660836607768413,8985.9691056897,0.5145711162678005,44.01207709849362,7823.958086444592,445.72693657237465,70.48620511054813,1
7.074613914866937,99.12811563030341,0.5004011457102012,85.99704282421195,79.43284715987014,73.52285181015961,8962.567164715789,0.20015421124936683,9.113733908970723,5307.506023881423,423.8405989811083,80.59456002467884,1
7.7350274316440295,93.84337052044631,0.43272913601970464,119.38213810933122,262.547728369485,62.56499129414531,6857.127688246809,0.3195894262599983,71.86037406901956,5898.343944397556,496.29493796692236,3.3074249121341603,1
5.990653193574344,85.04936372915718,0.457699605159294,199.91154065008772,54.813246694266525,58.07559990556591,8589.805471222202,0.5918079076633259,21.37366879819107,2006.1637112465269,339.69674405621305,162.95840032717922,1
3.521521728524542,4.339245662971454,0.20888272400516372,153.8897788164094,20.822263498645096,74.16841289918231,887.7326695623267,0.07222934827247784,19.695363020872136,2873.3033322764945,468.3439633335748,71.8386804778363,0
6.2226392509112864,36.375402713439435,0.3687071708647952,79.57314060348544,216.65217223051408,67.52308375620375,8649.949762077764,0.14745300926617955,41.27583202773935,1618.9561005235842,413.47451254205544,116.0836331560294,0
6.521046708125275,31.573508389301143,0.3698132559871766,165.51061045480938,145.26533599365644,20.588198817832115,3206.199065502268,0.07324560410739012,22.77783416178014,2492.9535000461133,422.2131665600434,14.792637454191194,0
7.4726368451059795,43.21636889658229,0.0523550201874724,34.141672662496035,255.48391588780945,35.24810469433511,1783.3151242821632,0.8123173327141189,58.38582673080154,2248.8678022553177,284.57078522713414,34.999365750116795,0
5.589957277378076,10.517129611660625,0.7675676285179183,6.092737261792025,118.10215661218639,12.6110141678625,2393.6983634204635,0.7524092332120093,37.14633393344715,5194.487863912376,191.18229895835543,177.938745065512,0
3.7654818167733826,112.43493876372753,0.416504431903879,40.88967449285461,54.64218360977528,12.985701341788102,4179.685080138871,0.7533129318792571,44.89117225927901,5626.887557907294,467.2790362716409,121.73750557656015,1
4.702655434792347,66.45626888548516,0.8221798868164233,68.08231122285193,251.75044677861158,67.61957463565392,2511.9200460446723,0.716325343476028,53.716932160402884,9449.474208215046,216.05858780794722,190.0568100340971,0
5.178493778391811,36.66291727896282,0.8503480011198954,102.11615149191198,166.92834133382115,85.86001069824982,3205.6758601649904,0.6693854236698692,20.353552248180485,1955.7064710152306,269.40968362483454,199.75000687826338,0
6.875503447989607,47.63778204891401,0.21199405469865806,123.02582810823996,60.81275875515469,96.27325838611391,1349.784860716421,0.476991915378175,15.57516228655298,6416.7571016149595,223.05715356259387,74.37202306661888,1
6.424669828013471,53.66430486058028,0.6573534821701286,182.12114344288435,217.5132795830015,62.834711754944436,2961.767655589985,0.642278163507115,88.04219028736048,8172.592689875229,282.40915698009854,59.76061281665493,1
5.1365803553870775,72.07132000327408,0.4722818041629817,101.97080191009154,155.77852335440267,18.410132336095696,5722.838145420012,0.03836155478797465,43.372370283142104,5602.414637830525,235.2525394961636,171.67121103181935,0
8.919091492757879,61.881531323579736,0.8801567379214851,100.25512892514587,183.27232976089434,10.56503454489307,4418.53708091064,0.6214644226567846,41.209360963253914,2550.036525010757,23.98377928973794,199.72228540749083,1
6.634648916141323,110.32703678573009,0.21574067917645412,10.048601964596426,140.96500977094166,81.28509715367578,3467.187612359112,0.7778777055368772,3.561215027284148,2625.502300200002,441.0240930038493,125.92824684649146,1
4.423360750415966,59.63561794869963,0.6778132003100442,6.982310531244762,249.46915022631188,57.875647635999925,7464.52128857114,0.5003583603843902,49.797630258739325,392.5305307099991,222.19690945788489,159.02814450230446,0
3.6106948357224224,119.05896177879752,0.6077521222527226,110.23199238327442,249.72100112649971,61.82850210137198,8935.09971393318,0.35751332842723693,55.416972161100006,3054.4422654848167,294.47182425367436,156.3491717630549,1
3.9171548351059924,102.17099492941149,0.2953014775718328,87.6357226496689,214.26970243819395,78.14620887547092,7567.892229023971,0.2774267348009791,55.88408709546665,7446.036790033801,69.59390137899352,71.06794164390939,0
4.475746370307049,25.021261722880297,0.1366009036511726,167.8360789960597,36.09340633195637,70.32772277324516,3320.007021176792,0.6428020501620825,70.70311693228844,475.1775720711038,1.693923991319568,114.85407605141744,0
3.9640882395573342,111.67142575726996,0.6516397604772766,32.135916942369036,252.46188926170032,83.44582528560966,7444.421678375536,0.6928011986299087,17.748183499101177,2192.9528250483067,122.64504682182148,166.61138825284272,0
4.119402144307834,13.963967746257131,0.7385974581323307,4.99433242340992,202.9488292572084,5.621390545987848,1519.801824740512,0.8709675998625426,25.22231342306188,7062.3249853178195,352.29301606667514,137.62277525221108,0
4.710571012163083,98.093965018943,0.31562734376335,89.80775358602517,210.62212897126835,74.75206367465049,1303.179880912909,0.34233408246099073,81.07304652304127,7826.515628228766,49.5972650564393,4.232762796407652,0
4.040241571768529,45.67479521718961,0.6448326040223138,47.4957113504515,112.07993791914213,85.08527573220954,3456.2703703615894,0.7697723073855856,94.7170616843394,4553.184100619284,454.4437201932339,67.3411337795067,0
8.380592547758551,105.35691845340834,0.39513090761150327,9.92287466776749,264.38746906631695,28.613504245831432,8077.02369044057,0.5613558241893379,13.593274736732063,6980.743384786489,107.5112846780923,28.89513931892107,1
3.4814024739698533,104.16680281289405,0.7132068832826177,144.9196573695258,218.98462206928295,64.04472739932528,2463.482472423019,0.8828364906780791,49.76495545052182,3879.52168654892,102.2968071458879,46.594442415607816,1
6.147068337421528,96.71104801411454,0.1992152748940531,22.318599991449496,38.21418762611237,31.416206383697208,632.5340889867958,0.5278121082956208,21.417625273958684,1599.1324502412751,90.75398081074776,181.09789549826513,1
5.462380961937969,94.80365235684737,0.8902150026361744,121.66390000155434,125.29452014981798,95.7971066482454,1317.095352063551,0.5176298283979672,6.007316835498244,3981.494935229065,6.990856485682373,7.37865778215363,1
8.894271701451638,36.561496691764894,0.28740959646557973,56.20995003337783,266.4822067782418,3.3423572435503757,8587.449685295802,0.5778770814409091,32.550333812613545,5799.678202031429,385.9027342391173,43.960142392384746,1
3.672233413008314,9.710313966150261,0.3677859877561529,34.6992100710044,18.923027000726805,57.97928438329551,6337.832847472876,0.7493153551424344,14.368762518421274,9480.532818528904,437.5172656226293,61.91387044764629,0
5.38713359427445,48.35762145181938,0.058091952080349785,75.9503045838635,288.6179027944046,16.65035470495151,2532.0116336997667,0.9646904788284609,70.99330734342463,687.5095208867732,307.08135130809944,123.37681439327896,0
8.816822599652212,20.82294179838104,0.1115122123212764,160.28915524459075,205.35295765427102,71.22202051771586,5552.958253281813,0.07356335421576565,53.37254136714444,5073.940938449606,94.09999083993115,106.8203380171731,0
8.193042755363882,83.3941306682954,0.5158619027123281,78.41871538091453,191.2559134047961,17.589028341866207,5275.796224253504,0.05343460239101716,14.383447099031088,3289.1977821072437,142.63899847043987,43.65389657067722,1
7.90243242569568,41.53196718453427,0.2675926767279715,150.15392984221114,84.81498066395746,23.538326189835757,6554.359784406613,0.9375503374073385,0.9241588405514367,5083.116942766946,237.96334868248164,32.84821344463089,1
4.547416962269639,117.07322410318979,0.8354802257421944,25.097259359830137,78.39357767805724,49.43708110457581,2331.8755442161632,0.5298756255182061,80.81570490242127,239.7544737653168,477.1729758116504,47.359606919223765,1
4.025325524340395,76.91664928143985,0.014693388654953843,154.55428393301582,282.90717474913566,91.4834949996878,8644.029871943976,0.6149030145669361,17.619440616424754,3130.253547015813,123.6756859088714,100.50592534033112,0
7.011859319546586,98.69766763612331,0.3790940486719362,47.38666498132973,92.99037399906621,21.171437214797084,3093.6856208001286,0.48242360159472886,60.621664222076596,8198.68147527005,365.822951959944,54.23555714224069,1
8.576255934765515,15.90296072902181,0.3373455467690927,135.47862597777456,233.7740625321048,14.424002111810353,6941.316539762369,0.09365745260747449,33.692191307674555,5539.4173385463755,219.72411164646016,189.52050032154443,1
6.3405773580835785,103.44173787271471,0.019327630917601035,113.15631096819926,120.97093047108835,75.89768318540307,161.24646372214892,0.7680893784186665,58.54859383150356,4505.824928161174,148.9236741800109,92.77304428576952,1
6.429676136819399,110.73086286160732,0.12436839900051022,185.82894344233748,46.079950881487676,50.0619532333931,3726.5712989414724,0.7472246450885869,31.565362698232402,2855.2507171533957,227.95796851105686,11.759203308927413,1
4.6798745619617055,58.447430258272306,0.41364267491863527,77.46450359506281,8.16101282013089,91.17851123817714,3517.098179588083,0.311703321492812,8.693956069225417,2980.425227913559,35.60335877061627,145.85328116732668,0
7.616957599151622,72.7503525301173,0.49286458444744663,13.233037766888089,165.55591441949898,14.661455715984228,5434.844285830145,0.3062392452284004,22.29500085577536,3831.0143359058447,399.34368546518124,65.76905764179793,1
4.12226249134514,91.77717610835946,0.4042897472548691,3.831097110250581,292.8547514719351,64.59278930230393,727.362617771965,0.8378413809055185,18.80585664790756,8355.707099645604,121.65096399148356,130.6977864116495,0
4.942075418425462,20.980635271249504,0.5309376784120938,165.3717121945506,113.89517717371533,23.287914615181503,7901.313737261083,0.07235725774132662,42.80193524396439,9672.132068082685,362.7060615964852,55.9188741046464,0
5.5526186316985005,60.30792917561309,0.5951316749056815,104.94712753228643,110.37173852794822,15.67604286516393,2177.8080176756853,0.8811051483565658,65.82837834261574,4386.553813503745,34.17418572409736,114.14874834666398,1
6.04566227210673,47.83956333267757,0.00992382112783563,155.04881036698984,106.50702726558542,68.34294151572705,6770.378148820102,0.2566616898959144,26.380607494635754,3933.5283874776183,477.54927808284305,154.43050096149292,0
4.454458394490482,17.564879059469895,0.4640951594535039,46.88512000230294,158.56043200493323,59.36846199087332,8032.121232440932,0.5929847477554939,1.206993530061795,8465.507758198628,96.5074927028493,185.6017483549108,0
3.689020948435221,44.10413067498377,0.9634992408875883,69.01674910264674,134.9961406101666,75.48274583623312,5618.769562415131,0.9359941790017777,51.89373642647569,4269.053206363036,441.37103810354023,52.22542888661541,0
6.663720254649796,8.180677126259228,0.5190322801295487,6.020774442263788,264.5748148844693,30.946257644618235,7408.832067219855,0.6781225015366464,60.57594893589721,5520.181722956512,404.73660480771724,66.97139019979623,0
4.731783319441535,3.097428833938438,0.6775422674589532,192.29846491482243,154.12863355842964,44.79716563821899,6618.603122150055,0.4144298124670366,96.28704940018096,2309.4166459874446,483.929962040708,92.85328405718793,0
6.487429328535674,16.219954698578732,0.3118638579168832,133.5735813401627,154.7885622656278,40.547167633041845,3555.2979715200763,0.6895342089054152,58.94708030932468,7435.025357790752,238.94533047287482,185.43496754719777,0
3.9261762916452136,115.57381339070086,0.7739913781527625,186.64101755186124,45.8196204425642,98.40894639665142,8088.585390335653,0.3439796363163702,47.117255937814186,5319.883182707818,363.69864692297574,180.27737136213142,1
5.886840611128905,65.94354430740204,0.7729214818761151,53.099281485814465,294.90816456856385,29.22489567393879,2947.01369885528,0.27725841634918613,57.34016258977038,8090.3455024034165,185.35532851889204,17.975656020127605,0
6.195536595309515,115.8986593383864,0.521296047654139,122.29272224513217,78.74200280630475,29.481723834676686,5712.129177515171,0.9966832779346797,92.7900629862027,7807.327300286697,92.18411900984691,26.385965150762168,1
3.3109412209345614,51.89974539961584,0.9760138232792136,135.69999365852757,26.642399900582788,35.45482088286074,7453.977391415395,0.7507902311797877,82.83781456016463,2150.047682700286,221.5379664667244,99.10183546612765,0
5.019625669163523,37.41793597023115,0.12555021476265338,63.50994005151769,200.6281434476866,56.45940812903215,3789.559098125076,0.6447199773818176,32.2978733363808,7156.355505577624,82.87450769422745,21.323854561084698,0
3.8064880616338455,60.73702354082929,0.016947664889580993,169.62184700312602,180.63307919627744,25.232274426374524,3027.6760761742503,0.3552896432193188,23.725436365713726,8000.544079513714,491.02231139319196,69.1161746697395,0
3.3802498228366065,52.741402635949214,0.770158211757096,189.43229258004956,127.46796792785999,91.52899403792739,4593.4601017282275,0.04916082915504816,26.263361236607363,3461.072407823951,48.123245570358186,29.67707564349553,0
8.939761394339671,12.67976211140927,0.8071555373648825,176.97102353920087,129.54670899480004,26.56855648662635,8179.634943491536,0.03105687603515561,50.4421039715213,1726.0911290227455,294.6058617263102,127.20807102637717,1
4.934123069848338,76.89915776282474,0.12020722912057624,147.8133951878745,236.5938567086972,89.58157315601947,9299.217631456648,0.5541812554487988,74.40494512285778,26.3215557958818,313.23192762702797,189.89908634783234,0
7.859246675127809,25.924581901151953,0.2655828329586061,55.492935944990805,62.735228829396476,10.347506364658464,5450.834128598902,0.7620327210390511,50.32192071829621,4509.036530931482,269.0397714370271,199.3467540588763,1
4.527843928582583,74.35055458773955,0.01755236336662891,56.323208421126346,246.97472908874246,65.65627023996524,6614.662053236519,0.5373791904438551,6.779639582811258,3524.3273153884156,331.09294285591676,75.04822649938296,0
7.089016333343576,78.0241310877784,0.2933086107805647,192.6720640892076,196.38039859903034,90.69855184382438,9032.736222389141,0.8407850719391146,72.3580700439981,5549.098338254089,58.09038750594547,119.80252742292245,1
7.561367159338119,18.242982375437773,0.7731418739186715,2.0568991871384057,128.5960832649597,16.874943839822954,985.468514129424,0.03342653309322163,80.59701286709539,1880.4109258878577,277.50926210264555,171.25353070481626,0
6.573832443647065,7.361955253280179,0.5179605277125789,143.2099946484289,140.11844189224124,96.8326960099255,2320.7857786616505,0.3667520764259401,28.949786511971965,8596.655476664751,143.60628556368076,23.492414559276796,0
5.82945713130095,93.69139032821278,0.3480955931682881,141.24923251105244,80.71092611989826,45.28833604155117,7089.0000625158245,0.23707039117417805,66.41257392833504,2577.5521562810964,470.0880316505283,137.912882210393,1
5.471045484883611,55.17605085231842,0.3717392949063303,124.5379081899595,226.87372814560757,94.57151084410245,8237.444619122996,0.44727296815712203,42.659190105439336,2264.2960508765,381.0358267198629,81.76873234501365,0
5.093209599257972,6.979655460657095,0.0013536257154681541,198.02176921737316,156.29804898005398,67.6820043630047,8570.29028330578,0.07237639319412248,88.91193557274428,4807.140564843559,486.25724107987133,41.229232056032814,0
8.577174865486956,119.38395806037205,0.2998005275652359,62.375887152745044,99.65209011120386,30.158686987355154,4151.0717685493255,0.9541316415710726,84.52255581607399,4988.510237442742,18.77803487009477,80.5507237494884,1
7.983716446726374,6.933667319563996,0.6464587416379305,67.99437275864963,180.83478414948033,18.83025249171064,893.3990229186684,0.22325540106936093,52.54319983096423,2150.8522878509284,142.56658759035435,15.192057392983372,0
8.790161463999075,83.40422746302639,0.9741944438163571,15.78788058931111,298.7416633551403,30.37350462250994,4377.814772996199,0.9223077754835848,69.15055458135944,2718.6072672591577,97.7112933191745,139.08142971786114,1
3.7457833409132686,118.04147103160963,0.8470608269838995,88.5596273087475,133.40237249868338,9.301740926267499,2307.3459020705377,0.4258931550366818,88.33497010221039,1697.0523915524493,5.57729365591525,50.54853374969062,0
7.385204851221865,28.701612505911072,0.023594964645529126,52.20970524696962,276.6039632296928,14.386796634332978,2911.9645499662415,0.985524133255218,49.57170100782755,7184.6017832316675,121.16286512316071,62.2811290089756,0
8.630042740926227,17.069924242463543,0.8985606046748393,68.67734043552885,106.779967777747,10.466044034648114,7722.675568375058,0.5540583834602107,31.325074048882197,7700.890312540819,339.38799176021445,24.21625964829255,1
4.087398396993961,14.566192730691467,0.7831984132986259,166.91435805112553,21.146148542870836,42.29435437415577,755.2708602588687,0.9308328641758075,75.36661379095813,4623.284974592826,115.54446106728427,172.93182277797834,0
3.398977604200665,36.393017708111465,0.7803761235709804,187.09690270549913,65.25142137868652,79.55783762575864,8275.81217480702,0.005348988694222845,22.00662547846918,7140.870226850175,254.50172274130912,98.68885585654772,0
7.446723895740354,12.125497321277603,0.4579957590035715,37.14661440103713,128.51506728166686,14.138355421634019,4276.690858241691,0.7482388061809001,38.8531148006042,7359.3539193744555,443.9090574824993,114.42937555728005,0
6.446838679079471,83.05936100329583,0.3980052929545028,74.50178631069318,69.79230393539785,13.032043317233589,5960.639311005951,0.9030506531025154,86.57272371067937,1382.755276778086,346.8789601745376,113.88653661897092,1
8.050972660549633,7.475015775607523,0.3029157288331926,185.7261124230788,5.066976274385383,64.34289495173307,896.52231235679,0.13972056697895407,72.4422340269315,9661.780248345367,197.314534953016,82.09862290826835,0
3.838634259757737,61.13065537797476,0.06569485895436578,12.361692137844527,274.9254536355205,19.71829819680663,3373.590783572796,0.09612585173215149,40.381100524749925,8210.31947096431,186.23446945605414,38.5059830876279,0
7.771603871159341,119.60362246235721,0.2282353634936991,18.472105622275702,253.94442631312407,9.76100381089916,897.0091901484578,0.4245726071859556,21.47445024083574,2044.834611958235,227.86790700424237,149.02654969967998,1
4.209763920286467,97.67643234072226,0.24660363497802462,32.55819784124587,223.9762082886494,16.684857820557763,9615.437228811095,0.9336789061329351,35.59683908322365,1861.6503574607025,88.5207205299532,25.411253071534865,0
3.981935657194227,73.82633258772131,0.4840770697102016,119.04256682537495,54.505305715578444,92.37313958767761,8072.616493262504,0.5423865601904387,28.4104149227433,1256.6114557958274,317.00038370799405,20.7747580557621,0
3.9855947875859576,36.7504344943934,0.747444406596694,30.094454201199493,40.507254981945884,82.14712527761908,4596.327543564602,0.5274564637217322,17.608928794385392,1383.7856254191838,182.07640955230275,142.02900751930068,0
7.887448321388293,74.86750035499662,0.4738098283979466,193.6152762901467,24.943401094353028,35.40645623550941,2236.025483236711,0.14112611829932187,74.33329135656567,7481.617990286962,426.1826746310218,41.76740409039677,1
6.991183324177201,63.244975669398194,0.057844449447160606,89.34290545170407,218.58861068801176,65.58207673273928,9334.551052498522,0.0007895110932187865,25.20698868501715,4696.542569516236,378.27633002890815,61.35455027056646,0
6.138392548614716,51.13000606684458,0.9577898009882039,100.30359207003328,278.9983484029262,53.72756736680381,3445.965957269718,0.8101400907454612,45.416747016776384,7829.341727398672,305.25658204608004,95.04549340034805,1
5.152982904741015,15.685245208823936,0.9427243190941123,49.3317231610813,132.0080671693459,67.7124263482564,1609.8443168737476,0.08757456298623822,38.585944683610904,7462.5489435020545,182.10111132475802,89.87026334590924,0
8.26320324487865,106.392505828856,0.7851895431484084,94.1920504869467,40.146498238834205,68.26711524627594,5631.643884539549,0.633849818735324,98.20773786356308,6046.1271350522165,104.9659158367422,141.71582501299983,1
5.354670644535812,53.974157858558705,0.9913279015642206,132.3827265274023,156.15588211597145,62.8734015059993,9437.74120344816,0.9146164545151915,39.10922441482205,6863.666065786795,388.0759320528114,124.6863586886722,1
7.899596636829463,23.354701418491807,0.5444823328002629,150.23542739080855,107.90541270029588,26.610136853730857,38.30290500322575,0.208651913158431,7.9982482796754795,183.5572437914179,243.20454949554326,128.87923245637313,1
5.634809451421311,44.131122105274756,0.9627683502532061,150.7736165419826,115.57335268324933,3.900642076281813,2381.2484325399873,0.6652728362369108,8.982575257208403,3117.7764680502196,112.37501908867875,142.81086613109147,1
5.2616665765494455,49.69557030347124,0.07560504061675077,115.57822253881767,188.29253412593366,45.55667819901088,9384.476404104076,0.07869857670750946,59.07537213530648,6378.221792594102,97.58730752000311,58.52254548469307,0
5.776078714017639,99.30454746802492,0.3656807482613713,180.87195499877146,217.0218434123497,89.09738846907038,1710.8596685716204,0.603755143837613,59.93635517382656,93.44953486244201,82.70045225067952,64.46666236009473,1
4.808267244984853,88.03372566736824,0.22538126800676583,163.48156946122188,37.62806166758245,56.94972585185759,1132.4345163981986,0.16393172095320274,41.875899048265495,329.76943682593406,388.58059810279747,87.59954957911083,0
7.485656281057507,92.31658723696077,0.19583308413427003,151.4096229397251,15.499118087910533,83.23910417019079,5701.872157998045,0.735953560515178,43.184369231202965,8518.879824703832,114.49359265015585,61.49243460670522,1
6.016322340554875,1.3237517314376657,0.14080294889267608,11.121104336092124,298.3274392922859,99.16243429612281,8618.4382329483,0.3012312947939082,5.393258284087121,6840.248616920718,263.3211317625987,196.98757379417268,0
4.393276170880904,49.93847978157138,0.6224136415659967,1.3755924439298628,73.65486293008779,16.361620413827627,4771.098176939261,0.46339100880464623,51.654651038926225,2653.6973312034397,225.77318048652822,162.81038528428593,0
8.397447439647411,57.76129819623883,0.7813218557473051,42.48945543909459,20.88000484799543,69.17776391419824,9945.642566845247,0.5994305420276217,50.47394753803517,6879.62840118709,289.80544961414193,32.930937651205916,1
5.303347328239268,2.3030732187668024,0.5782983994203607,132.70471878269046,61.01322208329639,67.42935737000246,6791.716995379928,0.17127341066623958,14.954931855694454,7924.5666913926325,438.5774501855971,1.1188311763739023,0
6.261317166683932,31.177585049404108,0.14696270958820967,82.23949777650917,16.492564672796945,97.99554473582785,740.7490721044774,0.7416378186176209,10.383938611092757,3067.9428311010124,433.8736950408653,8.556653649453573,0
8.438832665787281,91.2347787746562,0.8111237699334709,80.48125185986234,120.58421391206564,98.56007339528003,9928.321316819754,0.30264034063681455,12.35724905994905,360.3737749918745,225.53803591242982,48.81269020858505,1
6.745427975483953,16.453164687479887,0.6359547071637285,176.91737764592276,241.70852641314065,68.66786117241294,4078.9423678019043,0.6623718599127535,10.102824649125852,9327.791246877345,7.683125367361654,22.85825716737131,1
3.701388244250184,64.237215774311,0.3881657061269955,179.11256962636776,105.66711267852759,24.361479198219428,2874.0253384548255,0.15828305069937365,60.97081955367598,3451.798382956305,213.22190285715158,106.66762297851442,0
8.638992741680852,25.8242246420685,0.674130295536063,181.83505281071714,136.03410502911814,79.85558381305991,5578.791835778856,0.6881176592063503,19.648265240291863,1064.8176328470638,303.0967687120702,171.5990445454717,1
6.766248318428508,1.4544929572671927,0.25990497924283285,62.77561530300546,204.29809820239444,10.70291342110381,3043.075918208643,0.12818807281046174,25.143015218746346,4918.568713931474,278.8823795490309,147.3500441826455,0
5.009433687942517,28.944174911944977,0.3451922084942105,138.21116254785235,155.12375067061467,78.06993041716287,864.5750712015232,0.4253564962699836,17.35721441514397,7684.677956641338,325.66805290010274,43.121812616438085,0
3.8356324359803233,117.10485058920645,0.9174858431319902,54.326636254873925,259.1264773762906,91.01961241446965,14.283430791767193,0.24720607373887682,95.7835304448503,2216.4731461755914,77.03786623654175,79.85985120515717,0
7.764151135621776,96.18445342595875,0.2905045056714204,38.121966614889956,260.48052413849814,38.28333947684352,4495.833529202623,0.7483752494281826,85.46174631518355,2694.9005013336337,323.2675493903663,101.57884190625552,1
6.720436535571081,115.149197318524,0.4699882681579366,36.926491469473845,7.923655169890324,63.06352949830804,8368.634222265922,0.26203500450687456,23.049483735152087,2427.149867985832,91.32580937188611,162.04116990066711,1
6.200766551857929,58.54248527116349,0.8901411373960146,68.4215241727188,234.52366041254376,43.01427320968263,5723.151856300766,0.8817173063953962,32.7566293922126,9916.730528316783,375.26199034837447,167.82432062123297,1
8.363355498305745,13.16834384130042,0.7077213502675275,85.99152395596434,140.9164120712938,43.776505498812845,9992.072989434408,0.8918202114066128,20.989284230499717,1974.0373373054254,169.54380663134,181.94366238155519,1
7.731583267347185,65.75513867684316,0.06220322616470275,166.18983421101368,296.7079596845806,31.037088910812006,2868.4664564719997,0.19644131522278585,49.187595946082375,5755.20216966124,354.9477166907268,101.84905010057503,1
3.910049278396507,54.5252801471953,0.14730304427897034,23.97821869454242,147.55346238325336,76.21296204503246,2804.5506476005535,0.6138459450077243,1.9610532474253595,9252.646416569643,23.932799453053544,138.8549492871726,0
4.870332406773289,101.32284992875391,0.007841590771916818,146.98516947897883,296.13430388954777,93.61765641665052,1597.494602339442,0.08771764171996432,67.13680088967958,1468.9656887777924,203.9300127954567,22.36007424678743,0
4.490934838886794,11.769909694109352,0.6309217902291634,106.29098283786107,227.59796155569228,94.07508592344611,1640.6358826533517,0.3915370996016292,52.31581498176416,9708.541978677002,352.5172611316664,113.05779199079642,0
7.463677755436062,58.58893644261338,0.4476734254104183,57.58906853519849,78.33844096092537,17.478128487493382,2851.865960100478,0.7133217295012723,89.86389283011033,9474.772343956245,113.43525816574707,49.738361894227026,1
3.201194608414676,18.00583976327811,0.13427485090227553,98.56391690656491,163.8265188896525,87.4743649656566,7928.400452735272,0.6594232468499163,16.439268432841413,8845.719870582625,397.6435223986113,86.34337700532222,0
6.419338109227899,38.9611112268072,0.9579341210567704,59.98841395540453,297.6800136461819,73.74314414271221,9057.567906364478,0.624700669406608,80.41092460611317,2145.5652133000226,315.389866552466,126.81010166134388,0
7.574752114444143,88.48284928653595,0.5296597239456199,119.21639104766119,257.9715292868175,25.283740069028926,9750.871697076813,0.2825408636624436,79.19610144667158,6340.550560109833,293.7808860748992,51.397187570756216,1
8.260593820570497,57.122175524251986,0.24189329411288918,86.76878457104884,33.723233668410224,6.728461292151455,2322.896540964526,0.378024949434402,12.718118921688692,7608.914729612402,176.77442710216857,10.437011559352216,1
5.052490492295445,45.10659421749232,0.5006035711547075,32.88110581577575,213.37973905894884,26.799726688437797,8812.975456140917,0.10294614470028618,39.85592241441276,9860.279281964296,241.2257351905588,2.0467712817515027,0
7.927543828032077,47.337153428404235,0.6796203327351078,23.316614911139343,106.94597783188985,91.22082367815256,3282.5508927733704,0.719022820433601,17.01526411445169,1804.2382208137042,298.67465048892655,4.431907108904309,1
3.6637904217312434,55.1336122087184,0.07623921797356448,109.33913641442604,7.059767254702694,63.31786748957723,1128.4054451688442,0.5038887967912735,25.47205004575489,7660.258995192965,236.23105695744522,1.6699475027539323,0
8.07871375040711,94.20198526044683,0.274703815047892,180.48260665722069,124.02688586296487,72.10546608978719,8700.249255201656,0.7087656323456546,26.324617483054435,3388.0116992711296,349.1566619702801,22.071011311575095,1
3.7649319739918945,107.05016267282812,0.8069654908839936,68.79153731153711,74.25255440886653,25.715235110909585,6361.056346436186,0.24894352479687276,55.623639402577275,1756.2646556800232,216.84846655347977,47.897742914025976,0
5.383723743362204,114.6401623804714,0.45966487040266124,146.60002144452463,246.5664348035391,71.93881555748203,1647.3089608106172,0.3244382286350662,41.14109317604655,4213.769412138549,101.13659087101517,44.24430283645984,1
7.783772194677322,94.42840635063541,0.5465771420322949,131.7322709879534,104.51252960950082,2.812150627792376,4298.312575130026,0.33421533726011465,94.77328040063054,7938.3591214861635,106.96689140052362,197.35931883597934,1
3.8995045640926427,37.848827489761526,0.43281600220946925,186.3109828618962,249.11948971637605,37.53213457730138,2872.5769487706766,0.0257424097472162,12.637014194700512,4648.498037040522,2.9018844214705464,61.20122104178864,0
4.375508371395849,82.57616473038506,0.04389994264300512,164.19620345982818,5.176391956264616,62.67533485423312,7367.94568710197,0.34104787283062354,97.36921348501988,5375.231002030485,150.47885777933624,25.48415667187982,0
7.333515410358398,52.51237488664703,0.16574977982015593,113.32105178109259,95.80664925770515,14.609656554132023,4534.162306242681,0.8033045735180335,23.063864021426394,9951.594102001212,374.4588202392598,109.11250883355159,1
7.320219219276446,30.560474645526142,0.4455416387418909,131.40609964682147,76.14373822078977,82.30035744469347,9892.79945106385,0.8972984957497385,77.2873936381853,3991.0929955742604,397.0813544188048,171.59149107950168,1
6.846885797311784,100.90458953111072,0.20918546540792782,179.67729331680698,73.90237151524023,23.503129881191864,547.4498225959512,0.5182183156359275,33.89699261728214,6154.007547092398,101.23377104787501,135.61207535753505,1
7.1636906668026,4.611161875479,0.04997902865967874,79.90375691738696,25.115052830811496,65.22811128184462,3550.152661362467,0.45550169521922024,14.308139541731391,3652.4420161537187,479.5219984357039,59.21641782709006,0
6.256346660085577,108.21143905625082,0.8436496640518237,65.35894117155547,60.20165977109801,40.51971425753297,4819.001671099774,0.030824618699370254,85.788918524624,3927.8564632870493,251.20139674006336,112.32323195829099,1
4.5107943534417165,55.3772957549681,0.9811925291641158,2.162216727039268,168.88712311625787,59.604359547764716,5031.335547483198,0.8792043375853826,30.88608992364632,6956.407534454081,458.4893745092513,142.97119484008184,0
5.074175961023517,76.46417721699365,0.7931428739967394,165.31021483829284,90.95151648713463,10.745055262890812,3159.3582238563677,0.013010213425872719,65.88554042268422,9378.869760948835,353.38264093081557,145.62089847354846,1
4.089586300808554,79.12247066469392,0.853784921704667,160.196140080673,128.13146078709866,1.6912799921607324,7292.40249097568,0.9447500802102118,56.64436850866266,5423.589504923214,361.21671151120654,133.30769105953777,1
8.45070336800177,107.41412888478436,0.24197713031704537,20.890903620030276,116.17572970242061,90.95644273803012,8747.470734889748,0.48921624868809066,47.17563093908743,7683.999289487799,42.521810653035566,174.1620849551236,1
6.500350768596723,76.40036186006488,0.9606269755131998,115.37147622654005,263.3919528749689,26.96300087671828,9387.19301977863,0.3419344935747266,49.58194726485391,892.0655881696382,109.99556344846533,174.02109166882087,1
5.405108500581839,73.67203017120741,0.19692570445342839,92.79633963337747,272.0632047081021,81.96770027804591,8050.933767995262,0.9242184348426601,73.22379140922875,2111.5803743192696,4.407416647236317,115.78731188140065,0
5.772034821864796,7.9982448672827955,0.9514298103618323,23.741819101822294,150.42230663847872,99.93503004722002,8505.801973065994,0.024390993110096737,8.777291412344058,5021.316409195324,358.06382023836875,85.97127382224245,0
8.683700037670892,62.20896263342449,0.994819293965951,196.1136454121447,102.3960053431033,21.143125799891116,5505.453006199955,0.5814248948690871,66.81806619579052,200.11723628774791,172.21914421425498,128.31405911301997,1
3.920108418696481,18.020280098045,0.7117228057460487,42.939177492671085,36.50620768069727,26.51707411833556,8258.882264268146,0.5489325244993376,89.58121013985787,2528.549787625588,393.3262580381734,163.64240027409264,0
6.517378992100784,88.49205224657827,0.9811437317918219,13.44683601811223,286.253849417718,66.28597876346657,3035.039091479522,0.21932040121138208,5.778819701986415,5174.012898249662,169.46810996851315,1.1304209682369448,0
6.035332073306796,61.46663049752094,0.5695397795671037,118.96947590038192,22.766948745587747,96.54486346006212,3984.787621092144,0.42888743135021057,14.065333923366675,149.61198256300713,409.66687614943055,198.39940180297023,1
6.668725412607887,81.6273335050024,0.25954178317609033,147.77333542660654,92.80683188264273,91.58143481907439,3169.1301381854432,0.6522640059437702,71.66319367020314,2645.462862260417,65.34912687415651,36.57875446583985,1
3.1086611029250433,5.000748072286112,0.43699588566562086,6.488689209437393,92.92952934515122,50.28755200655849,4673.873354479254,0.7271311968819275,43.72816482446176,5140.308194758695,86.68657837875409,94.04979713199523,0
8.23274345366491,10.175041925496387,0.593560935378786,131.74352774540444,99.5183794113634,79.51102825267246,2855.796162386364,0.0007168587065797816,40.354862081368836,5731.492479812457,170.43826979196825,174.40594696857335,0
8.592709694901675,85.95880656752188,0.07308156202701499,106.4583751902909,53.46461876536074,13.574585309990105,9616.114422544468,0.9368534300910153,13.696663454423586,9257.516930553054,204.24369444113665,45.008079808839874,1
6.390799101535253,8.650120319840804,0.6223432646172461,20.653001775009685,236.03262212249066,97.74381842040123,3128.4462800566816,0.1645253723928124,50.67700407177881,6453.456232506079,174.3514054214892,95.35904478007664,0
7.179904943261354,8.550807331831031,0.9811778367622945,34.50477538927241,41.13686927996682,96.43532340359864,980.4453811093982,0.2335804342223592,12.654531119637724,4147.358025299937,381.82351626160994,26.516436036235834,0
8.534996287063773,1.453017028186494,0.19010764978372763,113.5948594632161,192.297464450183,16.372895787917095,5268.171660504134,0.26347344569384823,47.66204563105404,9303.511771330677,48.47569631335735,79.01526507763852,0
7.243431805880392,114.78016779593761,0.7925951162883833,59.27152270265768,41.53457787821615,29.94231248031066,570.9907844517636,0.03782013655203531,76.36152989616566,7848.829833877943,175.60850981924403,35.4270909586005,1
3.915234257485568,88.50100313508084,0.9078987937796194,187.6631457302632,25.808013089922184,10.015499750676693,1105.4316630858052,0.12305212359032491,25.826435788716353,2000.089211127476,418.61999975772966,72.7255497542314,1
6.457730161000879,42.3901690202477,0.9437015928202208,163.74804589681017,273.28170358733354,27.17175988981797,2193.893891962463,0.986349922944162,48.07861681797273,1308.4236134881976,33.398538631086,74.69284335854441,1
6.640290278297135,35.58426975451863,0.9601356044054472,196.7134413027326,61.087986064018175,81.59557894152066,4643.502498821417,0.31521673737728606,99.20159693968357,6758.11635742733,471.1717538356787,198.63415791966654,1
5.544784027814316,41.964387569501945,0.5214596387214719,51.934167790082796,247.26879559511278,37.83156071652595,4332.5093230902785,0.11530109033904934,68.66504233540373,5598.831655769838,493.15842113600644,198.96260586075445,0
7.418665413748337,92.95842374174183,0.9773079079915037,193.9447265595954,165.66610697660508,8.839696714675839,7996.918620027912,0.10699126117462332,84.13567713051987,7896.736137927557,44.28408691254005,22.957255732122483,1
8.60620208861409,79.36447332844973,0.7573102071344389,86.24677395831158,27.967673284587033,34.22255247789045,7394.746538841134,0.7194599676699719,41.484760656054576,7388.050500786865,145.6362611278685,145.19375586566946,1
8.553411077440657,22.223468144096152,0.1616714362369619,69.50375906275093,286.8572164742299,98.138333424128,4263.182939907013,0.8545686640326409,76.78609231258552,6252.11533857515,186.20033301767808,10.34909593382023,0
5.705036228424793,20.89312024009012,0.47690010646797,10.069905393870648,77.8535442626083,62.96835952592029,3337.0420757562993,0.2569522995084699,4.050917294132184,9863.821716288921,388.19568432636305,6.038403067437725,0
3.6794282750445317,11.807477965607678,0.718331175372004,10.553051571920523,258.5953768790189,41.61609464061578,3164.687840614986,0.02090951233523497,12.291118254224498,5335.897301104087,297.9634060583669,21.06677884899286,0
8.909047193774008,79.23632636416058,0.24734031581908333,138.40225118933094,54.79895170644643,16.653851349727,7739.95087294009,0.2230900184453558,20.307059292006212,1131.0575650171984,322.1828502462837,193.0971314015868,1
8.033388518675604,91.72471946660832,0.6406151835488874,91.58579888680558,256.9131502318466,98.61767972836948,520.7240622126974,0.056515690796757334,40.195192461521955,8282.735648159884,378.754911409253,188.17270957893948,1
3.747976087219601,31.805571399000485,0.6666004790466192,45.30432520722114,8.902499807061727,82.08490092631287,128.21649510605826,0.10339493663004151,84.57448783257632,2518.53362345709,58.98949971851286,38.78556405613609,0
8.525051295704234,2.5133953237095374,0.1626997438085659,122.79406126504652,155.9752346879968,28.14773024509194,7955.44391926648,0.43150811984764237,34.62660507879305,7773.021481439183,416.6047284551312,32.3344671107423,1
8.21937817237277,9.860600097171282,0.5650853124527563,50.57162365002223,231.98556092935925,7.006869572118946,4771.463759890493,0.22991837086163258,65.46211935154629,9571.070960000514,352.809902090072,48.1070173031894,0
6.113028342756433,116.14320418140366,0.7716269109786077,115.52635086888452,280.7646776603711,5.662555737755803,1308.8113855357597,0.5159458785254234,70.93142948034834,6967.955139643413,288.6708625981851,103.10939881502843,1
6.547652614469575,35.45337329729043,0.4988956645359419,71.84174939653806,273.2146301809137,12.037814950553383,2355.659345945013,0.25349375325719037,58.61823540883414,5960.301609498011,444.86766739152836,113.94092640708197,0
5.394016223220781,92.30677774057604,0.012103116776107425,164.7104453223638,246.78933651655524,58.07685836144216,9325.039530973825,0.9405373011029476,35.72419681701362,4603.861756750406,350.15317694190355,44.31868608788947,1
3.328569832932188,74.95962826251166,0.009038469079292177,164.13923215335586,267.0164481500847,92.87634212054924,8595.02975624898,0.9059439679262645,57.70533417135443,3644.0986599540324,100.84998131551271,151.32455761798903,0
5.011183449875405,45.83275675834751,0.3570293439700122,95.47007962448026,63.76980732193757,49.674342800598446,7097.850502239726,0.566806105010466,34.22655927897462,3530.0475097183626,214.87269053783336,61.910633880530156,0
7.817120691588069,24.682471463466612,0.926194068431782,70.16382186700312,88.83436723495998,84.29454824561972,4822.252303373266,0.35442399198738617,8.387373855201208,6363.727057095906,247.02143346786664,184.42626510588207,1
3.027792138027617,14.566370179128771,0.22867677960360877,72.51195931181891,90.24571485171226,44.588661985980785,5203.236261913858,0.38114688203473557,99.28039781860144,7512.731169377459,27.60881337520282,131.3445412913461,0
5.000995030146865,73.80155616466399,0.6343636888716871,161.14290513364358,116.23090964550116,70.85835457678252,9752.445352839586,0.41185228314449696,12.718245363251091,6785.170694844143,477.3187566800279,87.27023886072234,1
5.38901216154566,92.95605367653455,0.22207587069332058,65.6358965595224,121.02959776363066,73.18727372865008,9657.704438842871,0.727579322134944,7.2348383836057355,1984.1010119356272,64.28863039843924,157.9824003405691,1
6.2243736176275375,77.26851042493568,0.3216699896595486,41.8118747413692,165.64382077312928,17.396370590333866,2152.6904578583426,0.4516389955188379,87.85307492071558,4939.8718014349115,348.7306336133634,163.58292520933296,0
8.519133698476562,63.636255989899,0.848042089601484,16.937668375061364,52.164530193100205,36.121605897581176,8111.045663053182,0.8567299465058974,30.183466089289514,7916.40072183063,253.11551804544007,58.09632112178873,1
5.078075966195767,5.034146811796352,0.7288614422699469,93.33862417688168,208.91776581686685,63.73021565380239,1972.426661670168,0.9440947859303646,65.02969740735077,4757.040781890562,12.816124942211292,67.94290876721686,0
5.081719211377366,116.21865331132605,0.09539927731321063,96.42641978396837,54.43212909482941,7.069660818436619,2135.374778839514,0.33594615337893385,32.90057296622329,5366.232797354938,462.37373793218086,187.19103074572067,1
7.4250074886584905,95.84570299854894,0.4287020209864336,168.18174208058144,96.54100222084152,36.15401877629566,6760.930341645768,0.5606944813756801,39.14542707944712,7711.360481708221,425.9184044094666,32.948207672654384,1
5.713307645338843,35.138644404115766,0.029169763645264468,44.247739289212795,153.48681352881545,53.479946628119244,4050.010985875484,0.09505653683256443,26.21129720167965,6612.653062650915,262.12896395191774,8.430083392586841,0
4.347628937639891,117.59643952306207,0.480890146603009,76.19825473367999,239.9499656494258,99.62244930446387,9315.444071065202,0.200469047766359,34.30440057930102,4093.4492088239263,114.47116806972262,90.81106452190983,0
5.71463709679616,72.22579075635865,0.6624340117010681,161.6811477787382,223.14342380542453,47.45335626224407,890.0973489600883,0.4134657667101601,41.070040058654314,8954.127111942189,60.81144534004712,160.2419800487258,1
3.845142122278799,69.89071898486958,0.11850262359815156,164.7247221497947,195.43263514110407,81.60567571143235,5115.2564080949305,0.20620271590177885,72.04160690923429,1625.6706866347859,181.6962397160633,154.33362126214917,0
4.05832191903734,89.76878153154385,0.28888493890916567,76.92221519575364,50.9531118711502,43.206728506661776,9185.215304431213,0.8765604907887176,51.15361942347918,9955.164485903248,127.71414052304524,183.9061257825665,1
5.990206636436879,97.41237457081651,0.3978366255021569,91.82480465733617,166.37837695659542,79.6390722619709,9041.136604795052,0.15828625605909807,94.3565217156977,1188.525784762372,253.34560050314937,106.64013287380804,0
5.513552697027287,78.77743287978032,0.9195310246560497,60.657178169856586,30.796718030966208,59.54148016201084,1565.2921341574122,0.45566082155309195,4.188039383877551,149.499711042389,483.20464806171447,20.012934313306662,1
8.4890754064086,15.371489563944003,0.993255015422964,186.5109756838624,116.32213715501197,88.65954415023984,3666.3770009645646,0.6056992404598757,50.306832263202814,8900.189011487648,287.4767466148207,117.73779486720322,1
5.174363394699799,40.59210071933981,0.044911298995615856,23.728753148316063,126.98737643553795,41.09425523501099,6191.214000466963,0.6918639081608444,58.42247888317181,2449.5350836595608,444.96552794504896,155.67912287064232,0
6.4835301016682605,111.37003683912597,0.761007923495392,186.749884600294,16.74437463649738,60.43044198214788,1593.948847714022,0.38306936972650674,92.01969860742739,7296.996274467209,325.4394187478886,18.66562405396528,1
6.793585727517183,26.95387342126223,0.37172406640234323,136.77329036706865,85.82648934364168,63.00186806188274,9680.221720457386,0.8690990687247285,4.915852362142759,8110.153749320693,237.62326329360022,34.53148021951795,1
3.078566739530002,44.6600428605016,0.39245818622948003,106.31443053734624,286.91659284361435,41.73829418004733,9147.493287276604,0.5683191510779255,57.349958493521605,8589.863910321168,427.3037813666856,2.4581322311341802,0
6.9812242321002635,51.84922595330352,0.7542649733470227,6.531812156899175,286.3216193097584,14.431204368748151,1669.501790344692,0.4395077804475518,85.3629928527957,9915.942356641666,235.68405508649874,118.73051588936208,0
4.068215801218509,52.72859876333426,0.9184264321454086,95.11923836440165,108.93648100449909,9.355940691233556,1211.5546126098543,0.06724063405203662,24.192772811923657,2940.397100399991,434.3140852551805,177.3468783891809,0
8.766421904816731,73.55274989934306,0.9509285945025484,81.54962100054645,17.714532139755597,1.66715505996331,854.084828082653,0.464689468445165,87.62923485239375,7102.433419272591,145.78838478788265,134.1326632004199,1
3.8919763665186777,113.16910052936491,0.5771225860383208,32.24376239502451,57.83300710181356,87.35342642452146,9094.436640366312,0.8207358408157303,1.9043409274291823,1153.9985828082822,64.40653688149406,196.4080175181964,1
5.487744742362143,28.883125419900594,0.3571211593005028,131.2819207001314,120.70424906289433,23.647491223869455,1936.2380979546078,0.6145410182213155,73.24546291337298,4068.092913568494,427.65723218146917,12.606730499952313,0
3.512098008471863,14.580165156110168,0.7875490858587793,194.23018147365715,284.5950109009228,21.150674928176805,4162.849285443547,0.8321624537291183,93.3113221168653,8479.716933125903,293.7075818963334,180.60021703029923,0
8.981245511075684,23.696458783192476,0.25100138326230026,112.43776221290503,46.65372374346955,73.60354004260655,4488.51365652003,0.4940116705993056,65.71976616400622,3676.5804605910835,444.54619912448004,162.81365747733614,1
6.013170061987456,106.43098802511234,0.5640740288335178,142.95065528878916,230.23717388212262,32.00161130873917,5990.110442135676,0.11846170509448184,43.902924398044796,5910.953805356141,468.9136034961916,62.848304099900986,1
6.5723101039202625,77.49729751862472,0.35857846152487316,13.690090513203357,37.06134911553416,50.60446924118366,717.3534374742496,0.01363984583588107,4.488101647271803,5037.73443724634,26.814195185724586,194.70531036745035,0
3.4024588643305647,34.30881470869922,0.6566310737078761,83.53339916339894,294.4709853304267,16.25110652974563,2267.5861740051596,0.3032195467185912,92.01138133226287,6459.515311120451,250.48465092943417,57.58754963428301,0
7.499762822395066,97.91363267623407,0.2403989128935069,23.271697032899176,117.57686723719482,95.97457214619692,9314.90386918926,0.6979904714977925,47.02962226915748,9728.943893876949,187.48227453726463,177.8609447656437,1
4.259433558573514,103.36439956361232,0.19159294573482577,122.55916710730207,233.69418897522152,85.15814000172374,9084.101072685695,0.7902599039416938,2.899674433594801,557.3552650140213,312.92919853505856,176.14971541483789,1
8.388325736644283,101.58172064283336,0.9182390866754371,187.69643164283093,106.06436942928389,86.37896229650033,7812.906474056922,0.2957528346203294,68.9821071328762,5739.615175016297,396.79559860116177,151.5315233205945,1
4.2308378428920435,110.27118403674653,0.1018036829495369,132.3555464943277,190.16231876184855,40.67737485720052,194.01245618215435,0.4956539208832471,48.18372535762582,8630.287792502848,140.29510798718448,112.69409476257037,1
4.144126323981999,30.268922420803392,0.5059579077349317,15.360609662884306,61.644744998310834,76.23612137071729,3270.067684961021,0.4211189044340816,12.434531744241074,4813.827117484275,278.3991921865858,24.000549923377612,0
3.219298007088569,90.6050314495534,0.22085278296300892,70.93324099701657,48.07620069260395,14.387615538978016,6279.587353429078,0.41052278435142786,21.42718093102596,785.2718594157282,354.3642899524498,106.39434689929965,0
5.832401670659996,55.2647396728968,0.03892996332566745,110.13267588817031,281.72892117259875,0.8619002591780278,2751.9021177347568,0.2313487132001505,6.449068045584627,5605.393524167709,67.215541417867,71.3592511309869,0
6.3890467995756985,101.03982634680739,0.03601881829142639,80.64155122665045,275.70594698180787,1.9972932578028124,9095.866950537773,0.13637110502945837,57.429353970857356,3320.738908238204,407.03345297563345,158.44340663107036,1
3.394251836570114,87.41888125939359,0.17522177210582734,166.72880209503447,266.8033373628003,58.660173740456045,6338.894618324419,0.19668855823121312,62.202947925200924,1549.417853379359,303.05479992648657,151.62584129936897,0
7.653165700170064,93.17369357996695,0.8667703545060003,162.93420094199783,189.50286779914506,45.53949052479408,719.067173164456,0.0553323871633461,50.574229835544436,8490.345132834731,474.7687185568259,182.12250147452104,1
5.7197330084881655,78.73942052172858,0.28247874397702666,122.36620402064429,243.43912230880207,51.801534890851975,9090.05588835703,0.19813074182357704,81.71021330026149,5215.995129911216,169.76445956534664,2.9660324863415743,0
6.14634161596548,21.291452336364824,0.9504591705752957,74.69158902654105,25.3658963888556,0.7463140417219405,9577.666581762225,0.009200897625379456,86.10088213080135,9332.764123790666,54.072971168599324,161.82064336460923,0
5.644576481629369,65.4032302676326,0.5816222929891935,51.06727475264883,103.76276735775035,42.268661965742574,777.1241839172549,0.6272584006359783,61.56243966831266,8060.165046030691,253.25060051846265,187.69241062493376,1
5.404578365251956,118.16036874294099,0.4366141897687661,21.174863642625862,97.54242180336108,71.80681612008608,5323.602348613149,0.3163754073876829,1.2756479707430546,6929.717937736674,42.90538585471943,157.86008982163003,1
6.357841987849307,112.48656797965427,0.5800888346694546,70.9795366973108,192.5153699760209,44.26937019674359,3033.6428221417045,0.9731447114269086,69.52296557477356,50.25503365311934,484.7632616620034,26.03889197407334,1
3.931441475584275,5.1808482956414,0.5166983852262678,82.6345034415439,110.00754317383895,73.22192063122223,3928.390764814024,0.19371705077629786,41.799921692035156,4278.234566382499,19.34247912859577,16.25582096817755,0
4.091568782971627,19.777777887532455,0.7587762537573252,135.1645850208147,48.80950058488584,23.30189643968348,1796.512179553419,0.3458285703095939,56.5557483226387,1974.8628165203231,376.751950553654,4.169047961540162,0
8.170713726081104,15.807452814547428,0.28249606597285226,131.63196485951468,180.9577872469954,81.31420044817254,5780.721020124125,0.3578411586415332,64.90806020188845,9107.979110488677,262.551199071122,125.7490451656142,0
8.676692772801797,87.11758919823546,0.3530503916003024,14.021627928251391,245.24325659737903,58.84312404534523,9579.793532488906,0.00845149606246054,35.02366143270768,1745.8398467636027,184.31032624914434,125.93453037197746,1
5.239855897678518,98.1342395828334,0.8940943025332507,79.05186308623155,117.7264308656921,21.076309942990623,5030.72600271609,0.8392079530394589,91.70985051717942,2860.600516592855,32.92108225432733,197.38274284364246,1
4.624468038861322,25.62136395728063,0.9464565131504055,36.35577344347239,44.019270954052104,23.672047585383293,829.1458139448116,0.03199446014432472,13.39748667497812,5168.3676773449915,311.0834620868039,79.60863482081915,0
6.863997259434095,60.70232315421948,0.8925582274864745,31.36254106336114,63.0230182072828,62.8030464569537,6200.013334774084,0.9401798347292414,67.15118072810374,2633.6361899807926,292.61016469547764,66.38125697949934,1
5.452405026588578,100.884363361344,0.4194479939573136,165.46042994744917,75.05757502496827,82.99395932124433,3402.2299445125705,0.8920743510936207,0.43595799565804283,2098.646772791212,140.44163653379988,124.8849854368785,1
3.152318133962069,87.93618537195007,0.7803655030068817,8.383043343251506,93.46978993338818,41.56277820291552,8559.251895912977,0.5355219160859636,92.46511054051808,5990.993251027524,455.11085070515605,165.1217345015188,0
3.936915584197142,65.0684646590218,0.4763357333010988,83.83657518042426,194.6245457993612,25.83004291275922,4346.781483164702,0.5435955749112921,11.25041332380915,889.2952275502386,152.05500367141843,187.35478990460038,0
7.295833373084385,70.84172285505275,0.4975398521461022,33.64073115330364,182.2789179386271,86.70116069106004,1928.396089422456,0.6537779229561563,9.488423014757464,581.6775872092472,224.86270529605306,160.62483323580773,1
6.953543651460908,61.003265629953596,0.20468010905728395,175.8660431356948,210.34355916227656,66.9268291750835,1911.0562269114496,0.387050011934887,33.30076330522442,3722.452951860714,271.8812279593278,85.33479612316096,1
3.162575955020901,35.70581415825847,0.5911303032585165,111.40810265500703,111.93808543679638,44.80854872830765,7687.641807211604,0.6472222833978555,37.35662860390806,7206.644545078623,50.115939088143044,126.98284706241283,0
4.331832971597697,67.80263914308193,0.18613589775334793,46.2761272753696,248.0793073045936,48.790019527930184,2655.875983073599,0.04476838868848687,21.430007232287863,5548.06758273948,466.08085960681615,171.2598653432234,0
4.386448779528428,82.66623624601088,0.33156469906719377,100.48545743327529,65.20586004094929,20.42564679363964,7672.33394159223,0.05404762734972657,58.51216609271247,4228.764684667788,187.26807622552056,98.12193766234789,0
7.03135646159237,104.79874990329692,0.8550302016199351,146.29727194062318,143.36702051785542,62.680263006484395,2058.8731076659938,0.45723041961954436,44.291409804196356,5657.515642245824,40.389606937171806,43.33732874107854,1
3.118263226526185,76.35496247750977,0.20707580921085522,191.62360178388676,241.27692285472193,35.87425105428886,3216.863687013094,0.5496223011060349,3.4175589041087417,3654.514846532736,193.64558683766498,33.94468794957459,0
3.624651491907443,91.33458444517896,0.07115828517343281,44.08920084908379,58.146801081122675,99.56451766743493,4654.869724396994,0.887817640335819,31.965206225530064,9361.46335432113,300.1012735462904,0.03154891561134576,0
7.799496512239136,19.20859619454876,0.0690075926128163,177.23635442586902,37.40961855353097,48.01835152618879,9431.958496934507,0.10466063390789626,81.04329135731705,549.0489091077433,256.8263359106648,143.64759899625685,0
4.071267972326002,55.38689693037479,0.9407845205031079,186.86082283349805,265.686770467957,48.58856061896132,9317.314247538246,0.8226479271938894,68.97015348618686,6733.914790298352,347.270987018637,22.2194417691981,1
6.916476647111248,1.1197943792511955,0.5069204379618346,183.28410890641325,106.16425051396278,56.58517874106719,2068.718754222878,0.2100473372920696,72.48708535798805,8912.826648277505,27.741971033955316,48.76781993918809,0
4.429096686280359,29.601463742594763,0.40941207181701833,127.08287137238197,206.74168684816445,91.67560031187467,3582.190412430728,0.39408364851003186,69.81169240835236,8038.847087352534,142.27030513602807,59.575266304558674,0
3.596648356556071,87.17540581356059,0.8108785810079184,125.96413088694153,12.477838257861851,80.08180998597503,1493.9938845377233,0.3166024348274129,31.097302138303327,1840.4103482144674,409.6152884200511,112.07597202735367,0
4.459033145996725,119.01719416192361,0.835825927910516,80.64212663676456,208.56383208078765,45.113006979784146,5099.850793134971,0.400155272865399,9.966392207677588,2959.2634898028837,39.94684389568043,79.59145545915385,1
7.333601591133955,11.901371950465908,0.3321910331156046,150.47957646075758,98.24988690635631,71.8699265972796,4605.825506946666,0.15049549807258555,27.2467184033096,7170.479387071047,427.7429773479788,134.93479840463237,0
8.134178808637714,48.17931790335459,0.6936180574737952,106.25880367018638,21.443551808295314,58.62354987807616,9007.601624507324,0.503570074403555,83.17853001851593,842.7055918076553,45.94804603855312,11.127731865740543,1
7.981319187401949,96.00851624389914,0.7711228158518866,135.4876142456589,184.89476465669452,49.23670487012489,9300.053777910725,0.8016425898313673,98.04707977830711,8118.6169983258405,417.2271074458481,24.787838852887887,1
5.383101177710729,24.48427615546786,0.6546506868659545,85.69158076975909,76.03712574158611,19.231577278435054,3835.673910072921,0.44153401037889695,49.38470147415613,7189.0694460479035,180.39420053936334,99.84230070665335,0
7.008510819423877,66.61019391627435,0.15159507480009937,146.29929280862783,119.1081364053046,46.39362634548909,4917.379430189894,0.4906135758981991,0.970035492304222,7296.066492353426,306.1045316286079,67.39295756936596,1
4.229905772494925,87.96855552356098,0.875883083517057,164.8943035209098,28.77133962452151,24.581858702257463,8962.36249146133,0.8487675852813142,14.004481213422903,1002.4137026759139,76.44355782399909,59.16267255027194,1
4.75888638156608,73.91825403122148,0.5390945527360087,29.28725132056322,48.41315907300887,91.48421498516547,8067.078077450615,0.7060581146380308,32.20805753162658,7177.605448162309,33.08436086259042,13.405615807504546,0
8.37801491112672,22.562968153849937,0.2824724263700037,166.5859431148456,92.9032844712739,33.540681349634696,36.563113446492764,0.4904544085197847,57.85853485929498,6798.1812521997,107.96910201006754,179.1438349496003,1
3.0780115410644164,42.64614824228873,0.4252281854376939,108.05930635806145,31.479052665246353,95.22640145333723,3200.595641835825,0.25769564818917967,7.509364580531397,8309.224908218506,63.92690895434777,138.36371722501016,0
3.5130511851268085,94.05501413824767,0.03757109039890738,168.93318181804486,273.693748082463,53.30552900947112,4217.742419361259,0.8849267468449666,94.33572987098816,415.95956256469503,156.2029488398159,24.323631363929877,0
4.247317530876164,66.507181695842,0.12786680122241756,86.26034126820292,6.783877739273633,63.15443786761603,2297.162836832317,0.5770204016905583,36.50836732844007,231.10668467792195,257.1916232555101,13.009191547428124,0
3.1591932232429185,0.6275536251495284,0.7655467505158609,75.80809707660701,147.73876456497186,54.29404444893278,1995.7161589593875,0.2211476101106934,91.25842179248231,3730.070998785607,294.37973178250473,194.97450668624862,0
4.088612610538783,91.31889120337127,1.1634755366141114e-05,183.01214650344448,41.35800014910268,12.93806169667009,377.8450659567967,0.26911975263801036,78.05218027570217,1487.882838491529,394.93405368987146,136.234510087901,1
6.498249365818153,4.237362592828688,0.4165658284822922,50.23385350968026,95.76533139599482,37.5821219007941,6433.697250697605,0.8031330889362459,75.54372725155811,5583.8447757022195,328.1199466241793,83.4912142187483,0
5.528547303554988,89.48805392774786,0.5225101810855884,168.84246505722862,278.18757014638834,9.914611227762393,2625.1029048316564,0.04414556208745546,60.671957978223205,9173.48901506749,304.3791625647765,140.34620815115696,1
8.356030266461849,24.29766721982849,0.054634420000972295,96.80411450188082,52.69989321582612,62.29540441833817,523.4717843131309,0.9920921870288201,62.678381705184464,3914.797303340157,205.8910137428873,151.26635729603183,1
7.904661370430645,114.96881761432563,0.9730781629723328,102.81908851025194,289.9205343169081,44.68741952004389,2309.7931052806366,0.13035167971479178,63.80032352162481,8449.50377272604,236.90421748006935,155.99244047775588,1
5.050904110187256,44.15289015625014,0.22612533124967193,61.6936562978968,65.7093412118794,77.79849715709368,8019.139528361266,0.7960685253969374,62.87213870255821,2.4087451786647396,207.26041469509053,95.57546113061153,0
4.556540600587755,39.23179396056949,0.30419871963628087,114.60844012380313,223.76200199771472,22.047048099936983,8514.891816465466,0.39477531677168287,55.37282313983612,1685.146434591842,421.08301503069157,85.9765516249696,0
5.278154449003601,17.86656603989336,0.30394251225502733,65.04223925524227,166.26979314470697,16.45660584293349,4830.662451933026,0.49221618328746686,98.6414018482889,304.2353965408562,115.00022627419992,2.205616853780068,0
6.541769655088847,36.67250585882579,0.2304166621173499,7.853882848330462,265.921224641044,40.63322309637678,4160.7067040868615,0.8806505774645779,73.22905674256961,3281.4718051506866,2.8604657709823123,185.3114230283676,0
4.6083818449372576,105.19809141938407,0.001473822086311416,54.39972106887121,168.42801037342363,92.65853832183811,9778.536935017817,0.41291118958921325,77.69463883925212,9081.895956965029,325.65994861311964,120.66157567778862,0
6.744893447094804,119.56012051526967,0.7293447940879964,1.2758086813181357,162.69496965111105,71.04218150124117,2005.6465958806991,0.5374937536732345,87.24628150836742,969.5212359898775,101.2310918194157,40.63078743799362,1
5.456469913147442,44.1971436608218,0.9668454997992854,195.67095741137132,62.66011010867797,41.89236247929187,2153.592828546085,0.04929966240916994,21.563976272584917,6064.097767438004,445.0575681549047,183.9206838842873,1
6.312283085111881,53.83327571454511,0.22429348328504506,193.1494419639495,54.037661805239324,51.727216975431055,2918.6717703639974,0.0023474738674531537,8.380415909506079,4514.959391194442,429.523164853328,182.98638035405926,1
5.6167591748119,86.64851258432844,0.6630471918034224,79.031059494461,275.3642995790767,8.421301117709834,1727.573182810873,0.2447998730017259,48.28944365985986,9384.682123658125,38.36368596410294,197.83683287321918,1
4.766794557251506,106.34349365580894,0.7418963269587151,145.6741708679292,101.71226866076005,98.4575896376113,3793.6559820418656,0.6805830929187673,51.40806956192732,1225.1914253709383,53.19420270703867,174.81131262779576,1
8.690719841772939,71.1653201024141,0.8484253790905247,69.16121968208499,114.7642652140543,66.6407304694919,9108.342269897537,0.1212648933591367,82.91817799499177,2120.278505022289,247.58579612333315,199.55687756401295,1
7.581634764958565,46.98308378133952,0.4226291970136091,134.2186314171952,229.14797923637457,28.540406846342247,6153.4784062857425,0.11376195880454942,44.37835792823357,295.41968611493274,304.6113313846773,48.937237624654514,0
3.8406790545987155,49.514620901834846,0.30293090564042924,161.08600860919583,104.95292731472817,58.58083942152443,4119.465486122636,0.4109606080359033,57.08530255443127,4339.352496313738,137.45416874112038,168.4499170398468,0
8.210807855387477,83.47417757961682,0.3252951340230311,189.35124893844815,285.8584217585058,10.948236606899398,9344.107945712149,0.6478370386082265,52.70709385134583,2778.328995646543,358.3988583496853,164.6056617591529,1
5.924587189497082,0.3861916325134418,0.7126213330985128,80.0424551699344,222.6886918546461,96.58366688075836,484.6423247582232,0.7120719922479305,3.8202783757391057,8699.05933890321,297.45801045943574,46.18807184414675,0
8.367313361364548,74.35072049518088,0.816779466505636,156.65959659120955,181.2416265591589,17.478498788336594,2102.7617790186137,0.17845067409837478,61.5214896596914,6049.4081319775505,162.41205487427735,19.687509800198157,1
7.799131535683891,42.65916125296289,0.18161396775660266,53.18569012642376,264.864072360702,64.80303180552141,5658.88605101759,0.07958814737204245,82.80432857742522,6140.907379757017,12.685744021157797,195.88410273551992,0
5.551281026815401,95.30367975325011,0.3709410081577652,198.06646075872968,19.63374296309741,24.545446253893044,6155.526231931792,0.9403970339455442,15.750054807580383,5319.106968813025,375.07514064925886,59.20491030412207,1
3.134815849920704,11.15887677877586,0.90194019674915,5.1539197528702285,80.83349419581658,71.75613826485358,395.57506562613145,0.26066638256210173,59.433173392659576,918.50337229201,107.37683291254136,174.1783580935612,0
4.6120641563096765,70.58427203380685,0.8066935196947392,120.7057613002242,142.18571859516842,77.68213672402811,4030.387579071322,0.8533464976087238,59.36105444464144,4450.186837253553,417.2368717313142,0.8254309349207789,1
6.249805287965201,57.71674678633485,0.9848584027624758,131.90119633026544,71.9586691440987,67.34197289114327,6491.539648308727,0.8634914504628183,16.418496405635874,9995.051897085166,210.14513002712758,4.204961443920441,1
6.800869318956884,77.07906310862728,0.7542482596820808,137.60911141482578,224.45203025413483,61.44994602551925,6980.705464034016,0.7725225917625445,12.346357373073602,8352.292908460147,288.5387213158827,93.17426173927367,1
4.5473261125992135,7.782431337956202,0.39319520102792227,24.077515757817803,276.16636916084894,89.24690939520117,6381.399025162693,0.16883360665257008,98.00519429764847,8934.59054167116,436.47436520450094,47.74293678701271,0
3.836136444436945,69.59805449137575,0.5906378339946378,187.70595669462608,130.0121853796224,7.862671098975804,3205.6322436092455,0.8218014592542003,39.371916965303754,8232.263592464995,431.8115004599767,137.96825668719285,1
8.009581420795794,67.37815055514285,0.6610142542473203,36.23665581001656,105.929117033009,33.09147657801952,935.2012359790951,0.7692505592415867,22.742172872352928,1030.4169343098267,185.75978762178664,113.11286511359087,1
8.906413084221313,67.27921132994051,0.07845581631712395,124.55068064796822,288.65746598058206,24.828747963084595,4271.124464193341,0.5967229901062171,17.132454445437496,2274.4825406479963,104.44444635742155,15.497159490098289,1
6.154141093816115,72.41851999157458,0.5444969591038651,44.53521582461699,136.23146768412454,98.80139620654217,1287.5443736805548,0.33720203516895275,66.7601713583235,31.21651356409627,387.57303886429736,32.52565926314341,0
4.030075715089821,81.17615246716346,0.7093208284726096,61.44328340425418,149.26927813253855,38.93897796668735,9476.23658520667,0.2625086042665441,60.94452973272788,3035.1012487811145,216.5401018010656,77.60985401168286,0
4.633843959116214,96.59867996169237,0.16732130400106038,109.29170834562487,108.73671234086208,73.26126992403988,4751.7086602262825,0.12188921208035897,64.35521229874175,1086.0740234649259,96.02099677950204,37.120812791086635,0
3.1103440592848006,32.37848641538572,0.7806317174255571,83.43868371291529,273.3167995385808,68.47251638810046,3172.5917435686756,0.5097570669008714,8.800602751145226,4727.93345301583,452.2126711585751,158.44446944878572,0
8.485792839362993,99.00592922160745,0.5837727805141116,32.04512019530126,172.84186756814597,21.208123747737773,7663.040711189001,0.5852608755098465,89.35345834984369,6771.274885739019,99.05209712054369,83.21404711065601,1
3.706506497340847,59.79068187161444,0.9522217856975946,34.187280484169655,229.84150321858516,23.899768021155133,4979.485925822639,0.3593389905157872,38.92663968090483,8745.05295038077,12.903584095615539,18.686373368499854,0
6.459098853085521,9.246993496119739,0.042422298206891695,83.62895763255993,244.48298191351148,28.12845635530341,3100.3402401245007,0.47535906768086855,31.336940643035792,7492.171650908982,10.139986883709984,96.86858045442497,0
4.644331324123236,7.026111509277504,0.26532613755546697,151.45659565510016,105.84546736559116,41.112727825937924,8119.677423908017,0.3635144573692667,46.23614472477392,9385.855957785052,311.1576782271321,18.167636212282833,0
6.325068015094761,40.1085982435273,0.6015538792998241,179.5929293695577,132.9398277395121,23.43250656505268,8671.52151001122,0.6410060573207013,39.00660657476283,538.982903937888,330.83753035876515,25.787461083963436,1
6.908522330111185,94.18763725337611,0.2965599122059307,16.82553245187657,255.29917344984807,1.9651482746847804,6730.08166288677,0.9012592077965633,86.35770031391459,121.7983541654144,155.52085252849196,47.92196640564106,1
7.97845082224321,84.92171216890989,0.7144241640712422,78.62078151188021,112.16032874436402,87.93930568071954,469.64422407667297,0.16392026204694488,92.92609751978921,6613.381138362127,160.0054946235317,171.90554104949797,1
4.2385276305636195,94.63379576068877,0.759005282521931,20.049112744575325,239.21086436829614,96.5609831380884,5663.228801665321,0.3814088099031234,30.34532164496062,2893.5241022224623,169.74695752997138,184.92250646659437,0
3.065974971950883,62.072286772993124,0.10251596406647445,3.3184961265195767,282.5927351594589,34.15703870315679,7632.949119972816,0.14086860395086132,86.39358074599548,2535.0101610577312,340.0792733794393,165.2515458664138,0
3.8213137804128436,52.82387975465887,0.5138544642067677,132.3437365287913,188.84706005506206,33.85068794254729,1365.0301208358217,0.624943770407832,78.15231295330672,3308.8708769379427,29.06689551341429,66.81544348356945,0
8.400111851088631,17.694303204754075,0.5088905555910559,120.48988839331756,223.78004979830723,0.7091812774370987,2286.7075138460336,0.7288705094885958,93.08076723447618,2697.9605789236416,464.55817634566284,54.48928822176633,1
8.243340465375091,39.38313043311739,0.36928077021554107,32.603822762977245,242.50370705213479,68.02506883303741,8824.951050681364,0.9319127325974559,24.575031218588784,5114.3640630158725,111.26052208872322,109.83113815804784,1
6.58447861302185,52.08232394086503,0.9329248625696721,46.76256661861282,254.28669642450953,82.54398957486288,201.21721853074038,0.2788719262609649,57.695915012097906,4401.4844722413245,499.8366026210461,144.37063210662245,0
6.60310116260192,10.632051561554068,0.8275063198732212,4.741550728903676,121.5407346677548,14.660830036000316,7527.27137825976,0.9502112058654302,27.454458474044465,5124.285513766563,85.7613468935935,198.67455763203498,0
6.990220047277533,26.47343432534535,0.6972093819096368,166.98944113888075,20.12272045691946,15.966634936715074,4737.732925144229,0.0632626718206748,82.40944904843742,6727.136115004362,385.77322865618873,26.314142375785245,1
4.052227671740697,71.78703528764866,0.7143266357349976,194.9381192097103,123.55350001483816,79.00832499714377,4467.721588396069,0.6030138633645882,0.5324190571064258,3871.305089711483,111.70627246481251,9.858399804760886,1
8.486471675549758,88.27957370870278,0.4617161438131191,27.091907358938162,203.75808778630648,61.629074835414464,70.96532494887175,0.057132719343329974,56.48191628863961,2513.076871421568,40.423400821626984,138.8711777990542,0
5.5126231493524385,119.80170136715395,0.9209945210965759,46.295042753059626,137.85336380533388,4.486055762771701,8193.982309664927,0.8937741877619448,33.9203431271918,1662.0053680874546,437.4666621753244,166.4451567007811,1
5.298831169496985,111.97359976122692,0.6945954272532854,173.6819047893868,225.94412950381758,62.25469904622817,3598.2490063656646,0.5298090570700541,32.268370707782026,3494.7411953262554,429.37562959544596,169.26975597328465,1
6.113506231697025,77.10782394422299,0.7289810616558164,185.29275959123697,110.30981669325584,30.891772284376607,5407.656313005429,0.6693483507627961,64.4906323864917,7418.064752461721,201.78519622480067,135.69270981543212,1
3.2817958006503303,50.54976639528864,0.8616909037873453,83.92547656136206,192.24952162568871,36.872515547084596,6773.006863356594,0.8315739259104525,85.1484449313994,7567.049101114696,351.1980712702134,190.8031608238374,0
3.9977002125364764,76.34128376498792,0.274071589342191,10.124494453814826,59.9938424319225,76.97314182968802,7026.295764379158,0.15031062248396876,60.91953913933262,6669.053866842103,278.53296634195857,102.20095270891738,0
7.428201698558222,94.27819416962784,0.807070903866703,7.87836673856388,226.0639838102623,81.09351926726106,9559.800588260723,0.038591561938133845,85.31729786467224,2340.2817530687457,426.4780568368744,182.76295966724248,1
3.496792007550759,14.200342910806478,0.19524060295649204,114.78997321380209,165.9803107998426,40.03566268398306,5313.399532366091,0.8788811459128522,26.459711188102997,5880.862458546977,157.52798465932722,193.5624273983046,0
6.618912656798329,49.18858676355459,0.34534195224488784,78.5790217786358,65.19899462124718,94.71529360063548,3997.1955097442756,0.3149332274589325,51.95018547649811,5706.89661576848,261.8361999994926,169.43149140062155,0
4.472094658087926,100.77627427627407,0.3356104542698427,5.730485515530903,91.11379618185315,40.64627179520722,9537.036264917078,0.12897890792716526,45.0536539067076,4842.661981097255,242.68618560227523,61.95171265172412,0
5.335773684251859,46.05995423196528,0.9785254683891406,116.65047846251136,225.83956903164054,77.18360352301099,6421.102350255211,0.46846123708708653,1.1644899503096218,5499.789863838642,176.95291312842937,39.24313023405905,0
4.732162420624199,68.62467254726238,0.8565372237479268,2.2605073178044943,147.3673645201486,48.38772645642591,2981.503562765556,0.5983060756960188,55.68121431407401,4917.906326236681,445.7275322781861,109.62401299636369,0
5.134036298789695,70.53232330346378,0.7011698615902597,157.47439162985458,68.7292749159563,89.7532326522084,1264.6424540357116,0.030970603422510123,66.1524324146175,5654.5636607410825,82.93896233126775,90.60295007603769,0
7.314275431105473,22.137150376036722,0.7270567616153901,61.28656454067431,290.3450011592378,90.77612436501786,8425.545014651812,0.2748956582570877,59.191440441907005,7155.059546211288,74.75431976034808,175.55166843854659,0
4.78273029373905,43.46825299827461,0.5620727944025711,8.05160060184642,215.96188084598194,8.741680787108386,3621.8160279415156,0.03279987427689601,73.62798987834215,1096.2819440343974,288.4547676613757,20.006334213430744,0
6.398427841781383,40.141354649031854,0.9470906671085191,117.67044419663067,287.3547755992399,93.64933313102257,6604.697213644312,0.42033538919549895,57.13395284530771,7496.257521490237,328.747114992471,51.54801226230372,0
5.856302413194598,3.1436050238477753,0.49625875288236154,79.53688288661094,130.99598838130123,82.55348415204156,4708.164193658981,0.8951000290662443,6.675025485075691,1358.861501275942,97.30962716228258,150.3597889037417,0
6.982026992175889,2.9030116669626294,0.3805177098698945,194.7600826714299,145.15460050405753,79.13107143126669,1989.2977979503835,0.9826524114935692,11.644552408471142,666.279984103747,195.35872112731207,18.997328995462425,1
8.620978435948548,99.80364524109281,0.163035336931591,108.83973250074044,269.89678877458067,20.091133968552242,6016.866086204651,0.6370475535036275,59.64745775439524,9760.796862214676,473.2819214893719,64.15288280434004,1
7.395432583261502,32.76849719673749,0.786205652261058,55.04783620740166,159.88955537238846,80.51192087546649,606.8306895068232,0.1616376937845918,27.49791919736402,9569.917688704414,123.308711345337,77.43107881079663,0
4.28964227154454,62.16945194865785,0.7344439320755914,141.88777292679495,213.64727901217182,85.01327346850368,4133.424598711922,0.9058493899993058,7.964512903476583,604.3654494056406,334.18035105869706,124.518759312538,1
3.187098810367708,35.847068830652766,0.3843550385241349,54.298400508542265,79.39099886118134,28.915033445415094,5466.149396636711,0.5162478232000605,42.960274344854675,4432.534414749622,370.0746968487954,31.626529143872915,0
4.57358426579895,112.88150941384086,0.02519341395922936,180.84865828151302,136.78430826727896,95.22600783623237,4360.469741185791,0.1537493121029181,55.43225980836554,1862.4493829977473,224.06434973257976,172.12089806994192,1
6.570467584201529,31.11561106389285,0.8389973277180107,74.94439410147528,41.41771041405476,4.986014639916425,7486.721752509909,0.9217266694516614,32.87459883496066,4853.448971344181,468.7629933797915,89.50844709325484,1
3.3085548809055023,51.55881752867221,0.011417983454073632,109.97371255524104,65.7641105837037,14.990925324713967,8279.249545453125,0.757469050723103,72.04337022257779,8301.772429995874,368.32836760939523,183.4043423761113,0
5.978197483207418,104.72763005815222,0.703699779629051,10.114620764845771,5.27830750395117,53.75811380515143,7712.430740331781,0.7317052727231516,64.37706081012446,9506.117747428903,228.96228993044892,93.57398272678633,1
6.581057093501335,101.03202801501703,0.970257109726057,85.22424759044615,16.583190236354767,57.579247112230966,388.1294781180211,0.7091807037944047,33.281836109167195,6342.526534515374,284.667600888047,55.00805178814667,1
5.005463344901765,22.332170141553277,0.43766132814820347,166.472707932199,293.2987278371941,64.51500833009034,1941.2877044597221,0.20033982109644233,75.48725289085606,3539.0566721181704,346.3067217125503,28.365765737534975,0
7.625473222474931,96.31719717548525,0.23497340499595276,161.12976107266837,76.49434006534489,1.6969129315466458,5366.075092637743,0.21100669170752606,64.86950425330355,6033.255656445984,296.0950902146091,0.7490189422569626,1
3.639589518802631,54.98242640854712,0.7048710100433817,44.86371177070525,200.67665930368057,96.03667746221302,9348.220404438012,0.688292998427255,63.74453787179021,3120.0130610845035,439.3487919130379,106.43149699696713,0
3.4508266904148526,57.95626465024262,0.8171281420155851,45.21581420211254,252.5344111458854,4.458809273414399,8349.567750521168,0.21972275011039688,55.342770078706806,9098.236408320603,178.44433114020057,21.431339385384685,0
7.3691325372216205,16.017596689913255,0.5464303160778473,163.46106244264735,167.44483547478646,14.306195272340238,8425.345083518017,0.43867169680304885,1.1389668088552796,8704.00463105837,149.94287002790247,78.34555272623564,1
5.972947897237191,9.67218165085496,0.9670352752561462,186.0796840338651,50.177627524767075,1.401451752605698,3032.081937596749,0.7820018255939414,69.65071834768891,5582.31750279661,106.91944474763216,117.85435224741734,1
7.1304143785664165,87.35271683685183,0.0516687216579611,19.07218425460071,219.7943490141691,56.685843329409465,4294.478970787026,0.783952518097841,37.604179110915645,3247.9891538036054,18.89148403229757,55.13717938054006,0
5.608964031622477,59.57533828263597,0.5047955983045281,90.01172788524505,182.074165979377,93.22668839209723,4707.059473159374,0.45326177252585964,94.26097101586556,2933.8967558297836,21.506982190027667,35.04485847322305,0
4.478412199434641,52.42208431382154,0.7184539473225501,67.49085579284579,220.71892385747566,66.59471660804643,1573.715833499104,0.7921899382752451,81.79847710772053,334.1799470505946,435.0275965546414,154.94432452186834,0
7.914613906045198,87.5409874382876,0.862640471149179,174.13769109148788,232.07525374284072,82.26574684804274,310.68130244456313,0.8386217961980568,58.76944695313122,8158.208510252953,339.19657320295363,189.3582344563241,1
7.796495273813876,91.86154787893317,0.17925561190779005,16.704982936003752,292.7460584669998,1.3281203458580082,9469.028994605169,0.6547757512842602,25.218198181926944,4503.832130390079,330.26620771824304,20.088083572393202,1
7.16817882512656,19.06898012032243,0.8000034817636814,42.225188511607485,174.20116760787946,54.20152984797261,2407.125856635067,0.22842585230842016,20.371739327766658,3251.3292840026443,307.321409467443,31.118064877001572,0
4.632870823379776,73.22701793731696,0.5527070757185453,150.49366751729886,105.78412824372754,45.95629775055219,2399.489037236313,0.2740117803855475,34.03848376775491,4711.103549977539,424.60957234705245,192.00253145054373,1
6.541384001214523,16.242489873322263,0.3965536819899632,10.258769796243117,196.29704428556994,49.8967944220793,833.7905376875954,0.31484115540873536,47.656794358001854,8187.37990454652,240.13346283281373,7.556844362449255,0
5.165843381640161,90.16501032348548,0.13171502857909356,98.50707614285785,25.19000922657471,7.221318533518795,9285.077519437786,0.116804107733952,29.606551003894708,1246.1420770752118,435.20541427915015,195.52646731009443,1
3.549492439959805,78.83461875205674,0.8652957589089124,88.421406935944,269.73220890486795,68.44353610693075,5797.37114939772,0.2731596203699451,51.49294953924828,8576.559882418273,179.7225130911196,0.9288966169977542,0
8.503881452773456,114.79375453001495,0.15727320817971535,66.88023579774973,40.21739834476805,50.322041485863444,6670.368571253539,0.20951922431253212,16.537042551318592,8975.08835108354,463.35375216954526,174.73373113026628,1
3.8209117855137684,8.274961962770542,0.30978785920909924,78.91446306378475,101.71363717631638,76.51488498612639,9115.768872630526,0.45532874980860216,97.77128128254999,9467.079150338881,349.32849004062007,61.46503619754991,0
8.701424122924815,6.846566538150518,0.2900455319624369,105.98811738604658,245.64488728470567,48.52906340617154,3456.201689007895,0.9084375478722649,10.792455496499386,3974.8799242262776,128.58856801221364,187.71777163545931,1
5.676034637747734,33.862448963184015,0.8714140341908543,32.273471677676625,181.20715160755998,14.938163622643208,6215.0731113808415,0.10448031675395808,93.1944139654372,2171.404040376719,282.0424608443126,63.38905772711709,0
