rainfall,land_slope,drainage_efficiency,urbanization_rate,river_level,soil_saturation,impervious_area,catchment_area,flood_duration,water_retention,vegetation_index,soil_type_index,target
224.7240713084175,8.330981797737884,0.26170568373590597,67.2702994208898,28.59979391417964,39.363552027744205,64.8256954077822,19.39972736444373,172.86430174737495,182.71560228053897,0.3736408184666985,0.5330305614882556,0
570.4285838459497,24.385542632026116,0.24697879907199982,79.66813971913723,40.27161646499932,47.34356593750214,17.238636210516624,93.38626411556467,164.94792105915064,105.0720963638996,0.3329120962314033,0.13789882173033396,0
439.19636508684306,39.282562614438376,0.9062545805210367,25.046789879249896,38.008046489507954,85.45473932021804,87.23945633548149,415.6229025449712,22.981007679205838,144.98205436721688,0.17615391250286005,0.5912429057506141,1
359.19509051822195,32.95011988843025,0.2495461998495061,62.48740996069989,7.694995234688684,34.00043860598922,61.311623906924154,383.38417816916785,221.417377177392,87.20965959451756,0.6072666701014879,0.31478562371695795,0
93.61118426546192,36.295251653765234,0.271949726128631,57.17459831437487,7.462473487073695,86.96496848121713,15.720388355695425,175.32134572857345,136.4333285176367,126.00691550848764,0.4766241605086289,0.05234876680960243,0
93.59671220172159,29.64525150198228,0.7593982624179637,83.28303767882711,13.408718387245667,8.813443097669149,96.23380574812069,188.40531388710625,87.29412507256421,68.11518748422374,0.8657009923240037,0.9486561577065649,1
34.85016730091968,31.15244540330336,0.44973984245054,90.60870604812605,18.05373631705186,77.67984372086308,51.83654633353206,266.7772167767897,181.5692600388736,60.23180395708907,0.03210958048205825,0.6414903690642878,0
519.7056874649611,38.213804320439365,0.7767105569551812,1.2156771477386807,20.42277907042413,84.75476330547363,7.289845187165501,0.12050234256727466,61.76771001639217,115.64595723390273,0.6438679275551263,0.876918931870847,1
360.6690070459253,11.235060398663368,0.06536615756438524,67.40199190587927,33.98486084166726,18.181765283733874,62.68329044150672,120.62216801901393,166.4423608911169,99.62593483679608,0.7629488785115611,0.6760560050132531,1
424.8435466776273,22.02412336394132,0.4875711936733843,5.1835799119729025,2.83402160829177,43.03465323722004,25.31989070128102,104.11590430410722,9.530689817339333,115.90727382999621,0.759486569188307,0.35698369214011294,0
12.350696577481468,9.954424881882101,0.03361360018328263,54.88586650773559,1.7336352113033193,16.54997746636556,80.36934518773025,125.24147337488174,201.45792902622526,57.3321162574046,0.8860739670955251,0.5126880723288114,0
581.9459112971966,44.445060359849116,0.06265320345535452,28.76327290436782,19.595528147195452,70.66041289942177,81.78220735661907,402.95292126672064,107.56100328511644,73.39156636339905,0.7290337428294941,0.6757467603471771,1
499.465584480253,42.4826702858976,0.906437453344411,30.67765995221412,34.85818460689902,53.534776806165674,97.89473558546618,139.8369282732216,152.806299445906,16.77959212578186,0.9278100616476963,0.9602523252014376,1
127.40346640696569,1.7742065115827654,0.13924537111759516,35.29585034523566,9.671767147824129,63.5323346708321,50.186953102450374,95.76066102507409,53.09707675360408,10.455274454441144,0.33265659982089146,0.2536694591216965,0
109.09498032426038,31.75088276320598,0.5324206822752171,62.12924490496101,32.07522406281259,19.648696695621116,45.495687972773716,252.13173039651576,162.4976910380275,50.69142593460325,0.5032094167515431,0.8749770586241177,1
110.04270591206028,41.63617428370496,0.41109560260070654,33.40499656687692,12.991406897014974,21.17458620524195,75.34756054464806,432.822518186366,185.3376662143864,14.849371866109152,0.014079663282890675,0.9240778052942694,0
182.54534577572264,8.12589053073001,0.3473433262588427,73.26990505902803,44.30430544067582,4.149732550990636,13.247065634192657,120.67485191874994,113.57116485225569,20.75494172694814,0.006957587303291213,0.6704155146589565,0
314.8538589793427,25.557535374868326,0.8998333456872725,40.45273855738697,44.78449721333082,32.20675351957297,54.69155137931242,39.268121396399344,148.25446177483065,162.58568107878742,0.2401266204515199,0.9312666274013378,1
259.1670111852695,41.19697339146188,0.0218233967754895,6.835320030995861,14.864360214066325,55.97446613336749,54.624760013085094,178.20236792483234,109.51822171737565,7.77473940333786,0.10080719713908526,0.3978785874773685,0
174.73748411882514,1.5275690363609478,0.6637896861755891,78.37598424841073,11.499687698162026,85.79349139973289,8.947312281038721,373.8259122824889,214.58192862188292,131.78855878694856,0.2602113679357536,0.9530161760404428,1
367.1117368334277,31.383912026107797,0.9633944342135504,28.5758324592706,20.565198603311565,66.69274474586807,41.798408550691356,275.3452723473973,119.48860332343659,54.511549763080104,0.1770432945283974,0.7027828771659749,1
83.6963163912251,13.380705331764785,0.5601681834618419,43.276687959926264,12.026579259007436,43.53963233997514,85.3284798567202,408.39668478717374,202.03409016691654,174.3091361416253,0.02852002483864824,0.0420057674188119,0
175.28678912113088,41.59782879194387,0.9368224620330918,68.54438832219016,33.61919216458518,95.31201143941378,85.61536219946603,479.796073804617,192.32449398485966,96.99845691549991,0.9093041464060494,0.9068728318190528,1
219.81710597621503,43.697621032441546,0.05225787928602377,33.2456157148712,41.30323422741428,71.92452005758318,9.9237664919681,396.33123837580854,98.52115712360556,61.11529186556515,0.008223131388891525,0.48447280903319256,0
273.64199053022156,42.491992010104525,0.4187933190741614,5.658565614671563,33.65460654556085,93.016520286255,9.072088274783086,301.9015394218767,55.22027804579401,103.5277871378869,0.7360821443370854,0.46032698477783285,0
471.10557683580817,21.33963974958587,0.26015779096205116,37.39210470128136,41.21752236246748,52.75879732721657,26.26954770019353,246.67079402619024,97.45971181434504,76.39160380905376,0.15214788691951653,0.5664666059796343,0
119.80426929501584,38.791919294519104,0.7308209649807298,94.44485826943034,19.84960811037371,25.89042747931396,87.47660625539935,20.034543174133333,198.29217018605283,112.86021293396604,0.9122296219996,0.14938454677122792,1
308.54066304816695,38.00472293407817,0.9812970904972467,64.17343972985582,7.815848535443043,5.282668636472199,12.890258507349895,492.1609894070206,54.63180859665417,22.906573665269647,0.8927959395898858,0.46916604856739863,0
355.4487413172255,14.359521295946504,0.2565300624442478,67.1479148667207,36.89754736987961,72.60848514838504,71.99968026274462,191.74056128752127,125.86472300585984,199.39810056251022,0.6539011463692573,0.8311272167177457,1
27.870247631998634,37.30119633678048,0.6541746014740745,63.22821536376399,18.023725257077693,12.130299800553413,10.116561961310321,76.1141069584334,193.4632195105794,85.1111755393435,0.6722341498006051,0.015482459137515336,0
364.52691114086304,1.665343562197168,0.19809763275974013,19.899213895943678,33.56354126145663,30.277512827196716,62.31378537478254,333.3544276982284,84.8345940308109,69.64612794147374,0.005339141969688543,0.2729171603243713,0
102.31447421237492,26.832144531692386,0.5653302545716099,41.833386410228016,13.532197099088282,53.24709078838974,35.60672991191448,142.14414454772967,154.13031288064738,142.04196966325298,0.984871566113602,0.00245458644384422,0
39.03095579116771,10.350397677946637,0.4639324866883362,75.09397983633183,4.061481740333633,56.441658777974766,78.8913962965867,292.8891354655238,58.951577771715485,72.77988129906649,0.8778326035758144,0.41571130914984833,0
569.3313223519999,5.425509859977547,0.9720053296315371,10.137289755315916,49.62908977438817,60.0583196987136,23.36904488253636,293.38395392229563,26.22706688835838,166.65486100575154,0.895106225730092,0.7283155104937347,1
579.3792198447356,3.462894073314412,0.6085272726964666,27.785277608971228,7.810075396529964,16.625533034970065,63.920182938995985,222.86491045143458,190.65221402228553,90.85414487208506,0.6592445370508719,0.7987718291146285,1
485.03840886987666,31.332994914516288,0.3495063720868188,27.631910846585363,49.42104969817405,37.97374048216488,23.568253457588494,418.0593077725213,23.752469618089638,143.91168265308698,0.34478692865453653,0.9451897611270066,1
182.7682615040224,15.294373369562976,0.11409578488793337,43.2018927594506,48.86399662832236,61.71942271169667,71.36602831121537,132.4835307777215,65.1315348191003,21.49064328837731,0.8936486490904808,0.6085046129707865,1
58.60326840383032,32.614504718794265,0.15124682873493456,98.0368740942185,39.69090519540198,96.98188646337847,87.36780345607488,224.3162958088671,205.22626127938562,169.22383711102236,0.29151692815119234,0.25462686665289547,0
410.53981590729416,2.9410353359524066,0.2253169299512351,6.750254668382194,32.97114810409988,72.76311376996887,12.680179912676003,268.84606429548575,83.15262889888012,147.14359735562198,0.5627115433422029,0.924147949136699,1
264.0914962437608,14.188065202377466,0.250966661340298,51.870099438059505,28.890352512554234,92.26037570939579,86.65956885955035,331.81236038364983,233.53088388339867,42.34335569239314,0.0997309723438824,0.7753157538803761,1
73.2229409068673,24.277108156890176,0.8506160578411378,17.936468201221047,43.305077268891736,76.2212058314177,59.35752544142979,391.98592525279474,235.13624034572635,29.05720194915733,0.9219556301327502,0.5744284830031445,1
297.1061460667621,35.58254241775336,0.5612227882825249,97.06765454097442,14.471976080974397,59.171696889240046,12.711049086702397,197.40364143912802,64.38624490885361,63.25846974512488,0.14077045777121333,0.695640215718936,0
20.633112669131037,14.343862631943146,0.5233909113743664,11.33035047274642,23.38406062424385,19.202336913634454,42.7541855359712,323.023472048298,9.834773339973708,195.21411720638088,0.22489680573040727,0.9243163550074291,0
545.5922412472693,28.165111939665408,0.11476887186921747,40.36010023615913,30.969498468325096,66.66856518925131,16.08602934850979,75.30547653425957,169.215188209291,51.36631491341173,0.558134158128215,0.7123940284729217,1
155.26798896001014,39.86899867062842,0.860139693349435,73.78849848346061,20.559523793474554,62.337956595990704,70.03478888665695,466.3240502712393,108.2367606356025,91.22544178932665,0.7640930002129815,0.368374507584734,1
397.51337061238917,27.713843468203706,0.7228143032084837,70.45544280274453,21.3743227045134,60.24691704572665,75.88681344179497,191.52940321050178,24.180682550298307,6.004045143467263,0.619351305936299,0.7130282022890967,1
187.02664565364657,10.48317636391352,0.06766836190000158,42.272863689393226,16.51423337510422,48.978586798824075,10.579652027279895,364.7607109882192,169.80547655473026,79.4455059132465,0.23213391280015616,0.04027816273538787,0
312.0408127066865,1.098035170044211,0.7078350972297687,34.652416795271826,28.2115908342268,52.86566039892756,50.613985269464436,10.170540941088824,7.4819781868610935,114.26400308662055,0.0009430425274903342,0.38641556183058123,0
328.02616760596777,39.15444932554185,0.5435382173426461,39.76123785528706,42.5287264007558,33.44425271181041,81.46250560259172,102.5935714524035,208.8472057181381,190.624922501593,0.7571505803074392,0.4063230318455793,1
110.91267331531623,0.9571234882674212,0.08172534574677826,26.42762631586393,10.076418900315643,51.931269264230316,93.61630415509966,243.541272161789,33.27660698719289,103.34720898801288,0.9852073259110937,0.16683823442083467,0
581.7507766587352,39.361575270788975,0.45830064152865646,20.53329387067998,46.72165193767207,19.755590567847825,51.351786674177,439.12623386617327,30.554850899214003,163.82146523553754,0.8099131203060904,0.023085480551770177,0
465.0796940166687,23.80217103122454,0.484696287130047,48.303969755889,34.45438268741148,80.51743973603767,95.02792236114071,263.6275749753386,42.161351512460286,109.42552851378011,0.46020661815661534,0.13338123663774282,1
563.6993649385134,42.25804643308033,0.16577454016327575,26.853375606760732,41.16366063400151,18.577695469870783,53.56889704560298,464.9352411469395,230.46392603809596,8.15700268710362,0.9037672613991066,0.6546214957970551,1
536.8964102565893,35.94524560981494,0.9456981470002823,28.746166489725013,27.809534631500583,8.496628988946641,39.419049459990795,241.89844829139818,166.36064646092305,63.001655037954805,0.40984767311835,0.8022888163636875,1
358.73998728665106,44.90703497400018,0.8499753714806619,65.67560634745571,38.97583507120317,43.62460263571574,84.82031285528954,245.22454836797496,192.3291685112728,115.10990156622066,0.5249340842434675,0.9882034927269742,1
553.12454101387,15.782031695326957,0.6690223373291083,96.85373316998923,0.8100198669733605,65.83074395060619,49.2982710458089,59.873394250265946,95.43239657586072,190.11879318622488,0.47712976739568325,0.3463635031084943,1
53.0955012311517,34.52347300190071,0.4622955610006072,60.363720055937506,40.91902123897676,43.771682493354135,47.190251056452304,401.3281220761099,80.71505460118934,171.82607195024667,0.44762387266552495,0.5993792222611017,0
117.58971745148712,18.0868911124159,0.4117655415845085,7.697946706496628,2.006942954268326,27.67541319513086,49.03124894098283,123.48270623353125,56.27616162796079,45.67112283576953,0.7751907692939057,0.9371449668151219,0
27.13637334632284,21.594402913675896,0.6509734671509542,7.558361385406698,44.49566881814312,55.817118389044076,84.67850018697453,449.8062446861575,115.35552679497815,44.0219660038327,0.526768907269492,0.16704178133815262,0
195.1981984579586,28.237745844826655,0.5454318694069055,95.1423220845566,49.59813736193217,34.700233541219994,83.19415416880521,455.41211016519804,132.43889604820043,40.23459342278015,0.31671712202521607,0.7176455863427427,1
233.2063738136892,39.315470138385244,0.062273105881885615,29.729079030733363,14.70337310883889,93.28676901266331,40.35199924402112,471.65505593707485,151.6259624766613,184.49977926050062,0.2581581676584783,0.7549787331491632,0
162.80941906433753,44.28375611396828,0.5125026487703317,9.206698608247542,10.515927814289682,92.2645139603572,33.3299859870525,260.115244551545,61.70844095968668,170.53323062034414,0.037747316967433386,0.08897553586933837,0
497.2425054911576,34.572303623903316,0.8064036172328395,59.90445871503815,38.26816819290204,50.23718199720955,49.19280240391293,338.54689239182215,227.67697941671776,154.97668645058974,0.583195161883046,0.861249385183065,1
214.05199601615357,18.79950519753002,0.45923987759695806,62.36487782902661,12.651317046012661,32.78839940182585,57.277250973710906,389.2579400308318,40.7420395697126,78.54702284484551,0.2299614154010342,0.8131050471108439,0
168.56070581242847,18.961065102468158,0.05195657755426841,64.85048201186882,43.278119158610174,73.71324139566391,23.833721062799697,65.5073093252328,231.75676194393895,100.87614085975336,0.1481339220163831,0.033403006577434446,0
325.61764989494907,33.19120357150012,0.7862781993840331,26.74020278575413,5.142129607873835,3.671294348306664,79.39550847155907,300.4785974987486,3.565469401800909,92.86634895903056,0.6538299638276777,0.09108441488005148,0
84.55453498485758,10.744971559573605,0.2013637821359744,1.5110684214475034,6.297759818967913,47.47690060436513,48.648276573242285,17.148950651655838,115.47016603604294,50.67962151187453,0.6812092578215488,0.04912689389185232,0
481.3181884524238,4.97133509091276,0.2586208348880388,96.50153694544719,48.957577755030776,33.63233942703335,33.40455484199596,248.78304169436294,80.00828114797507,101.00560922975339,0.752154892257666,0.3347435317993622,1
44.730386207862495,15.957997093834944,0.1647063534322959,25.089304569110247,33.69194491350023,92.05358851025547,10.68209929639906,77.4213408101137,107.78961934326018,6.099309570550893,0.5035768963385915,0.5092889906799262,0
592.1321619603103,12.925754624433678,0.33021506487149754,67.60262880525475,42.34436122144764,1.2003027272682543,23.884516040360694,91.46146298104235,136.95949895538936,26.362074699491835,0.8940546052038866,0.5323477279546288,1
463.34686157799445,13.333865420519555,0.756751505688635,70.66298698787095,16.2164688675759,55.28148757183491,94.92811717559837,182.52378334630077,104.54139792305017,177.31791923378927,0.9363427533982278,0.26766675976944265,1
119.22940892050345,10.512348797245947,0.5193858595039373,61.00074170794857,33.82418747603022,74.0663581066626,30.50996868195266,216.2185833582515,99.56324407238279,150.33595340628466,0.8073709397924894,0.9115968865602742,1
3.3132702741614395,1.8941935336362847,0.20488127415071256,31.290739421364822,29.71209136542986,48.50179875240413,16.885928936703532,311.58621226609364,175.85361969919356,84.57368181181741,0.6355934820081872,0.3682627898719132,0
489.2768570729005,0.8043270630036214,0.8778300781520408,27.109625376406576,30.15750600614735,8.540303016272166,46.06727916549932,37.21420921925783,164.61030602075152,103.43007245677545,0.30372095359118867,0.0455501559653525,1
424.11440630857027,44.44750753812142,0.8795818549515292,59.76682827027031,34.126622976886075,97.24613900279022,30.70877433602487,251.8458806187223,199.98510768860348,73.99977719199549,0.9829449216202212,0.30022711154138637,1
437.4043008245924,19.249791018113804,0.8705784250460069,86.60956336116915,28.76795865645493,51.801043137609796,3.5159250271194153,91.31256512655057,59.99015549747894,148.1559734321345,0.27413616719193834,0.5311094225441555,1
462.76220801156745,17.294699122185676,0.23879621138153928,94.67337289233956,21.453118465133297,61.41862443190114,32.314521727941724,286.9875875158709,146.28684234097526,156.83743584641593,0.20265692199043106,0.40822182258823203,0
44.42679104045422,30.584127721188143,0.4512393441809881,10.590580440375764,13.796134719027343,23.660978270750732,54.41086239394686,318.70230613059175,140.44674849428492,152.65703804063182,0.44215411378658276,0.27384251909925916,0
215.07943712656356,9.821424953927888,0.9849896561408751,15.482861259771985,38.4290665456601,48.34980851068038,55.17123720199669,278.3546282764269,88.7370746094453,144.5223449668899,0.05684057071238846,0.13132324976431742,0
69.52143571507783,42.74825327776014,0.7720124763099904,94.47362587830797,11.31362150015931,42.914949195832186,35.65589211768887,369.1477552391538,116.65381005664342,40.900867738559164,0.9784944646717908,0.8191645000962298,1
517.8620555253561,35.38552564869984,0.027167421225559818,73.65352283347926,34.61771530772071,7.489584200198374,44.73027562526006,167.80462212045066,75.3077143933749,67.59399584809576,0.5884335564164248,0.9961452421241919,0
373.97887609653475,4.023495104051678,0.06520459126049205,88.29938248297731,11.666641132466331,10.616035354746723,96.55179182347663,382.5532958165654,34.04265542807644,93.96908699673499,0.5569520916641753,0.32954213352388206,0
198.5388149115895,18.791134910321777,0.46393137681233276,20.263263413534315,31.266508497722693,83.74725196187745,37.73484772303116,216.38354085409682,51.31229055905588,66.15859828553113,0.6557962798997199,0.3816210441766039,0
38.135010171614184,39.560323840297414,0.9092202058615602,58.758587110940184,37.35391335645144,23.981995220659023,25.822681325998296,242.0922491612984,25.32327513628826,150.9880400316658,0.49702364777720665,0.618037524676957,0
186.5893930293973,42.51294100311346,0.5387017979527142,70.11395944174737,10.93569444532696,19.495827149863054,24.34670440667601,324.0510636305357,163.93669804562978,65.87070484999093,0.03206351709454158,0.7184414747355413,0
195.10999321604822,21.033068006244136,0.4978125080342902,68.01118854469726,2.997165043065414,50.49114512501392,45.776461270413414,9.17919199961198,158.57457434619636,27.64641735706743,0.6123112888403968,0.39202953480359126,0
437.76370700283843,27.603512514481846,0.10547369995663058,40.81516908666981,6.548687149708704,76.87471313625129,75.9520148716944,326.99711071012416,228.14552917916947,79.80809040966082,0.7161738769564306,0.9049295169818152,1
382.53448281312785,7.516527574143385,0.656780104724294,1.5394891691308477,30.299848363551273,6.194651857898792,20.59881841884732,309.29257453605766,175.12281927533792,195.98288655647607,0.41674906062405315,0.5600039892289184,1
532.3276455457959,44.60258817616394,0.8221031606002255,58.29260568042631,42.47232031128678,57.680791963825584,70.92961271407681,154.92355837663996,12.491001301471547,45.176282586715175,0.7572955720711929,0.450390076405931,1
283.32895509716957,10.425226562254952,0.38042000750756233,25.310153917960875,2.2498410617712183,11.921044284057336,2.1149823349416286,42.89714244974474,212.218841742949,122.43173178864582,0.22700129933842061,0.6466727531599051,0
71.75654756298103,42.422929836080655,0.7756118509253275,45.02542461428904,36.70756295208231,3.6461050825618457,41.8932977983946,45.46772495652057,207.0420391069742,86.59460996794127,0.22127659106618403,0.9528038482491732,1
427.946872333797,29.23409920465658,0.9644766539008116,95.75810150838173,17.065932297502606,5.274395216221739,77.58650652027869,461.6118734926143,106.39687698544768,14.204913529865326,0.16141698768757395,0.7945522944217055,1
456.4710291701385,27.34815576954866,0.2037664591276891,39.903531764243475,23.926418495976126,83.41641082084413,33.873295577443145,344.6396606129186,140.60713212670117,97.57532119961189,0.37199475978916186,0.04001313053512434,0
336.76631854169773,23.070982995742888,0.5233296311947413,83.98016066644267,46.44297749227828,11.797248362806156,56.37371014453995,63.551306885370195,234.25879979340453,140.4328657296625,0.8470120353890835,0.33230991073995964,1
462.5803079727366,10.380141527299141,0.28713795808457554,18.854060574925114,16.598575236792275,4.515136441229195,20.49792328259108,178.36158465445317,127.7530473235599,102.64399516556375,0.8279120621490643,0.4705446849512227,0
296.27735781863447,7.943761440247872,0.7928544190338394,67.24604980250288,23.2668466969743,43.789988714291226,74.19953911261723,296.2414969507982,217.27723881026154,174.42121274931623,0.3828242079635038,0.31451757220910526,1
313.63969762919646,9.92187940815789,0.5775933658811575,97.70069544389435,0.6841207380340553,84.39934719420248,5.227910326875962,417.78585254532436,19.929301874444747,57.78740333151653,0.5891187359802366,0.7001875608304565,0
256.5246110151298,8.389721796491454,0.6345824175503038,10.189310087293679,4.0799360002419185,26.240837648930192,85.25426448755003,21.830464356504265,45.85244849008389,17.249834260792984,0.7208163164749156,0.826269149862581,1
15.251476046457114,35.081301310503896,0.7979141596158941,0.8319942227192012,12.929579556739201,42.17126175259164,19.819638642166815,118.31656573500443,105.78118642591627,187.31312233160122,0.24120677462802298,0.7313450951852716,0
64.73485619598267,15.755636662502855,0.3959704726624549,43.35827926326144,1.3926120410537202,3.9922532563751223,87.43980317083307,444.87449514769,140.34163400095312,75.6392699056438,0.16814108589474708,0.9893332868282753,0
18.85751141204055,2.6029204453528365,0.9150900684070432,9.26254830513672,31.56876630241255,44.907851413487585,35.25292413005173,4.582775091908243,195.89468444707205,115.28111029072667,0.972095993212311,0.2725476478930291,1
381.84624675826825,43.60961835633651,0.53302886724614,74.83843496762313,21.319917840081125,57.761308063713365,72.26835744744866,100.6995513969437,237.18290763436485,158.40062522603918,0.6175573132096185,0.8749894950244215,1
188.613588645796,39.77036482335416,0.157954822835348,91.45486638485589,27.407260136401103,57.090705375214476,31.922529778618845,479.512087986483,93.32435915378794,64.86273277511611,0.9814157218336639,0.7666226651744862,0
305.14241469882165,41.74885274378458,0.6958991181688025,43.402097270875885,8.732359294816478,33.242669217436514,90.59116712346476,306.70092326108556,11.379752673620382,143.23290763552222,0.3377559871322291,0.3621787575581461,0
544.5398843556558,44.77085201908959,0.7932613504382544,25.871164215544095,14.796601471830806,31.55331806631355,12.663712551837436,130.83568331875324,192.28116079087795,27.083769963565608,0.7030316999741315,0.7341245436569687,1
149.57533748932497,7.825286214876928,0.31676167706752667,43.44033190066098,33.191223742636254,10.662361893659789,17.85197892725987,33.495547197923806,145.05137257987394,58.25874944110105,0.22260363654123771,0.10407595641824696,0
246.22975382137784,17.830890850619642,0.857179256998753,72.3447817850001,48.26513618151999,36.67983206462684,49.303012515880226,14.095670223611078,47.6502861283684,28.94212722730398,0.26120017127391293,0.7893334823405523,1
453.3306831258292,34.12073140668411,0.9061432547657664,0.9054161580370979,2.52083868011046,9.949466887296465,8.193843903814614,122.37253981846364,118.75882958914084,162.24611168027155,0.511902121269624,0.5323306025871026,0
137.27889929497348,31.32092781242065,0.2769044873778089,58.945398948469716,44.519216042763304,76.65959447120517,19.598018470176193,440.7429097944552,178.15445892809385,44.52984704535707,0.3196181255080712,0.29229017270925317,0
46.187945897275796,6.925315785293478,0.9835214727152221,61.329168488737906,28.844060065560424,96.62742977481858,94.37663822120143,207.95682714875474,184.8988288964745,143.48071108104205,0.16762156384058446,0.6557773017841801,1
173.85087174826083,36.712490624577796,0.14071152804875842,63.76882468959355,28.195978337781185,97.00744566667069,97.64896611478872,360.1666845829965,119.90841887970288,188.65967944913052,0.262880701989326,0.641619998714409,1
96.73277235240265,10.09982573264973,0.20201566840248997,24.202207998087722,25.013926760388017,86.50710993753938,37.62593293304219,459.1425176899789,73.25148723092619,105.5544418137754,0.03574839446586464,0.2094862227195997,0
557.8185914055439,10.07179266701804,0.18422483923802613,71.40527233781268,3.4697042952091692,60.07921493396191,92.32860210139357,204.0202308014083,233.69821968923844,108.00583845213754,0.7044236214774866,0.030397414811526136,1
484.87222773865017,24.16384903020361,0.8939897100078704,9.13914863317764,4.493842586808033,70.086569724388,54.48246756734317,95.63868551869852,159.20702662955827,92.20671361956241,0.4921166570858616,0.4336225869016739,1
380.0422539062541,26.682297067876643,0.6542925523249619,19.92703364668008,30.045600282954304,28.520580268041407,26.974246587376705,258.5589654284597,97.97700464311168,65.17802867872855,0.09424306640452562,0.5695118693444212,0
522.8763541126307,26.103879352701505,0.15210428322227287,87.74700466544819,17.047928571777916,63.077042017262066,70.23987210805987,454.04184352992723,67.31117380911658,95.13100618498342,0.1716939931284912,0.8766052783705984,0
482.20324613946866,4.116907682898969,0.440323418368349,73.87231507265663,45.86340332888403,45.56495494398774,65.89018065748571,402.1872070688503,175.4647159208549,120.56150645335188,0.10253453811264401,0.9282167956475944,1
111.9420353316215,39.48573881836712,0.615298025069802,1.3745554011345251,20.329526867973613,48.20173397769325,98.91253191087334,32.91492168157689,58.124026942504244,197.19831443413187,0.6125928082758765,0.5288052181567664,1
535.5353990939867,11.952001916491772,0.08346408498938329,24.83762603698002,7.1640729351320545,75.7776560375158,26.50472874092833,346.28640003879093,41.21039735368516,187.55291186364485,0.0942103636124938,0.7538034837685449,0
323.6053451493904,5.828171457726188,0.8824163684073387,21.440648299316457,35.7359416751018,28.191835559725163,67.20595026617355,285.9487612294769,127.16013335089687,172.43059165862437,0.7542823330352161,0.43930327232799693,1
484.4640930984375,39.99366359410397,0.8036035354415352,27.080632803697256,14.667671072050492,31.803961169451988,5.202375502944689,453.73158817321274,69.59697423459404,177.82610714097166,0.020510919320391174,0.746082156572893,0
537.6547799540959,43.0043174203389,0.5052067735766382,24.755977027988642,26.27351536779466,92.46417911286366,11.36460386967194,61.24070842514862,150.9372347816676,93.56983665840859,0.2493757879958921,0.20480152493916692,0
190.80208498311833,38.795742776945275,0.9671266152591704,6.252629574284574,34.8916392752585,5.622429485097225,0.3918374951093262,267.01805660232833,28.305281969816036,131.48886543549295,0.8906666758919072,0.3710647348035314,0
66.03115471660605,36.42822336261951,0.4177609792750997,45.894051659682034,45.01320556010352,48.56342984133404,99.94606810596731,439.73134675594616,157.1858650961572,179.01334458724284,0.718531318122246,0.6342279988136148,1
136.761097525165,29.48588912875598,0.9841103190364978,73.27334747861651,39.6095597400838,91.28008004078617,80.22736971474778,205.0118933708715,67.99116671944853,78.59015299827061,0.07296833292568772,0.01815796560707883,1
256.2646731757538,24.78858167741127,0.6679199988036271,60.67317247174364,33.818053393636205,61.0363007818157,78.67230147335408,240.99745886643353,0.058304264283055574,192.35249566909377,0.8211261044851798,0.722461310338954,1
490.8088595534959,3.9144041960134563,0.6346712732539415,67.28716685980798,33.98165911975718,54.64070742121321,50.97260752881797,35.230338833479145,30.46465384180233,83.1572124138366,0.4930351215402048,0.8355355012681668,1
516.4383499538061,18.380394588181442,0.165954895295785,8.114917853623915,47.296232201604326,24.974417922935523,30.006708290543994,139.07182022445542,224.06769068042257,120.21653307864312,0.8467830271688292,0.39914166109395144,1
4.171278318714422,16.77098326555413,0.881927758304644,95.14907101767872,14.791204874826802,34.327548906444825,15.126428446267592,162.25332458447366,208.16511338768586,141.9609426544744,0.6007397744503934,0.4479424171771643,1
306.44838154653945,11.688920269214679,0.42748968792061515,83.84918338430248,0.05560470980937038,85.20484158046929,28.467473884646367,472.56122437244346,56.066167688696844,190.11840261518768,0.6818330320328587,0.851282212216531,1
250.44660188926738,32.553905115986325,0.16223340578247936,80.50903184956627,13.597727969909934,55.921813176845816,37.597122192913915,141.33368027057952,186.8092570909179,48.92325481045321,0.9935015603957081,0.7756546353260334,1
133.26468628243816,22.314408078544687,0.01260751997575904,82.29838050417675,10.8945689813372,51.47421937567799,75.6310096980294,230.434367634826,146.05718236175383,149.22619564772845,0.23233554592401817,0.288149489033375,0
71.91922040020968,3.647079715844157,0.5597556836383826,93.27105081327613,33.09172925569991,9.957971354002893,53.96617889031524,335.6522117821399,233.01713074796868,104.16311722881643,0.6239455747613883,0.32397610656153897,1
202.56910284217676,9.90824408774151,0.5273996221226763,54.42539661136977,31.68557998827645,1.6028156455123121,7.748362655548268,81.09168620393869,89.66535828817419,53.71142812412821,0.46032139005739836,0.6788782323905966,0
565.7458223475115,30.746644364681817,0.7193536223691586,20.02820178676259,29.67306913523619,96.36851886870491,1.802900895891224,243.22119357093723,163.5505470041211,155.32136795927812,0.039451952922691436,0.5631980924481612,1
193.92175921245314,3.4258886770635084,0.8902580530178021,61.678360785254114,0.812172160472685,37.698616728684165,10.233217953406315,369.2695197379538,15.24857338174046,110.44445603476932,0.014470641502865034,0.16222957109649694,0
311.27437304601966,38.30431113219459,0.07940658464302952,74.2881493667939,36.438902722532376,60.32130620995043,41.049871369737936,433.427606513533,95.09936323593743,132.19476412993515,0.11922857781785867,0.3099299092291664,0
421.8113753371067,22.281593715628844,0.7314964903403623,73.79173933540254,16.176520624274577,7.971507318728499,93.31929170490183,313.12963733121336,231.3162386851633,64.5802137155802,0.6490917405385481,0.8999832768786541,1
218.1777614275764,21.62639597969916,0.18741194409758222,52.14490241668801,33.25279945033156,68.31142857230465,63.74024812092216,334.52675765847397,129.35540986802894,96.254790365521,0.5671630879133922,0.6881744367222634,1
583.0692496325764,26.65835030967829,0.858177053157164,6.845871933357806,27.828921425107666,93.2566708705961,80.18258998755151,63.14173629228448,69.0910808003627,123.47085019761342,0.5534295611637274,0.9859743176855195,1
577.4683769652668,37.110643466631714,0.8190635138616561,37.11129384301278,17.13654627139536,57.56652529974197,46.637459450454855,472.8882486231736,28.865031150865647,80.9821628539688,0.031856762528260085,0.7670125299807694,1
151.0693774952185,15.651414355598687,0.5407937549855444,92.07666084633573,6.7288133552053875,12.611532237541056,36.16660831950428,66.28703874224118,168.8468016435673,39.674507969540265,0.46930299636000705,0.9419744321435902,0
298.34910353543125,30.51072686515786,0.7102427986233115,58.4448909757426,4.720944883024048,58.172152747347674,10.840037271662272,387.33646859089913,154.76545042313444,192.3280984630608,0.9246228178425285,0.2161885738704754,1
180.5269858900618,25.4579383798106,0.3143501131837484,53.83319432557134,41.57591665561118,76.63472131046524,87.5933022186205,132.4081608891594,89.74529126490592,102.29350800852347,0.3975918693106466,0.7714848748169257,1
170.90429662648057,12.016272157623959,0.47116789893281463,26.885351438219352,45.9198771040779,40.64165365740187,78.31600290279029,466.7965718506258,228.22592444780022,146.7840740575401,0.6249224697884563,0.02021752014779743,1
22.13216841271968,39.53834938598211,0.8216368977104717,36.84489199165789,32.48940233821498,87.98377479414678,16.811809759772512,359.9797696847398,5.328675117084076,82.20943871121162,0.7798186756231436,0.6707600217115339,1
365.7386003879381,35.884170972311765,0.4592651971732139,89.53460891531692,5.171705743024169,64.86829533573645,51.22605638762605,376.90685648918446,72.89372439163819,71.02635280514326,0.7839252791418876,0.46928227812024137,0
301.6074139373169,29.630332559629146,0.3577982653254418,66.64630475268358,20.101360844412035,89.92489182892025,48.73748079212449,109.52958652994165,221.05667671189954,81.432859693425,0.5192800823952713,0.34676007192006864,1
30.887250749993612,38.276177809240885,0.4942124472502999,78.73870267523328,36.446960005257864,62.35053112473372,62.50915526865286,221.5199883175804,77.02450519666569,81.83932875712996,0.8579519454023363,0.8624043522930891,1
167.18787854196685,39.02823904319111,0.8282492524372184,45.434542306765515,38.9910442005034,13.128797200482422,94.61868939912613,308.9065972946432,60.5406801252409,108.83602318839071,0.39137809336374696,0.8542676926575307,1
544.9595315799922,31.876333952176566,0.33520804737087273,63.024721945615795,5.91093111455443,30.96917111051891,57.97714417624796,384.98680910330046,128.21289838349935,108.69397399627263,0.8886932147847983,0.022301704898643582,0
143.73713440018346,37.66559977636524,0.1737615931357438,24.838360874320752,0.0015359422691207936,20.17949482524569,54.02172667786186,51.97968795619479,197.7124199809291,99.43076317657433,0.2402271663955453,0.609505122449431,0
86.93692325473386,31.386215775117766,0.7120140203307808,70.54608302834863,35.60685229403025,90.88264977168623,5.032293293466394,481.1826582272642,24.755222610806655,26.957156983487618,0.28021640699057104,0.3678322243209564,0
293.6716561665378,30.60633472921352,0.8259782127080818,42.76013337033373,17.829808799310282,76.04000672874827,6.290747601802393,445.110335277278,226.32497031497667,99.21509570010623,0.0531206241990011,0.41566100150044916,1
591.3902724663604,27.837512019683295,0.10063747852353333,44.25455148147456,12.724066580913012,67.6398368910006,18.734679132678888,135.17429524779217,190.81749148347936,33.8207800841303,0.7955818365422829,0.832040739218776,1
145.23316290690025,33.872248780093855,0.23987411275594472,64.93223245768817,0.644873489476272,30.096631963162167,3.247077169174828,411.380121516166,43.50006133237247,25.22715725915303,0.4170552362327056,0.3098397715276783,0
403.2813284435271,7.137229738188316,0.1419719897609939,93.62806214689266,27.014970338074985,18.40447720502135,74.33528955700123,259.1619615199117,170.88191068755904,186.52914346823354,0.22911661391139904,0.9430488106376201,1
456.97176919723057,39.63918416395178,0.3479414115821666,6.400634660862092,42.557536771299084,75.64510879889119,72.3330303993963,230.90324078100932,92.39009343301372,120.99000262954085,0.23179027761657967,0.17963382637214076,0
142.5825263954398,39.23295874853544,0.45035097890541265,82.47432373470076,47.881582313629394,47.41579458790797,13.605623443164294,157.2170529057027,96.55072273831648,131.89801162491685,0.9013999412292332,0.6627224233681778,1
436.92980916711576,1.3161277365551616,0.7488263369633065,29.238311041219312,28.287247530664462,22.578955215062912,83.60789007952809,290.4842933157962,187.98962218532793,80.35873406667275,0.8339166004610369,0.6721050670137647,1
220.66987963155194,37.16175377541432,0.6511475848816741,44.391945450637785,25.72306638699471,61.66219781652751,15.478603484611197,364.9445588517989,231.06835391537572,181.79617838297284,0.5535308853571833,0.2521951614279182,1
379.3834983561477,5.799144036305034,0.6209285674784312,2.1913328775008956,4.252819274462055,4.0333852138451975,30.11755869973588,205.46645248137912,30.39740948332654,127.5860979159331,0.6161108004157211,0.324750608967202,0
380.1178264565368,15.080348441661386,0.3523749466096544,30.1046077834313,27.443640077129988,32.61702541282535,24.8976899161365,314.60959650414605,100.95125685091665,153.83397390471748,0.474325570550291,0.8347984925799404,0
321.46481044485506,33.45787153312235,0.8414475530847599,50.26312426301305,18.99895394826973,46.85569945911347,37.23070985730478,349.6564605776519,115.42598594023285,73.71249380554276,0.39166654287880887,0.7618052549549524,1
54.17386203264498,7.2341953221738695,0.47128716739816456,5.617607734743901,30.356764044178846,14.795833410940585,25.466376588996187,355.5609085076429,90.31483606919943,192.0023761638251,0.9154768812183315,0.32909588031475956,0
501.1814973535428,36.8085160853578,0.9791049380151545,49.10957293831652,19.436317393827334,98.46544775908396,48.8950926438452,25.983049065590123,87.165389691894,164.092258031663,0.12561270352030207,0.5339565469349339,1
192.4680389830415,37.446038008098384,0.6341421382957368,92.71106288584274,12.014956172518337,20.909736458961426,40.74078813546854,429.8739028425335,12.544480214783169,170.78969260290873,0.41844678971622795,0.06168029625309546,0
111.91110623991254,22.83604801923763,0.12626474156450274,10.539321810780521,4.748263761418825,13.035313004326554,98.65694907793265,229.12665738252397,164.5292689350296,34.43885348515086,0.34456190798787534,0.20874588239862923,0
24.46508493285835,0.2873642272575111,0.676177562075434,76.44407280755044,15.745922229444787,20.35348738868964,5.592635012822567,131.20804084810723,104.69146010881089,54.19264157424391,0.49815072025114837,0.4858205588603991,0
354.53576591294507,12.916715992871076,0.325104015431699,40.967105337599264,4.832241714387614,76.90611331597242,14.218137638735161,120.88225373984079,46.750512634542424,57.125319936715414,0.45763187454517507,0.0859737352792116,0
406.53861710536944,27.7617113269084,0.6863271966860974,65.5173714524338,8.844847541199197,42.55056592718428,5.282589390860249,241.50705642197522,195.8480405524964,54.181844649374234,0.5188895316510814,0.8433323548919375,1
9.952697356713692,44.153378011234054,0.06964114816240574,26.023659798522935,49.366807928977295,56.541593975253804,62.58411949823758,443.4157697344796,192.6145795563907,171.0816324208576,0.1399189772269941,0.7180062101076479,0
307.2558349795686,28.431608715750077,0.1748814371759594,15.949226254135828,22.20517784533093,2.1009156986360744,5.450927741371958,189.17379084132347,116.73399074133451,6.376959041718422,0.5131415015132771,0.9436336706484948,0
135.89746511876277,11.691161147887192,0.8557372589057863,16.046261427122644,26.593588325250828,3.4431308573314556,83.64397373761233,374.86287339177164,71.62815867546253,15.21999779615486,0.24241881388721087,0.6934669059640272,0
387.10367424566994,28.53025663948251,0.2271795570235149,7.049194564314465,43.680926436860766,44.582554982701616,51.19386306819278,48.4093654936093,153.14225419114857,54.78297412598074,0.18433134898819126,0.9404013722621856,1
104.61985740299487,24.299342087213496,0.83704112524294,18.564670490124303,49.77844502453439,81.66552432016235,52.70076245815337,238.02835107553088,69.15651258657674,39.97459492988873,0.06483421878619122,0.554512555690965,1
414.56264286147956,35.093042781801465,0.27927608845441043,66.42193849889682,29.135722467234075,88.52388787075652,56.15945077121942,495.8430701963678,56.641903277690886,46.371922776569676,0.7626525587561409,0.6002186110619694,1
232.04120778032245,4.814128747213128,0.6428819100587077,88.16906118435081,40.623691052208585,8.670656759564022,17.081370630621073,385.21890139616846,175.3235169663184,159.58863785066,0.42744192085655996,0.9769710546262609,1
562.0379932420407,34.24625561259126,0.694150573509831,81.41256855911618,16.347051216833762,53.836310210102276,19.769030311448756,105.26424422030651,9.678057533028168,112.62531877840938,0.6266436833117583,0.6421291468642604,1
82.51256648759595,24.356996040424963,0.5126547531450529,68.51343098744842,15.287197872364555,91.32296862792705,31.88173228730047,250.72073684895534,22.74443304830255,1.1541322585935987,0.7275933433047433,0.0307865688607466,0
204.6398106301551,43.33464017365476,0.3053106766967313,11.043186341110268,20.13518604972801,38.797275439788635,59.34964158218514,116.81238182428328,1.6291617656615465,85.86455314083905,0.6793166653135535,0.7238027766305233,0
68.08411274435345,15.384247471740874,0.21264437637109612,28.918744629594983,33.625363133682455,82.95658314283686,21.011777594021453,204.78046363125463,36.706364754102275,81.57698537007178,0.4705007190896823,0.9054686921374157,0
554.8161709671376,28.467985191027665,0.03318935456242622,30.980687532246897,34.10958446275494,13.36956543994362,11.633172713326124,390.04201186748236,16.557602090510272,22.789053888908704,0.3878985289517298,0.7955802497943266,0
526.4036120285886,41.94126474795078,0.3039464012407238,24.99569463976212,15.76197173247254,93.53944896677987,97.01168864184322,385.6124076452018,238.99256826718047,135.22835772029143,0.3759599096406637,0.5838332726254226,1
154.76497662909335,4.612937759580566,0.653162790531283,51.50056597097231,6.660496206831434,75.14233175313026,2.1981814809622913,114.05018895119257,69.31439278898151,140.41943767589822,0.6400487969300563,0.6713035130935163,1
395.99042762050743,42.1752819256403,0.9383048184484827,53.55538148796726,31.619812823275428,94.13343927869016,80.26974053360216,461.1116590774301,35.82432304061935,144.17864381041954,0.4947943549418734,0.9901917892516717,1
490.3333201207295,30.9548575035366,0.871204482263052,35.68859751711102,6.416293109438226,67.66172335525064,78.8035149575022,296.2840913824134,57.83910191902031,145.6941891117184,0.8491322479885106,0.09066208850933832,1
333.1204869596774,3.0526676597327356,0.7660647765353026,35.3789158736436,28.924625411466504,36.3403931999427,29.7214113845096,189.96214548100727,224.6701371696323,0.010565386459360226,0.8747019843267121,0.6672448286332395,1
317.7903470136039,13.543360512606732,0.7884473432532987,82.85555979060814,34.67110640281545,93.81811725247225,13.56266160073134,250.9677903904303,124.83845352585496,190.78416076934442,0.17056037800651846,0.2833976945705938,1
145.11137454027102,31.86774398903767,0.6649849034759953,78.92928483196856,35.03057481972258,27.556677630917846,14.562864670542341,302.53562671887187,87.55634311388565,162.8417534109326,0.13623365154572564,0.6400903965861701,0
55.861660683539526,3.0307770660947266,0.260286857566003,30.779583168074566,37.673605532979835,33.21725220617326,69.74316172371925,279.9452659228927,209.61394989821264,180.79633931785705,0.6304009260359995,0.6076235758839388,1
538.3294547719961,26.197670707932296,0.9071950307058299,91.37884438732593,43.642971078283225,70.08084180017403,64.28065910861737,243.2025177680891,94.7976649317678,3.128659061486827,0.3012257480622794,0.15345683210816208,1
540.2508342979983,15.564737562883053,0.670732311905834,95.2815017002506,24.997949598239423,76.53162995253862,78.27456742513867,252.46640204470006,80.402056789847,186.77175915714787,0.01857071876509886,0.20674664574023915,1
379.86087436396076,27.94119829953647,0.56044063098044,32.67425420300408,36.51245947647856,92.94034838491538,93.74811723991047,88.20595521394308,49.74780541193653,161.95770573762093,0.8886426693629551,0.6216295780432135,1
203.41787462922042,2.0583915215630784,0.11098946921348107,35.442494879305485,30.958636768291836,20.48024090562095,69.1927363266592,406.36645215233966,90.67123773825875,167.44382859173973,0.22690076724380825,0.12822994730377413,0
209.52574476759654,39.219156276856936,0.4470555438064254,50.56341534219588,9.331996989884129,79.7998035219224,15.585153655144346,270.8801599705077,76.00424544406225,18.657476944393704,0.9292806516858091,0.26518087513032285,0
435.5734073221436,43.80700361298286,0.4603582712019263,94.11208125336735,1.2844822434704084,73.85460533969635,24.344261676541066,65.53993085235155,162.55295023155384,147.75560578371955,0.7174344508782536,0.8352455477380024,1
538.2661559715463,43.59950348785612,0.86456360952267,87.63194331423115,14.227069283846689,6.379455625359787,84.21937308731145,383.078550791389,69.4998491209745,191.9833379284182,0.7626534899114843,0.3270915060016386,1
532.2518545590704,33.734332428431614,0.5466482201877885,10.25679625835898,22.15168531688097,38.722314121020695,20.93060758342086,466.2219891886754,138.52793914141475,135.70946828363213,0.20146149579316042,0.4880601562696629,0
467.9253275145743,5.853880805878439,0.38040054897040965,39.27307432714162,30.855297221432814,28.27654570600986,7.252231695448142,473.65344961848103,15.81411960767345,114.1122809249213,0.23419442561681292,0.9411403351458403,0
385.2189876925727,34.12184381680601,0.9768003285106593,55.33711897497719,42.497966525160265,30.44904243540304,70.32800540422505,184.50886620558637,45.90939760716345,189.1259355497994,0.5212677538240658,0.2271490888369463,1
50.4839789970293,1.106411240646068,0.11072059332631567,50.313247255154,9.812285835308282,98.29468795547008,40.2526355490142,67.75843678037702,97.7772651867237,88.5874243468872,0.17209985264986216,0.3896260173580104,0
96.97722845676826,0.9955598188048764,0.4225484283119446,19.38630679368927,6.277489494923855,64.27774134799279,92.00400525459035,259.1998133165326,224.8678209380869,119.85871326209573,0.3054316926830323,0.6064577755435456,1
539.1325131162475,14.562459861729357,0.04202467517140529,85.88167711681547,48.173997373716375,71.76761577934995,65.02550710936616,56.30461467461034,90.5404765717669,95.26765869887323,0.32146247794780447,0.7553389295039722,1
363.857435795754,21.988943568209958,0.7399041207669304,67.69407829968374,5.402227968820355,97.66176373150091,9.041897779166074,466.99370925630865,159.3777890879602,186.56924427205982,0.1596299332527641,0.9016533867127051,1
5.518230969977789,34.66833380135069,0.9180765521991506,83.79083748518036,23.92455350535946,37.72017824576387,94.78565672536607,91.789813677573,61.22093338113555,15.216945353101451,0.20518283339516075,0.9154729875735151,1
60.882925719619266,30.748291947292735,0.28003732955048943,85.87642793494722,29.278186439665095,80.1840168452806,25.85572636402459,126.38292997558203,30.488058233575615,100.22394016506964,0.7885518420082566,0.776640074372623,0
398.1010614648335,20.065621786953674,0.8583416767991209,74.83558536657398,27.068721045371912,43.45309633044954,33.72124904062858,203.3182634424852,14.04878401921203,137.39048827708766,0.16719585454726837,0.22833083659331044,0
3.036950307731212,12.313199982674965,0.29221823046189777,43.92106012497173,4.3016078516471605,86.95336718149798,40.2260413683542,191.5822342795629,73.29923965026032,158.3813076844474,0.028457391843922486,0.024809330042565803,0
96.4848308504992,44.870602507097004,0.9107701616439152,61.054675501542455,2.8513457001809686,18.06575413113032,5.122429640431325,397.3314461989445,37.838646431257914,116.60372948882727,0.6293549426289384,0.3837739303556238,0
329.24027361995167,19.178158600618783,0.7539619035967839,16.036540611974313,5.274171373051784,94.76861770642796,49.65154222306049,228.15841027548117,41.76250752386981,181.7835488242908,0.97598311939245,0.14154885098782333,1
415.137118615616,20.312416094835395,0.8049067768414386,67.36454174749078,29.279384193630626,21.877170841087967,12.331849107529225,85.38413000166844,182.582234012868,188.39828937677433,0.3312138146231214,0.7103876474382981,1
391.1767557015603,7.363071953625113,0.0180065556004545,17.925325573928074,27.217244381716053,32.622050698093155,40.097032668835176,133.60494774303706,3.801137026769812,12.863844638716703,0.1186557031962523,0.6611305868257168,0
134.56158567633588,35.76642969374682,0.962810357074026,69.39495905101568,11.687039601837213,75.61922341067805,35.07097879920843,254.556692593761,133.87443017650426,80.47410790827487,0.5703873253675308,0.04397164162145484,0
427.3075328085215,31.21570016016699,0.7266709920703233,22.959816075396866,31.888707092279578,39.37551415654067,77.28400834265034,73.72695871306745,91.07073134243154,4.691804344230888,0.9063542110956462,0.8365937791309511,1
142.34945249808004,9.934632575494218,0.3047510953861333,11.755130015021997,41.00337510278247,60.82113767664467,80.3170511632731,305.82783782300703,121.57199997805134,65.88333147488858,0.7840617798284788,0.24874326629118226,0
195.23981889556063,3.707147052712921,0.8293946648588469,16.52844901429574,2.078947992329688,44.45735010694285,15.3412882389088,282.87365327557296,135.0792569315047,107.37364359412042,0.622515868412716,0.4322270754910422,0
447.8948430708145,30.62246859336209,0.28152119841492995,0.1992135219070268,24.90649717740212,74.23699370897819,36.65511873792262,357.35115819112883,75.20824666974677,182.15898610198977,0.3150564966075994,0.6679337354557424,0
389.7797394283288,29.453004642651084,0.872753839566128,71.87396178535302,34.465520605134515,22.833125236861086,37.33531610318317,468.8523076896838,70.82612644422846,169.31086449308057,0.54188017327622,0.4294187868522533,1
509.53404629650674,12.29667871491942,0.11258039041193701,73.24010490583791,12.615596353484355,5.8457987236877,15.141044393608505,456.12728055057784,176.01644384037738,25.499945334397147,0.09124484130425536,0.4412878027999434,0
394.56773538020605,42.788860301268464,0.7036859774607958,51.493334991325945,15.388545264657456,29.992939747306625,79.84535050511906,473.03780903441566,209.10647714907773,18.606074948179142,0.67894542428067,0.06562799533574037,0
340.98516200128296,6.797605130140511,0.5406984766449103,16.13628010553837,30.68189514946919,47.43086648684303,70.72283283354233,122.35779851185046,46.21959179004669,117.85346775133341,0.7250960188976509,0.4014435492600038,1
56.204860696855484,19.455066046917086,0.09653447019544081,8.355433751068976,44.89676467218685,16.80200521926786,19.038178629703474,65.78265331967731,23.42850252843575,106.42359449175653,0.9650316229099188,0.7648478932199835,0
220.6294818356601,42.46271640754195,0.24189382825883898,1.912896643728701,40.49622101514497,35.47972896563887,36.6721908593799,151.13835024822424,215.47099353408623,53.27552828600477,0.26039735874507164,0.9151763371865977,0
159.12142060903528,18.887729261675503,0.01240403627731479,16.57481769652207,29.156510954979176,39.998301829356855,10.580502485651422,447.5425863831573,83.97491127537567,179.89061691076705,0.018456419043022643,0.41349713706337177,0
146.39378602745015,28.733667644883848,0.46876796546450583,89.08555349831467,36.51108588786246,5.739184368827354,62.820659709304394,486.0267373117441,132.3161737590754,185.4732818923107,0.5456084644271506,0.42358582687907886,0
583.8063328514673,17.891747908325744,0.3012652607600004,24.153684170168177,18.241123510389933,58.33072481842046,12.137192454861967,429.662475535238,86.29035468480083,80.52228766803253,0.7067905043968145,0.7026271063236521,1
235.85863480005625,12.339684105690152,0.5983574842977588,35.42713272172156,32.04827640493789,88.43434279712875,98.59341686249178,55.0088605637718,30.192560723052317,178.06051142270405,0.790407475882988,0.9427720011052766,1
535.227933106268,44.27899415819227,0.2972378077086172,10.534548448133318,23.30907955637785,15.174291295305242,78.06820746878623,473.71399902989657,141.43959478745472,76.78977885259452,0.1937389330248106,0.2670609402393602,0
378.6831755983577,18.420030284176935,0.2999191115069847,22.236130474817028,9.496806822878046,59.7808013401514,39.023854958399504,211.67901367539298,126.03380442471112,147.36336636594004,0.26175286903702366,0.44014420653793684,0
476.88678212498905,40.23446416556105,0.7431931987316034,51.922457078020514,35.08691369386286,66.47392049108463,57.85639322793544,4.6551453811768395,48.71845420588733,95.18844350954483,0.5125909252672963,0.7959732435523011,1
301.5822558631153,10.347957265098879,0.04814283597835345,60.775268309565256,27.823231867441102,41.93346804192883,91.13418162164088,221.1968703740968,108.44857071654668,24.516631301436597,0.33060080997000185,0.6096935693740385,0
346.1423307758155,9.58971168112875,0.9028949951919872,24.535231416621105,17.93107909767957,70.109758736427,55.40992803958261,23.034584837733796,191.267400963755,185.5868402474043,0.860511486587445,0.11058634396395473,1
295.51061629131834,1.4010337298030113,0.8522638743911815,5.773215922511721,45.566959503931535,41.0731543491012,17.44984863979552,271.9389605805588,141.70226474589393,90.81931867550732,0.47376015373872027,0.6277327355622657,1
117.1457926788267,29.325007141914828,0.6678046832264065,39.10328691273987,1.0467058913366634,50.46372879774349,37.87033555811593,169.27701371852567,23.260158496078766,146.89740806448071,0.799578644102003,0.1867462845973269,0
433.4712691569032,16.58368546756925,0.5932215701073843,23.420337092633414,15.7886575624748,0.735304455442698,84.31448650297455,236.71746679702437,131.52515933499242,73.43476288625843,0.5806197604823538,0.5102159340784042,1
168.46341746451347,38.896121242783664,0.8923024981396522,21.955392322980195,2.844069888882328,69.17201141346888,64.42130159896179,306.5851803715585,168.65719182950085,3.776175715246932,0.773090141617112,0.5291032676604385,1
14.589579858872304,21.294445801120073,0.18533017952871444,95.98628027134552,38.32636581108136,66.13426789447244,65.07243843338003,434.40054790891014,190.24881738738034,20.10607173836718,0.33267298653032384,0.8762033622249848,1
387.28337754430066,43.568704256162476,0.07896916219082861,61.63004859257241,35.10537270568963,3.8400877326344562,86.68214856884892,330.9507882359643,150.98821887222402,99.24389589798488,0.8314166219303112,0.46249427401243814,0
106.26640764422936,8.348648206640451,0.2395101699095381,55.68784431720959,16.567610936815854,36.82501073951331,89.39730574625047,217.02443423909034,36.637959489788095,137.99287142527248,0.2745723155510216,0.2794424222358942,0
564.2751506117486,39.088042558002485,0.7945782787001903,41.57751035233219,33.78314511035365,97.90318407916673,91.97925717794362,409.7139268351825,170.44158398163856,66.94706531585581,0.5460988080032908,0.23096634821603157,1
572.3571462015524,34.94685837562838,0.03467026672648332,42.89443334301443,19.796861309797492,42.07365625686168,9.48491932531561,452.7910687865661,162.56204305956393,139.09769183553007,0.21400711317387422,0.8742518766843361,0
548.9186341322691,34.69148300898234,0.5828068350834896,54.090500383808084,37.812689571121716,50.19454051318417,54.41260019631009,59.87998321609861,5.862451905751973,139.7271178863912,0.47552652162619335,0.1710108544182284,1
222.09522015326664,38.01524526525994,0.9954375161913099,69.64298070361072,22.709183136835303,90.99301581597186,74.05095212183186,265.96648877639575,98.81944022165837,140.78718146556616,0.31817520950870315,0.42586856088314373,1
9.273969917320457,34.24607959243495,0.8556960938375394,70.21460961818295,20.61398639158328,71.72618758657563,75.69268451270138,142.25597987122208,79.90805927096959,98.50437080410168,0.26670343063721424,0.187173114926947,0
556.9911375526352,28.179914473413692,0.5214456890435895,17.169390770544958,46.73649577441505,58.20701311242236,60.67162019700039,23.5305989384737,160.65889542087442,182.9772300243008,0.9669850180280375,0.7733040401143754,1
256.9104889903886,5.906019495707441,0.06364090928664234,50.0112752076627,12.543954994535012,79.78046813410725,16.678733518367416,334.2733475569927,51.87259495462097,97.83930359612312,0.16007410548673062,0.474372639974619,0
579.9928914262017,1.4636780771063362,0.8313735143857098,41.195809503410196,6.022366999828272,86.43662664559733,79.74205539416643,431.38538872961277,141.80926151382204,90.05303869932763,0.7873258374573953,0.35114369055681205,1
578.1719862535517,41.43815315170591,0.5989785081772105,87.05269662693841,29.22715566297291,45.68880717372669,72.01113335149458,81.45132723869702,219.16943083540136,39.8761638021254,0.9841649594832149,0.3610996406264668,1
511.80567328041604,27.749264153433213,0.11493299705956683,63.14189212183764,48.466090614208944,47.51083649318354,8.613577154903629,406.20682881195023,191.47256933006585,61.531017471267305,0.01990148374007783,0.8522142067229794,0
176.6693352417514,35.84417809392794,0.0938572848233562,53.25040664159818,18.891960686359333,38.60509356518358,46.380982467437626,426.6978667684708,221.1498566919673,8.46689850366067,0.699027414042095,0.5537739542944381,0
231.05863716115516,21.66850581806475,0.9096268194365924,11.539464217891737,3.101838181439076,96.67061400184606,17.39773995218036,457.1702213332417,234.8414320638456,126.70705872323404,0.2529118055562871,0.7178678511312636,1
510.68200291011414,5.278868503307751,0.6692002629380784,60.56378893234115,16.96526336547837,69.71662542903503,33.74770457129719,132.64254454302622,2.560830481479064,49.707148785418575,0.040487824328304445,0.8970385162506845,1
190.1532030937666,5.63336064911477,0.8292867993167555,11.720390568023342,25.296582715977923,8.322306620807229,1.8081092205685434,451.9765325949446,149.45790633059462,60.83105089709302,0.4028895789566308,0.901741676040642,1
101.69564801165549,30.850437925303712,0.8789789002822673,33.720657556575205,8.096150331610685,86.29596233130185,40.032986841075825,160.33137736821612,99.08145546213754,154.16290433286423,0.935217810170875,0.32850905433786315,1
334.0807574750101,19.36376527047582,0.5717723520483222,14.284196481433186,32.9051109028246,48.05599408362681,54.987692115621044,276.1690067277514,206.3650776804292,65.44423663229078,0.011765094366997686,0.9524512631463853,1
561.6928644964686,9.023612701515152,0.5174463517550413,69.20736470243689,49.88746945051003,6.875390642248746,61.95825928270868,25.253735416141065,60.43552848219161,48.439178402628436,0.5878856919297817,0.024875882014605444,0
417.6178780049838,22.12175460336466,0.4304274103209902,20.62521138361526,22.58697379907219,54.971725516331105,66.34903451287101,21.940544184371802,235.44707738761826,33.81154982674115,0.5013964785953243,0.37683556101616567,1
342.03670205361897,2.889402168381034,0.3169465877911193,39.1859373188026,17.736427836510632,41.716427897570206,83.629131310246,360.18660636610144,147.28991269049936,154.97168043639118,0.8733841643710475,0.8957988575088416,1
58.30589626246112,26.188713086147946,0.43459596085871177,89.56747776187787,20.035208341723333,87.7749404862625,21.546290727573002,222.23998898889553,190.44897653491944,25.941251598005376,0.08400171452062566,0.2746368798169829,0
369.00433601950186,12.104703199579395,0.7738796557301564,20.431638339897027,5.757308919760057,20.399460360938736,12.048182243846794,128.14618768460878,20.5438926774644,90.7507520500707,0.6815260298866503,0.27308145032131836,0
594.0323100625579,35.890159528673465,0.6019234310151316,50.780506395877914,44.16368007131119,82.6464609492183,85.15371718979256,95.2067480124551,44.02989234212761,101.38602321543888,0.6801096984332773,0.3026222850818887,1
84.05040914191441,13.96628815156082,0.8925232899548461,41.9271661166022,20.7412827760676,55.768869118545275,15.661281489264988,334.976745429609,182.01688152820876,137.4779825371429,0.6690800168622832,0.6123133848469222,1
310.99779141824206,20.484906708681052,0.4433800143791877,1.8124041045729733,19.363720571242066,5.461030321346905,97.47600813361953,0.20077201266993638,5.276765289437666,126.6566964665991,0.942334494935037,0.4383327756143538,0
526.4238431567733,0.5229242958645286,0.607089578718754,79.27581135728128,32.984513646523716,97.18453013254846,84.2538229398637,402.9455845984271,196.05071661450788,162.14413458903496,0.8230875290068804,0.7267348363533426,1
444.46117065252264,3.2601099507551496,0.6313075530919887,6.904590631459973,22.101671046556177,51.26152441031999,50.08766058895991,39.62480306496441,3.3477644860587485,8.95028678524763,0.04197272624350601,0.8949106425646658,1
418.20944459716077,17.662210038300817,0.5916971623063255,47.42550209769536,32.4116734403923,29.08768542315825,98.14214249220252,95.74480745405972,157.7085213747056,59.28814495587944,0.47108285070451317,0.6741993749428606,1
421.4904503922656,21.597247562270557,0.7026337730855163,56.06782949389499,3.0723145065393753,46.94068419892581,9.737672910800422,193.1181976495448,87.6225408556334,56.02682375507595,0.3979530562013335,0.2044667201975755,0
215.6946907318531,27.000924665368668,0.23743346837480628,62.842645661458704,40.68616718611137,85.7857783517489,30.306576117510165,242.4293698580518,146.7587646526078,29.203381118421646,0.31014722109080206,0.9326819023605022,1
176.15510655869602,13.124816041918645,0.5123637775457907,68.86316293078755,47.02519764397013,30.49031243850635,63.822441504061146,177.4975579069709,167.04753767738728,57.83565077128863,0.4513367251540973,0.2644928733474785,0
485.61669328710815,31.274184875694413,0.10422480280834767,25.327238352271507,32.4382693079693,19.26763964867003,35.00068684731787,160.35608249214695,82.19405260471301,61.953062828580684,0.38419418492597746,0.14989429532815812,0
486.06803680750846,38.70550787351421,0.38451132764481255,0.9978776658449373,47.72829644294054,12.907124693088146,92.83725519807918,481.9580060365942,25.91098754660053,104.37689238549565,0.43233389987866533,0.0899672788609609,0
520.2433911480622,35.09329450020074,0.4876670686212644,72.3443662354912,7.5716157184981645,29.785939839021125,6.562608817781756,320.7898406216971,16.715008259583755,132.7408957852512,0.9792618656086425,0.5633837406661656,0
547.9443315338827,1.7828471406760715,0.6522242595454725,53.56565993475786,23.870809474017683,78.00480870400435,54.941183206096454,11.716477683694105,141.34464541501148,76.22010272236281,0.08863297474958076,0.1137624624806518,1
306.8054393165627,21.622812626602304,0.9505310525862035,83.61177032072487,30.090336697272363,47.16263651952617,59.08662673951145,215.08795422215658,124.95728489618676,143.89404626267623,0.9222308698387298,0.13877588411263075,1
300.90977681231976,4.721858028817869,0.6006510665483559,82.13883629006943,29.086832371059334,22.748160369353997,65.27281237772242,437.5043498719851,178.1282421890718,67.233067715916,0.4802367134710267,0.30003048059549664,1
478.9771073800651,10.892025713813736,0.7435939161765598,84.33261677878832,20.07308895445216,16.61849996097492,25.566622333181442,150.72809320533398,122.33652240094492,58.05673546295207,0.6237422454995412,0.28165300968446383,1
389.9783584666591,44.39981669702159,0.5062660594952028,48.50946599795402,16.90422046831307,33.27294765103791,36.45664275198644,47.27817238719412,101.38698960741098,108.23761117140486,0.8301829666176939,0.6042395103321423,1
421.180126354622,6.412299430568095,0.6341040313763313,33.362839583686565,6.34120112752094,93.99243728857088,84.36805296649777,379.1923857949589,95.54092277669541,4.743272061158121,0.36046302914925554,0.8167452794726815,1
477.4756016616606,22.449966905311022,0.07093221613377343,79.155820259137,19.58712252811391,34.30267125900244,19.494276897015983,303.00691596804063,6.347256623440192,15.957824726800073,0.4304219080879669,0.7613496562028924,0
534.0032050905397,27.817008044315358,0.254391580841847,45.12941130292549,8.133040755274257,98.81240759546354,82.68678471733621,285.15625391325193,80.53372840719771,83.59390871730541,0.40951848027871396,0.26248445471647674,0
202.79709411092148,31.610923674484678,0.3618530932051387,18.34421964034345,36.71828382461092,48.523045576535615,56.26554229027424,26.78827980370396,234.2448378058786,188.5825422783513,0.37473102253575985,0.24531049798597993,0
225.3497715839664,25.184190756911136,0.47249335500651357,85.49740195614743,10.441546774729499,17.916391829015087,76.21875111940821,70.24950489775867,209.6533382945013,144.30235596868474,0.9255293216468949,0.9657915301069676,1
56.389163904521396,0.43968813386326466,0.045648745502383736,88.25598767723473,2.9282652642266926,89.11400917935094,71.36073662634715,311.2746981065569,79.05073608821225,17.62531390011155,0.8289298911930121,0.008236241591960125,0
346.9680845977044,14.690758870979636,0.14002409755331768,46.63097561401701,27.618306890861717,46.03553731348269,20.7511495384879,103.9119207294179,141.07089721592934,169.26360255617473,0.1089999898629761,0.8797205330602158,0
21.56536427804525,23.297023952312014,0.2768143077913058,7.569972730978747,29.76148663597008,70.96713435045244,56.88127364338729,252.03503987421217,203.35121892851853,146.4601541216362,0.10812335247709604,0.19972851912240497,0
279.3588108794761,3.953992461517501,0.9715326909010507,38.782608991693124,43.59565306402528,98.37115832091517,86.77231528050923,272.4408430146967,105.90584082001648,122.18930514053064,0.4278695148529912,0.9472843230897678,1
325.586780824546,15.778211904413133,0.33134700710305076,80.35376594626034,28.849080620884095,5.0175350319974,43.211623680192936,141.7535951354697,4.30988730003623,164.05859212183546,0.09865737673280905,0.3423072848275197,0
171.92475127697065,1.4941398956114953,0.48204105811208253,90.17740285462287,17.274042686172287,9.669455978756714,96.65907702233167,474.2125777707464,17.882510836473617,80.82196954859143,0.6190930952711197,0.4403517738932523,0
354.49995634140646,3.5360323719759332,0.19609771273839294,20.347274249759582,40.150594076316025,72.04567414627562,45.221510010171805,421.2320534177876,122.49425312368959,44.30021017077055,0.1436916072617339,0.707120613944381,0
18.300149963429657,17.861547429071823,0.6107800710757683,6.697361202527152,27.013944659371052,28.1825003295472,14.278563666788468,361.18675381639923,232.6654501622108,102.40467782175186,0.5223732639668011,0.5876690514732603,0
22.408913249528652,5.972208931937716,0.2806832155159743,87.73504531328386,3.964014231559587,18.430139695009906,38.94346800776732,38.99693320470454,166.37029013252825,109.76835111869477,0.007219947003717753,0.3179393297068228,0
493.56033639579493,25.539338171770115,0.20699257843842678,38.94049389788753,28.292528015662334,3.9361879819729495,95.17024063905372,53.06500965450972,17.01988594525669,107.66527440198242,0.3165963484126467,0.5538309158678235,0
216.11438484675773,31.025923611176957,0.5165726284459791,54.176096426756324,45.40092727108312,2.1846711986201806,31.97208493398542,246.39067293247786,45.44661019004707,113.01475829602106,0.6771907236726554,0.7307068843628862,0
76.23630759113087,36.026401459908726,0.005505799160420821,96.80658120507589,19.815631274911027,77.4485603119791,86.80981598670628,80.35667459549283,185.117554372044,189.74098364783615,0.48403894022784844,0.042334945902492094,0
313.3459560328826,9.006760991016455,0.0076640326492253275,6.656472791422285,14.816290094990004,13.443342736955,88.12506816818897,489.13273176473706,201.94554238949874,180.44912461924628,0.9782694859989881,0.011199305255704117,0
461.9961318591665,7.536716201658139,0.21906880910185778,64.83180074520956,7.173472850901002,46.77206159711509,35.01865243319611,79.26011701370473,148.2467006852618,175.14340731178788,0.8741037960662108,0.4580669390728913,1
129.49261649810592,4.705552815048011,0.03672136250082114,7.410542257486707,7.572276096767866,60.5896815179483,8.325765805063213,243.733917731987,154.66156071115597,160.28336218172544,0.3590707790431512,0.1318366178035142,0
373.73428549140016,28.639361229463653,0.10802575413069138,37.54689284665004,21.638574217090945,42.835180056884624,72.45579091588182,182.06052842075272,6.8009880920123145,188.68562145305708,0.0454865414722746,0.6643442914647144,0
51.208478996260794,31.791407691910553,0.3388606493387516,80.38145451934467,29.783991208076475,2.7106652336233106,31.1512299013986,319.693210727049,198.84726229956203,19.69892833588065,0.8456263001150188,0.21405245622743418,0
31.009032701164617,1.4213765171538917,0.8025856795798129,43.34722327556344,4.0307702584800875,78.35015025879089,78.29236142575724,64.51820444471245,189.1860499609991,53.0246522891479,0.9112343103146714,0.43285110679567096,1
318.8127789408888,42.12955108096604,0.5720486433693008,99.71823539029504,46.978429451258286,1.0513224541653488,44.26548482604331,215.15821402119545,62.16843458480332,99.01118913091697,0.8206273934190368,0.19767093687426895,0
324.3810729660639,2.3387077643162586,0.5126677259564164,55.905928494660216,37.75668087225979,76.1889894377484,48.52667423426216,137.35251640357183,170.08241279172168,169.30689862468105,0.12794994091976486,0.5484835857491245,1
382.45794089892394,24.35833508854817,0.29348882320812164,32.11621526359535,29.331195914183134,89.33044937881228,77.79094067485369,443.875762335844,51.56510554199954,101.0331423045465,0.9979151344122877,0.1160534593845689,1
435.6548002335969,31.907723375291237,0.9317537194328164,22.011132590475313,41.42193354694954,43.28399210571723,38.23633310616279,20.292856067347543,9.679238652363118,149.60694786831775,0.25858422155277383,0.02310685278748026,0
585.5112476775207,39.19361056857385,0.39701504123719167,35.05205342861618,4.009337840605665,53.554247309779825,44.31273453229145,456.8637470032296,48.27277022169055,27.791981049783242,0.7242049128083701,0.051131638106697186,0
309.7802089807172,32.13391194595925,0.08709276679577149,37.25332737595508,23.84194388665622,47.698339261765376,37.619046876962216,416.4970692765002,42.87093042103188,50.48276259531204,0.9080348763357216,0.9542584415153099,0
193.77388376474758,36.07776373814063,0.6170665161178013,6.8713677723960975,31.50465634308317,38.920861862343884,36.734051527728,148.78535822040772,81.05951921636334,146.3552190075345,0.23568711433070944,0.14228621861093582,0
477.1117168612222,15.275258664426273,0.11383839347660141,36.95741994267732,41.43264530591446,88.74245353703603,52.594657690145944,394.64532733855236,100.42787932210994,32.946801777544806,0.9082585546770661,0.7084782531368352,1
162.49935075724454,36.66713011859305,0.3452231428016921,46.423851973922496,39.17347800246338,89.39335106699905,80.87994445011508,15.60678016937378,122.0493339594499,70.27118693098535,0.30948157919486696,0.06792620422282625,0
263.3828524233817,3.6051680873103815,0.5074119387178089,72.27377522388046,13.853462485669981,33.581636464153455,36.176831192256586,483.4327751466968,114.42093012199875,52.97325156271428,0.9764132223840561,0.10816035223518217,0
47.073828805359575,40.26674952272374,0.8742225246851758,65.6729484721608,47.04400847796021,61.5069754014698,52.42547205377367,263.29747129489465,64.96190543166945,69.9723388444957,0.2812600203804746,0.5088762514093347,1
15.210446049274505,24.64165692691813,0.49354658034011867,70.87656552291543,6.217292071543517,92.69075621458641,67.07273254426008,151.64051303272262,7.000960457777872,141.66480981559405,0.9534358247578352,0.46487093015434366,0
577.589048806755,36.77839964831222,0.7022587660316643,0.8363681876857099,43.75668093105761,96.20584989413516,26.9439446303655,181.29160629733855,145.22438933691618,73.5694362285602,0.053544650892674905,0.9515803094398696,1
501.5880723073235,20.354322803323505,0.9928168389990704,21.766739958053606,48.547012480230926,50.895904042204755,27.752280490239258,33.20267673024868,94.97875916336505,111.05266452158804,0.709272011669813,0.9448354530207373,1
417.5845236562188,28.960996283843624,0.13148911989798162,66.16842883998565,8.857676161131279,45.28248052843268,93.34131270234548,494.6747570210196,71.68131777301193,19.98637541088193,0.5321111338370037,0.7796086425424651,0
245.37176664856193,23.688119742125096,0.2747315255195195,48.398936817974715,36.10330321018927,27.869431592852578,72.35345733310886,19.645972575346228,208.06585027932294,161.00353864692556,0.47787707712273064,0.6021018301273497,1
103.97659204250746,32.921528478989934,0.3945760755976464,0.5313475668345946,2.014275938899923,95.887187319041,57.71866762233089,327.4535615739295,179.21839387155836,73.97772512962497,0.22349431425584,0.454960317393011,0
93.86222560265163,3.673349191376531,0.42182817853883137,80.44946424318223,20.271141256957748,14.281430447286736,64.7720054420612,221.36796385322916,205.86373160938615,129.70683180666848,0.705595789776492,0.35617853432842106,0
150.1457388987572,2.715843779575371,0.41102107526554577,77.28095732903374,25.8141649598837,57.9829576047725,2.9299443103418366,474.45810909435755,118.79587073099063,145.07792033236652,0.1908094914463071,0.9470875469755554,0
329.5359988236723,11.11964553045659,0.9076110025565549,54.841916299356264,29.032261295481703,28.255026751863888,61.81029655616969,122.99987015339758,31.423500510426592,41.93218442234008,0.5528417959847682,0.6029088114246856,1
428.7575536200374,7.179510605093475,0.7140326444668564,6.646332577627212,46.79686241242798,27.90082903477966,50.95088732242019,266.04341196900566,167.09314466910538,176.93499699067,0.2532453630402508,0.5790725276859945,1
396.1184260306388,39.23026049664907,0.6079052140907037,76.65150495325847,33.61253436470973,40.496858737618844,54.574967977943565,241.17810429137648,49.45770718492206,123.24485032139059,0.9556213797813561,0.23190112176891486,1
167.9603381675657,9.864629431111995,0.3093727178627821,58.37135877313639,24.06389756096185,99.87929358156545,35.94238268308171,351.43322202505067,105.89512058201203,85.7450283502963,0.028631193835652824,0.04669781788511307,0
572.9191683979165,43.91393651186091,0.8237903842212947,78.19599771579591,40.48375181329447,5.4966306839822066,8.14738977129419,34.005115976210256,15.60018934773324,36.46703671564391,0.19972828011123656,0.9451885797595444,1
442.7381500174611,15.160310629699808,0.9550605114849889,75.17469923958404,47.526641047720446,57.85418182035315,19.33392336120522,96.89456501167743,198.0740165815158,188.46018758024135,0.24231060638744772,0.3137352588446539,1
332.61243150684044,8.195306205991468,0.8211982825502265,80.30020719578371,1.1033074341145421,8.257215803527718,95.07447132126717,107.28241004642491,30.22575385140014,151.01364082632503,0.4140678257678164,0.4425890233244587,0
367.03244774061136,35.53643282141156,0.0015651051914729042,51.80080664046248,49.126063612801936,15.452082999051896,40.8699562270934,369.07537742084486,216.74340169183432,41.60491254664977,0.23273024187005353,0.11463994358570684,0
251.76003745667396,29.641849897539426,0.636401370183407,14.032451819351499,4.3066069531840165,43.95629417728987,46.66831558308642,94.56934816337004,207.4153445427737,67.5421549448449,0.49134909026878526,0.836924329909292,1
148.63859370069449,22.418807240391253,0.051135381442100725,67.11574733796887,40.71933896343807,51.04601313464413,5.270978985343899,286.74588194548835,111.49986346541905,161.93485161761464,0.872465523258539,0.027631832855930627,0
213.58360719075696,24.991359792193407,0.25760722033372185,62.04737850519706,14.016737627570624,25.8792408364524,3.756622954398059,107.62191025047684,178.64836903295776,139.1355326430678,0.7120634214091708,0.8339907620990965,0
454.70766627862145,32.36408002225187,0.059524700347771686,74.22531871990871,6.608982887693587,31.645713087441617,71.71814470467577,430.8124750419892,148.66681771635677,153.15685854314486,0.579961980535111,0.1402850127879668,0
8.636093177853521,10.280463359908442,0.6037954529493877,16.98810060507353,21.992781985691746,8.696702025593305,53.80946641211113,471.0927272448193,192.73815416105876,88.24022044258648,0.08900317798267965,0.8865641126311521,0
69.64358430414974,44.83502622255339,0.6865899134926068,19.497519990028923,32.19782897238068,30.32197838442505,50.87059842162667,259.24648747112025,103.6332241886189,143.2952525284334,0.6939921083892756,0.7297726373361574,1
27.60158521305165,43.86569229660524,0.11448763806590512,89.04095172193284,19.04759225117375,96.6558439380544,24.312453042266867,176.15444210458915,188.594036218644,77.29874457278274,0.16641428431093985,0.1646702625073051,0
24.437281391382083,29.26465588561216,0.3838388830449795,74.99777984520708,2.728270414134948,94.47073816724817,74.47507316299222,117.02888750874956,110.98963609563552,42.252583387639284,0.786367385961698,0.5658179928594681,0
513.2763504066044,8.979410291811531,0.456236508955542,90.82284887003229,29.97305698293583,33.4878290136985,16.82365791084919,24.890500761521885,225.83178908227052,126.53540696827199,0.2500567585101532,0.31265631435521946,1
422.1947156280142,30.610270909408108,0.3690530217609166,75.87153211639207,45.120163805533736,57.08539362787616,18.993474366102003,134.2500380987477,116.72930419803542,195.20278511975883,0.4170487283209009,0.17823309891158345,0
284.5042974523951,3.248928404062913,0.12102500048519305,59.71553059903019,19.160768297362583,90.95953911109443,46.07121713482755,327.11788997265893,111.02862526409508,62.12019427906592,0.3504702023179279,0.8591821994111084,1
58.70049639060089,1.379362599261273,0.4189477901874754,65.41327370278736,10.816638881541351,0.6183822640896675,28.62798621119409,266.8084656546054,188.41724677524306,92.19391844250792,0.8588139146748568,0.4035227665072294,0
294.9695250700994,11.595729983004615,0.7511780478084181,88.91279239400099,22.12886729664077,81.06835703375918,24.746298123314638,472.02063914046374,197.1786460226011,134.8002742139707,0.12654445871340814,0.3985437143653825,1
284.0830624683394,20.818033053269232,0.07100766453325547,57.88067545119405,2.4181355524390433,94.83695527889189,64.52376445533316,198.1386312458503,133.07738743708097,108.30125642449757,0.5656448823847886,0.16988667480662,0
103.92112194600911,39.072262743377124,0.08018001408190345,63.239132432838744,41.02437922401374,9.132573433355706,65.09717452185446,346.93167116419727,43.151475238818094,168.68555914180985,0.14206160944306223,0.3830656760857787,0
260.31098954278383,32.72260813948386,0.3547712918359842,15.647671600360058,41.317040547509336,16.144768603292103,82.45170697999292,244.6613737375607,112.26197542981909,152.3485412939032,0.7047958361321867,0.8716168463288502,1
239.10284063842406,33.42179345399914,0.941725711618925,47.39212201161027,29.400023171481422,96.07463027713554,41.77085669729759,256.2881079621058,232.33740069832282,11.659440772471408,0.9050781277944812,0.3631287104896359,1
369.5100588313299,19.14720005016339,0.668572646722914,71.6397111958099,17.655144446919476,53.75401436403463,7.308509102615024,133.88715730205874,180.71668632940444,199.6842467847548,0.4346076538672534,0.9516035624997881,1
381.05619052058626,15.567074664613331,0.6786699566725648,27.09426983163654,39.989168222289166,1.4196634471723701,27.366638492145768,227.47538842099985,194.67902493099172,150.48049074389345,0.4880922602649759,0.9463088992083875,1
27.182405863226712,16.696744334307123,0.36191999083786497,20.22541805245349,27.73435123941836,25.763199876352914,98.00054631968169,235.39249850635363,7.878119716617631,172.78066325882264,0.9274228364827622,0.14489865930734602,0
224.76756877588272,44.444230368122604,0.5936607912085384,31.382680822441557,41.29661542750081,44.99436742688596,59.62585752327021,353.321260874467,112.28627103219837,130.23954241906927,0.5209913886493571,0.17731125352264487,0
375.51594942854183,1.8049136135617116,0.010131184027743378,24.150062799283344,31.57293962915103,69.29089110247676,70.97370848010203,470.31999959305693,155.18907207781328,171.25702560935247,0.48759843804956093,0.8626740703318891,1
301.8817551480526,39.01641732551018,0.6360960464095422,21.491263703639586,39.22027366063986,73.31603781367996,0.7357829625414536,164.66063874125214,199.20784407073793,22.476594985741883,0.5783291027043042,0.3927609189247192,1
513.8939047129934,26.040393385757703,0.9132869475762367,42.48508428680869,29.928149660888,99.54215129254561,51.820573218252086,21.100234290649222,11.825676859865153,69.54756711186312,0.6892297363629519,0.004373982283009337,1
395.216178971367,19.73769386353157,0.6125734683448192,90.78385138835341,20.70705341078331,28.7511199383759,3.7528657531803122,248.14756275031985,204.58533255404953,175.28418872089856,0.10688337508703138,0.273871819705371,0
97.76065624885781,32.636594718681145,0.873698593466345,50.705964673871826,47.89729299630688,53.82201018684752,56.9230212091448,272.2306660745843,131.6162248180588,40.33104225337845,0.821110527741516,0.59762899319556,1
42.34124844025791,21.90010236411163,0.7239730554660938,18.792038081532304,27.05569124394224,53.332354785960504,92.07708496360753,84.22027556595762,47.355352938254384,15.648419716004547,0.43550502745325925,0.799265965959968,1
385.45156692378936,39.304045713674725,0.12055841640369025,7.697166938087408,30.25447592702692,40.56452594472375,96.84191305004079,380.23230313803333,76.141251947928,157.6237879890438,0.07234850989748554,0.13338861709325955,0
15.906786324973087,40.53158388050663,0.9024533072858417,69.61561451379252,11.024381970737462,16.91618938424202,54.055267538892416,492.4645542207458,67.66309242037458,167.09723112865925,0.7861826691982131,0.11054136441673534,0
351.465348764078,18.977441709305495,0.06644384435577488,38.279876443638784,31.282539471363823,97.74565631838425,45.8204805252216,472.88735850423046,127.4061682292342,32.53044363798012,0.3769499716862721,0.9220926535723316,1
564.1381448549746,12.457250875577321,0.5339674725477638,82.18309465853592,28.580382474147193,85.3317186666586,94.5017094248494,98.5530194118261,12.404563178671637,170.8691965565431,0.10036749509505394,0.7511483678225827,1
345.28450672552736,26.6557647867013,0.14213712379345766,65.95107686407702,9.241919897351247,49.83330282942372,67.3609831996695,437.68161995038037,38.048678039981645,137.35355911943392,0.6337790395432505,0.5897796007780784,0
232.90195572391315,41.05635055275109,0.011706610730904066,79.62414505413685,2.979354867657186,60.32454226840298,6.489927953840946,352.2468182058424,195.04633041018778,104.01653664331678,0.8801313534336417,0.769186789995928,0
385.9729310654119,9.479798505254996,0.422034260127639,27.194603941844875,30.217965985738555,22.72610535596623,46.57255776674975,226.92328190345577,31.824957779234655,166.050038556277,0.8877535094139863,0.42885436130663845,0
274.95173429490995,28.033496260356724,0.29504070765415624,69.2358922461058,38.18461346751603,54.37870703917469,24.02450184643039,270.30549716236453,56.015104669950475,83.84984986379315,0.9576634748089732,0.7584557473091266,1
327.37007358956095,28.420209904163425,0.486000493797603,26.406198469371876,26.17006854610041,69.49701331214759,46.98043214486815,424.8000874912291,108.80894534499775,38.79879124467944,0.867705459766688,0.37180299127453575,1
564.8788852659151,32.99008600868764,0.5771998867345508,93.90684794502916,11.338631265982285,51.51670283865888,45.54655720063617,240.06746981918658,124.1090131471993,56.97053532212273,0.002140919345475223,0.24409457249260236,0
231.66158268046456,5.920545830726692,0.04373907230894736,63.63742815333744,33.326098834651745,99.02851705849413,58.2144802814742,186.60368455256344,183.26651510739808,101.03280365866296,0.38024116641339023,0.7290134212929686,1
576.7143382943485,32.212123410693984,0.12300329512374564,32.451180017534206,4.0052863304801125,61.13416562477262,35.677049034925126,246.6237465129929,107.35978239988506,106.26615853463515,0.818542579905503,0.4196722921572683,0
543.2103851736382,40.906463429953845,0.5586423964504253,26.951186229227265,22.091685240097732,37.09737125921691,16.427044945592804,289.56490201752456,189.5675090485293,161.11616528824672,0.3662530059984742,0.9813771043261948,1
117.47468087357787,8.085739899160888,0.34316735317265823,19.09265850716435,8.16833791992101,77.21520276158381,50.37194345899563,94.53882688917442,148.40311369090978,158.2705447304669,0.6015485063797061,0.349485182308101,0
41.61678052509927,10.689449621574493,0.729173487549448,69.46409588937279,9.222952552994169,17.046251158164203,83.0202884345762,450.45386513349536,27.14393746171739,116.27331144091497,0.606316947374532,0.9217274205310659,1
60.466800826455994,43.71277923187378,0.6522916485919397,21.87156129979273,10.114697457910182,38.451581370626656,66.40122280676023,337.0934744148069,37.51954521428126,156.15709667309528,0.36502530403882305,0.9329625485670795,0
10.933095390929836,8.14396287192704,0.8456043629899068,59.53032659274891,19.335352852198895,34.69589503775858,33.836786592521584,316.63445866874446,104.888094107945,38.3546916587342,0.9044739272812876,0.24185294706474614,0
56.66577645355704,38.447329201631064,0.6924928266692253,26.463502692535734,2.5575102810198813,43.180709510777724,93.55230227588572,49.748113090319066,95.2534543413695,10.012905418658868,0.5032283453861176,0.7982211815880134,0
409.8040640498141,22.152503540161565,0.42993107739014813,66.19689447938686,19.88967204645491,78.17798259287262,91.22075712491822,302.0869690862959,178.4506247129507,174.72676452694003,0.4647842059375008,0.43307450514456514,1
42.71318907613739,11.125398348142967,0.6729666223944324,81.49397285405392,25.585372355735043,48.41730321634075,20.934839938409876,60.480331119246166,139.37691355136445,15.110898752553915,0.9975137456618959,0.9175247272303481,1
191.38537817625678,39.183745557263016,0.2753811742554185,77.80252431446532,24.164714248316262,79.40144502659628,3.9417585120362975,39.34883759769953,93.15193944053983,49.33768594879946,0.49350036407261666,0.4501242726352388,0
506.92518658167273,20.038736475119947,0.3063134987782127,76.08513309307817,19.139205020152026,57.64889031398659,74.13087083507622,263.6554478211967,40.982468028092555,139.06378992487691,0.17839825192858105,0.7443037173373661,1
13.963161441495519,23.166780926836058,0.7889851599207933,18.772240569225207,41.957330403537625,34.206943465755536,82.76102613491533,201.3927670232475,54.44090455811883,81.88958752546182,0.513069422863438,0.46696740916379786,0
488.68108955336146,16.165501622989456,0.4464195164015822,8.838494698451871,7.266334621025205,80.99787436834724,96.78645659513553,294.4051350781116,138.12024443257417,175.26279398310177,0.81401673551993,0.22780075571285618,1
169.11286486403995,26.682788314571734,0.7983803405183525,69.89488284873856,25.2848371890687,23.828967055309157,88.98363940883107,44.611084028619295,101.6253131759502,59.59595893245391,0.7768603268982814,0.1993501289446863,1
70.89889657299375,7.358574266326024,0.8224223736682784,36.83472137943513,3.102070847827715,22.43829797997955,60.053476820641485,215.4915314236292,123.5826021265613,2.374269333871859,0.788581765108471,0.42543119425634557,0
418.04229921849037,17.598669149329233,0.8575623376612838,43.23462264033473,3.5577839438954872,50.45029240548358,53.00523392123808,87.39335752257898,40.96258447253608,60.13112811214882,0.7080237839979118,0.7554946570142149,1
377.36570806793037,43.62355450508794,0.9166352358412073,3.1149092793391064,28.693292483854815,26.084924596208893,2.784105126258629,493.5500429620583,159.09750056269579,115.61500983696634,0.2542178290666882,0.6050714851807668,1
526.4832081162318,11.61600447155074,0.43098522051329624,25.95764492750492,28.30092124439105,0.9087034951216322,24.665644684477783,280.5751062175872,204.60929780543208,75.18767508065866,0.8620840858402314,0.6886292899005433,1
441.04262628233147,29.55314990435815,0.31886681832113883,3.3676403874464023,43.90167564222285,64.82975272988016,45.96147517329264,343.71843047043365,61.90548162885614,106.97455115175106,0.8934434653762651,0.28232635073194245,1
482.08855823090914,14.63355289011127,0.5821987465941139,87.91857726012476,27.89368378300366,51.1093821472398,62.85039000835678,162.7091403413039,117.96341419963838,175.31962376700375,0.19415269661854906,0.4814353459576055,1
169.22074354278388,34.80629065589703,0.3711724234376276,24.339668321853047,47.98955102024251,44.55178144931612,55.725183331841066,47.36945738967208,234.12655896501641,182.4970108460737,0.13045563655139392,0.044395264969327,0
106.46372626783369,5.889314732325742,0.601074166800233,55.73371695730081,2.434742419996488,96.69685146183153,74.26359896816905,487.9354313917683,79.97801773217464,53.19481293082242,0.975604968589112,0.8175324159581207,1
450.368850984515,43.64194702853451,0.7055858626438246,3.897932066113041,4.900384239037053,57.11991839629137,27.976693088704085,143.1295176915916,142.8111227817027,92.42809465398014,0.8683239636503679,0.9898921622398746,1
484.1008435603584,20.420529362263768,0.6884050184921369,66.6847391305658,2.20329307851907,86.34315777893845,56.49526076524732,211.9040925867871,21.646968048058646,109.82880304829024,0.8932361472099467,0.4068790626246709,1
594.303085200404,10.622270850590878,0.37455288702012135,32.30273457540939,9.263842516677002,13.945023620516018,8.814224339079214,324.9319608512875,145.44360059506636,189.8224913776494,0.8863763846243952,0.01096365313154335,0
247.57060614685588,3.3073536298505695,0.16686020169875282,89.79191869576658,27.063505547083906,56.92064631294277,41.366552358320696,12.348648843055642,21.5116255931083,199.72346383287694,0.5416868240337284,0.16979263955094737,0
223.2108514756699,7.639105728939334,0.43052933846220753,88.81181889340358,32.2786090713714,86.7979626730903,75.0160832954601,405.1295652586435,230.21650447771728,47.081449768305326,0.6464017366657997,0.6525268777504188,1
465.8477764451981,23.389827685020794,0.14259414408190874,32.529061836174776,2.27925789743344,58.3105757279898,69.3400853429044,268.28909501431013,171.75903649735474,145.39597426916308,0.5453628521336417,0.6120793182038592,0
204.4821241518107,15.165142939407884,0.8900970351838083,90.09608956904678,47.298544492279966,71.80141781270015,99.0642737172179,139.10859353441109,189.15834915256954,75.60621244663903,0.05120634919032907,0.7878647195855439,1
558.4543953621388,37.299751464717424,0.3458774607378574,99.61576734987788,42.10826883251905,37.20435678122074,27.7891125987756,30.803992646234622,168.98504658519283,1.6216393772426452,0.7455030853527727,0.25388401096106816,1
515.0476511058071,19.389938564781268,0.15445974722332378,82.5415664123948,14.830624107854657,9.244951703706661,49.81892991739792,81.24920773722071,141.53496865835177,1.850504487180471,0.5053320333358803,0.763631915547134,0
257.396416425011,11.192142266443346,0.025447759905750877,84.4871347755229,3.859376511323398,45.79002951270714,32.95304137739967,447.51692942671843,107.97906746052129,92.11320151245116,0.6477090747902298,0.6879840215236698,0
450.5226406748984,27.771524397181352,0.6458223862864843,24.90087361090899,8.494353660952864,39.44793908388575,44.060311405917474,343.0121119679455,206.009611142655,97.66698260086693,0.5026398049755353,0.3228144977138433,0
452.7257244508094,31.804974759845063,0.6369023174547432,57.67023988577563,6.347220687748633,86.70601823789474,85.6950129869388,124.95086081844492,229.64056021033514,4.513939314688531,0.49181132232245595,0.545488148056962,1
61.87432130155956,7.516885855542744,0.34060416658129167,6.725591396736785,6.164188964947343,24.399530235247223,68.42090751884867,32.80038247251477,119.76868149697951,137.3854833548605,0.17178910947776682,0.14727380849832672,0
541.53174400774,7.542864732974294,0.071711888847651,9.491793682166971,25.928084433286696,96.6734227535108,88.24411913475817,345.30765619331817,223.56841179726288,58.80067771899063,0.27871371514114895,0.45256450343558263,1
303.1514234687143,1.6502142120094336,0.409628894895232,99.88926120332906,12.292372124670015,95.81381198044961,20.351110833188645,286.2038629838826,139.9998983972442,111.97862030718989,0.1588526919439558,0.881197339555641,1
495.874479664645,33.13809067795383,0.3112174950633936,32.663924942591095,17.906985826457223,24.76316430714387,87.3361117841438,202.2597622291175,129.21220485514397,60.183814633083756,0.19566629562534243,0.4211913798253908,0
192.02976061836705,29.87120374298123,0.6771206397350094,74.81839120488463,49.475266669216126,34.80519554773205,5.976227417838443,181.8057245950319,109.07585590928561,33.42686297386144,0.9729773804203049,0.839566706475422,1
537.3139370977203,21.358389408741626,0.6057792494526903,80.66650530268164,34.21571244626724,89.55557408738851,88.85992804371524,108.40713796455415,50.22906276722877,81.43474771977506,0.15311344577219843,0.5902533652596944,1
233.52100724049788,37.987670203613874,0.36459372819754,85.80232710072292,47.44903335235007,96.66222208961075,32.90737794607279,334.8056282687588,0.8927185963342055,46.454672958100154,0.26927042430520765,0.19187671310235677,0
6.502590888179016,36.255156882752395,0.2178925542549901,99.76282974021565,7.127827751655779,44.3439102836044,31.458763341406648,485.33401389693523,57.961494445454704,106.96019538383361,0.590589657738585,0.5811062446978964,0
543.2291858515582,26.34094639785385,0.9880359661555919,24.149648525686786,19.106973741628465,32.099704564089784,51.20885766986639,87.85762291841293,122.33356118485564,39.76570605729599,0.6101785762366418,0.5059833291570635,1
54.77200607168014,39.07220762309664,0.45400162119611487,4.035082685969971,27.736590164117715,52.6094013251542,94.06901877232318,298.5583100077517,91.19038854234061,101.68119532892541,0.15397412974382907,0.398641335196384,0
191.58818255424893,9.26285445165457,0.688274235780237,41.1191517994586,3.837903094436901,68.77692063657348,4.778136468140537,212.09252787298811,107.63645472063212,31.47570297377351,0.7937174257852123,0.11963043951607033,0
570.0371802304829,5.036382872897755,0.14055296757836078,13.008066982894695,0.20937218139789326,27.34745153749798,35.22309750707453,223.34436087233246,235.3555726953719,134.19494189715698,0.785202867912825,0.4167086638472298,0
570.3642881625336,12.138732518264533,0.4855896996593978,2.2425889162055124,33.521716689845874,73.64731746190728,85.65719886833357,127.0736400639072,84.06536896063862,150.78753688828482,0.2373177042038911,0.07276237623962711,1
344.06273287397164,2.5689085240191685,0.027536719869465487,36.04268271414861,32.09097584007176,5.165735711464103,39.60544774354668,412.56743783070954,108.5239054464259,22.078846849986753,0.28866630267546045,0.09876905139875125,0
379.10232730187954,23.90262876004644,0.50545511791045,78.37382510752364,20.53944049998059,4.929449276441645,19.9156897597067,242.62780207362056,32.0437323246767,93.56048240746784,0.937987865459497,0.415916532932716,0
269.06731318699184,42.14725615327327,0.9640174071177023,56.61806912250709,24.48220380160163,38.628770514554525,42.47941813314118,271.70292609913207,11.509855784877034,14.174340130974716,0.8256714459794781,0.3053814819684637,0
175.92646301883872,1.770459330082934,0.3842067129858002,31.277798921035405,20.77215002960448,35.34731920607206,38.55525014916693,152.3804563986629,186.0982835021987,119.63648910840048,0.6977970330625238,0.9255443258622235,1
197.19872722194958,5.494946130451206,0.03899601257491159,65.43420054927196,1.2002522422444428,31.56332153671523,91.54162014667034,90.90423283347488,136.96396201727487,52.88085958592907,0.08223322151060053,0.37570580538027054,0
403.51107364622305,20.348956272754588,0.03095579091934353,23.20181803088107,16.768580310873123,49.101976266891,76.19343757430971,42.95519410141024,182.5691534505348,105.52489136774157,0.4182640809025757,0.7578581220721001,0
451.42471766260803,42.02437578875572,0.3879867599468695,1.4381446072085025,8.854112769864491,32.07335823115712,50.51155557440063,357.05957046245794,35.96707173277239,103.49220187685823,0.559301872076827,0.5302475263662427,0
474.9474262355091,14.227024723953773,0.16002493646319405,76.43533864364274,4.921209455068437,19.225791846809194,98.8370566721571,98.11714084392781,137.23890508384582,184.8708692387601,0.18741128798377693,0.7040856686423355,0
473.77088567673235,22.82556639097766,0.023352096328185912,62.374308486400906,47.83602169446749,30.946954908860093,46.527753127592334,345.0376770943989,60.87419384193013,109.81664451374458,0.4482265821082245,0.2601159830153992,0
54.72366182921422,1.8707786572676444,0.7562136139501768,76.23026245009599,29.967986252108282,97.4904272810235,5.823783082027523,195.18822302347695,54.73483605600478,116.59969594366314,0.60102587748869,0.9419049728383291,1
296.6521828215489,6.675444043293998,0.4585230088818907,3.893801668766561,36.432814211830134,41.11134169948486,26.22743218149849,207.88740049482573,2.7662433727164615,80.33062515287605,0.3273766801153992,0.530088496914424,0
34.53525600998657,44.39835553314811,0.2892447719726545,83.71196278306522,15.768187163305875,44.47127768583358,43.60704802193126,234.58874804638586,31.281773656577254,189.81592063656336,0.7809448189504872,0.8313240712852497,0
329.71732939424135,43.430341339622046,0.9000831830164807,61.95262000363033,19.65735647470076,57.654498995114004,15.690262414612011,183.8542540637716,74.22434675992689,155.43718188792192,0.8404495816388055,0.3650456934761135,1
264.91830082402623,0.2222991420484327,0.11613896020052561,56.33953507126401,11.846199694836173,98.33407684142266,94.7565126324043,50.30998861129504,28.050902541825373,57.08105806056831,0.32360946943407076,0.10021134905052453,0
532.6225096549798,42.83153034404575,0.9559188289553192,62.46140481145316,4.848283548271237,24.160127643576303,76.68488978177731,154.8159050014229,236.606025698625,168.84191715524642,0.8386571544924571,0.6737116477208488,1
210.5490075312472,28.760397201697515,0.3139667173773528,86.4433246868364,8.95158187207919,68.12821105324338,26.828720042777267,331.86718034696923,74.07183564574817,86.47927203701799,0.10357656610301502,0.007759648337424485,0
70.24020985656352,39.056323253401,0.8884036723086812,58.69365065589071,39.87570226482429,71.59846935417241,59.08045335179158,332.8922007344355,31.277747208558758,165.7334287067188,0.8377290986226563,0.4752929765655083,1
85.79500923170151,20.46329350352366,0.6029428764794615,58.095037988817936,33.87729025918879,60.73244167930659,72.1449157109572,143.11215361999717,47.779755078709854,164.57761365870041,0.1527504316676166,0.19280190266645925,0
456.9063790304833,23.20182128606626,0.8267073597414875,99.06791570657658,27.346443799273846,8.857833963664408,94.1278928906798,230.051313278844,141.04877480195435,37.77403735257088,0.08292715250972604,0.6273755044353622,1
370.93083798975664,21.99809611156141,0.9840131632104643,75.6730167068568,23.754493643338403,67.68722758275764,88.16353491754107,96.72361400596874,15.370445727549242,140.2282262767154,0.6417754044410112,0.9794198731378522,1
60.673605673674146,30.008891589574695,0.2884054378187457,44.22938054511353,46.12171418280622,6.409471103617548,51.51922261382137,105.18604076491789,206.98419123387765,58.12859386130622,0.4719373657552943,0.46440290632064596,0
50.46408366899846,6.28430646403408,0.961135485407593,70.73970000329277,3.6367473889334203,59.61426495498969,77.46526197930176,11.523544203303704,230.75992301691537,59.498533998533645,0.9078906004128328,0.8174982565256667,1
420.581478875472,1.3488115442705078,0.38948189490242036,38.92304716917885,14.030040661895798,73.95811772217426,56.2144753827585,448.3732749538723,59.21938096017141,59.26961537611615,0.3631891960908492,0.507784186951121,0
43.657803818516115,13.85684737160359,0.3855119047369223,22.8875462483499,17.4968926785357,21.096989061995043,55.27038900455401,105.3533325374531,108.02286446180625,145.11364951198965,0.2871522634376287,0.4958400311040241,0
493.11603557421375,31.7106343231491,0.3403871042545057,59.68518768877594,39.12129061063939,84.1622007542774,11.47419583381919,113.76693846823166,5.312268247079297,45.96520835850721,0.5007349061441984,0.9304234931787778,1
423.7453362938977,9.083405345532677,0.5414076073475852,92.81820981139515,49.62573100809857,3.0353805533004263,12.613765801615207,139.8007163225659,153.77045393453315,0.18116704921804505,0.4559461857686613,0.8899658687466815,1
48.80926838513986,30.30445949962128,0.1541450431784871,92.91395200154628,12.033525737857653,84.3812863658306,52.95336150224574,63.7040358477145,99.34225393262133,143.04737069652663,0.34442804621718826,0.7858004651879744,0
50.90262845111515,43.64604207482717,0.5537114853580112,34.19052781054903,43.71536670685403,46.032905064276505,26.886154497900662,319.6314415906814,64.81403186437336,34.236948767025055,0.6937412986983286,0.2962557533167841,0
591.9837471007053,4.225532210523827,0.541704812410004,52.7677466221695,41.53113802158956,21.75879399316445,2.103690246046863,37.57147658879328,49.640906547986035,20.89647906156693,0.7595618339139083,0.5450084157239405,1
224.5624774536722,30.267095320130682,0.76190181260487,21.16358985698612,11.23286988208833,13.3778144993968,72.28392039002122,67.10121316317513,156.96553863810252,47.50322411881203,0.8529839690301366,0.223897233305685,0
222.38528824013454,19.968759868705703,0.8336499619375856,99.56311094988834,19.966629009961128,95.33071675823726,3.248659669016496,322.3783632950464,99.89208744775547,75.9801044645408,0.9728566047103429,0.44391669804653977,1
487.6797403545015,39.06640144698774,0.44044135031242404,98.11179078679358,20.483643464625956,7.266558758115671,59.52768411040545,169.83031024072136,43.118229367178884,95.18126549464014,0.26665619213250447,0.4842130657597906,0
568.3491464303153,7.971740525132366,0.30233324935149375,64.95089297074473,48.91103342632792,19.909341993592566,53.91937941273144,353.9739133505945,165.38617955683776,8.914008142526164,0.7160934824899615,0.8316400401693309,1
591.6006382937226,31.168167850177404,0.25933489731709447,80.44140596774734,9.044595068944917,34.7822347433046,96.88146905778045,278.712372335071,135.61734792880648,194.1146665254721,0.39425823549574524,0.8960283653249931,1
452.026911155365,37.71518803416496,0.19462383670487193,71.51001612837,39.957898555239105,62.023484896112045,48.421313934764164,128.01058653075654,206.08129318307908,143.21261068391163,0.6770819719511081,0.41462006239647786,1
225.75575131854947,42.50763987633105,0.05764758219902488,59.31582190394682,16.709635708655497,54.480108527609836,6.360143637779736,325.413975244664,28.194215730358295,64.63881306486724,0.47598169034922033,0.017704445073237207,0
50.100430019201255,30.746161273034062,0.34244797883471334,5.3347996988897695,36.54351728880802,12.564349241231398,55.16879678064617,58.13684014644033,188.55998446666948,63.73945145707947,0.9937731027679316,0.8617738397893546,1
466.2881495564621,22.37286438037923,0.27024769213078326,45.476434255266106,21.000550214783143,28.972798373821462,84.10961706161014,268.2051915400152,161.64402883614216,89.70850987369188,0.7289021357907499,0.1742786785013607,0
335.04254984148304,27.803125809054624,0.9664173858664074,67.47863021674105,28.917988155827,23.875177108602408,99.68492842814399,218.57405252251732,27.602624838743477,125.2489645526066,0.9524913004343245,0.6218819638903935,1
254.53320554818578,39.10072430154232,0.5577088262500439,67.75316138836847,41.63058866630656,21.354285449034137,43.034317368907246,133.93679140872038,166.75697516921298,29.274613317793552,0.8349695494811857,0.024970900434131194,0
543.8126310568416,25.677438598747337,0.34727703903050755,37.31226184223836,40.20827824919421,41.1144336479987,32.02987424967425,302.00249886975007,105.9713493311593,37.785962752990464,0.9029010111633711,0.39950647526056426,1
66.71848938369081,1.3674176863576588,0.580467600993696,94.16919866580305,43.321159176985006,70.40314525916568,90.66532969519989,435.66679617014125,226.79634853340235,171.88691656671017,0.8144191972146749,0.9859603021153498,1
295.57506257451547,41.892691297814004,0.1391967013456955,16.7357032236781,2.980866267232951,21.745293221723593,19.124212907612137,499.45234988153834,33.986724148295835,51.25098477781451,0.4591591303759114,0.1006936011038031,0
6.812186860451441,31.028703796420253,0.4440437492022029,50.03594462155606,34.602527651987245,36.66788797029814,61.542891503292665,303.8813843717123,154.2800137957771,76.0389995950355,0.2517884533468844,0.4236931519996423,0
281.1963851964758,30.443102359976095,0.6262343214210638,69.08839765508228,6.999368836088143,39.09174268411623,40.57144241809477,202.3529371645851,91.67521091110703,174.25437019002342,0.3703201754505222,0.30714995018995217,0
33.78196540910241,9.705381857897272,0.4888978317924514,69.71358058918092,20.79092840092055,97.64565294354102,4.108236495555529,112.6035501081008,229.63552094181065,132.6295658799645,0.020236232639950447,0.9050881233882643,1
71.29074976084316,29.649846160469576,0.40177880065432425,64.86389567688155,27.429420752734423,95.46663568790689,34.72884743056978,128.54804469755587,79.19397486966635,68.34237586833767,0.5239931674646672,0.8693401079073552,1
70.51574806626293,17.72389825443713,0.9938483888996982,27.528821345186017,20.136974237341537,80.01375827520759,26.52285225026746,239.72748907488284,230.92461827803203,136.73990914492416,0.5050578002704087,0.23769876030622883,1
389.52618126963813,29.305483966867143,0.880314762148927,15.620656868662197,25.980583790150373,24.165892081918518,68.60911539434869,183.63885064035463,216.3566042641798,3.936643076282742,0.5252504648304882,0.08118778705043117,1
447.626927559254,4.796686363859583,0.6234059581594401,63.594032682671084,49.82631543993096,6.803731409166969,94.87904976919181,456.9072613124721,64.89197647455752,147.12853200227306,0.9740312249720638,0.6271383940611175,1
350.02125905829575,29.603038707136623,0.5693773611822828,59.930211613943776,6.760865685642736,31.690413772062477,26.804718737863777,184.14773382785478,192.85002643834264,97.40320810324789,0.9114540034548393,0.33636871188370976,1
577.3035290847251,44.973617659679995,0.620660479824584,17.935601028924097,33.77280226682128,26.679454943383085,81.14659391516817,186.72229557271774,238.94500843284143,162.63642945689224,0.161712778330108,0.6720843906060631,1
224.92234771422244,2.1695417487250213,0.20131210782243325,70.51391455705634,19.800048319280762,50.59258001463939,5.535981693840952,191.76725621698847,60.63912052110776,190.92753040129367,0.3688825215558892,0.032119756067814476,0
171.42725176911645,43.97283828995928,0.3951377432643186,45.51719917336564,6.650489945366439,77.7727910067793,53.81210100398132,418.310105183829,104.82652063759672,185.15770989891368,0.4239561794632619,0.13339923517748942,0
521.1594769136761,18.310858232529178,0.03945953289089932,66.7760591603153,7.936838168715477,85.8322938878858,7.055006370989458,325.39416042345096,124.84337677602232,181.85300869106814,0.36053291785164776,0.6863722327726434,0
134.1575031116716,39.18390526517666,0.47554603748682667,83.73670797701507,47.46365531228084,84.48640854105085,93.40329911306394,307.0844251594463,70.78347259292744,102.43399118677743,0.7984959636039131,0.21237065530249777,1
577.9335236643668,35.2073467826223,0.5430245839576632,16.972842857692317,43.9800748355881,35.967556122306775,76.63512805573902,167.07151119193108,3.6635615150471423,72.02842282778761,0.5240376698675869,0.8575876757624016,1
7.292684813889805,25.51573174440005,0.2277497361032096,1.9144867996836679,45.35209802075109,68.72343434606829,65.79499112045923,408.95208841621974,52.8310186074064,93.00706494613455,0.572099816971625,0.05859088771013543,0
581.9272960245834,33.23021441630969,0.9640288471655137,77.91025863957867,49.57663879136933,31.283419752422002,82.38963816246643,19.181930677850566,67.66485224202202,137.97920066267216,0.8530135589879255,0.21548198278557462,1
25.895947170345668,39.533200258560655,0.909454610937242,60.96974251526159,10.415769500425897,6.090554323518271,64.75197955701631,435.39858616905656,106.46392831636491,176.79955537423734,0.8059281534153586,0.9985602484850686,1
534.6858682188426,18.186314474296484,0.7221432354559059,69.96395696221217,17.771966868203087,70.15652656029422,96.89443971742911,256.3749498969648,41.06459481921645,41.39726060002391,0.1322115228202997,0.43307610258679263,1
316.6206654517799,14.716492270345741,0.5333866287653626,83.81549749886426,33.46095149624333,0.9827552569787845,71.39579478647715,199.1251174317064,209.58104560600142,183.6386316923406,0.7139145840836343,0.7029656635446435,1
595.7788776715802,30.041702350361312,0.869969159647685,80.28109348245005,24.19012699303236,40.91825874584886,92.46586095822468,248.58364035884284,169.17867185552066,163.0360463939778,0.43543612890203554,0.18266304885701368,1
44.27793884123932,36.35306738735664,0.1306523438234629,96.09201469288247,20.919476668916676,32.937926930207574,51.713189201063805,333.70776526691554,20.448114614318875,195.77120303564692,0.29464890306250047,0.6098687349855377,0
332.31257064079244,34.30283106494771,0.790509794274885,53.59350788521182,17.890562466779652,69.33775385188524,11.706441298186265,6.38271325894868,156.02218827358354,176.05035465633742,0.050018820902186345,0.7261060683694185,1
581.5815213714594,35.901614198638555,0.1248208139668483,48.84956326599054,29.68903159717261,76.62454727603789,52.81777214230171,435.77592822912385,156.8775543373489,55.987465938381334,0.48724956034545097,0.31447663586651053,0
313.85870650208926,19.601249166581987,0.7942106625494054,40.18871998907301,28.7796714320041,30.409463597128383,12.68728280630933,223.3697626556964,229.49308167447066,21.191182268809538,0.3554366807245314,0.8288971119758778,1
377.6391828811575,36.802539727875974,0.27576756825135695,15.369104284420454,8.072891703212004,81.16270144448535,59.249347917640506,171.4832598500391,0.7250091254786994,22.448214398317724,0.2515130396764008,0.6034175784722833,0
417.4492133907703,5.4094074916773796,0.8770905810181889,57.26072328820224,23.586991875921953,29.391676050493377,48.24930605276629,69.12278281702855,59.503787953393726,58.24466371565522,0.6946717295969576,0.3891230096150302,1
272.72463886066396,24.50200940823823,0.9440420938253978,27.70125243259788,27.673588810492493,44.63263599865612,62.25753978327817,219.73268717922107,222.6699550500757,122.83674479690785,0.769485387315587,0.5576423933431586,1
376.5348480504381,0.2591397224154707,0.14879596940511564,92.13075122129754,28.514346936569524,72.7018527014134,1.0046981054831594,248.16138564218943,223.71213969558792,160.8640652194345,0.2447895190294248,0.5767608474359243,1
350.58858715386015,14.606362345512164,0.4626756050653935,58.31908042770976,10.50535964561759,69.29202292247886,19.484049165536412,201.8233472467389,172.94074064895298,179.85006139631295,0.049447436679347256,0.16553529269386602,0
540.6948062945934,16.490769069212906,0.9809873781626851,59.284018050811014,37.11356961261434,98.73684723122,49.13304319121309,339.33004691344854,183.7831970514096,124.75067687384656,0.848752700565235,0.40273236986696614,1
27.26782820487472,17.827771122416493,0.4834074359731466,35.492466087701004,1.2599547410534817,22.51610242159319,95.05035615891349,210.448264379613,21.955909903115305,1.126262549610746,0.009959741204303318,0.3434305880194931,0
168.5779137553382,31.296024301043797,0.8635475225145451,5.198935197770749,17.741592777158132,66.23179135395823,38.360904035515844,480.70878892328665,123.33020034677607,37.2633553037067,0.937112493921472,0.40090272257912607,1
570.2468904459353,17.48511455716556,0.5887315221313199,3.174376537298862,39.010632426781676,60.96819082757774,42.43720260536347,299.63875891179595,55.57991790935986,19.94524077067359,0.6276198739827059,0.7611105884852579,1
534.1582703345498,20.19121301801388,0.37532990791960186,42.33351441531975,28.194646052770118,91.509845449003,71.46960890066222,403.7389678259545,43.49233046726815,72.664895113802,0.3218466352013203,0.48253840746667265,1
273.39405167142775,10.689485889344736,0.2857835555258702,8.456537809723786,13.058121625543013,15.636214164487505,60.3792757286118,54.67795155473942,194.4727917895998,100.27019872674919,0.2464779095767362,0.9403161532392643,0
372.07955868092205,16.796330623320305,0.20322309108608727,60.68469555401391,34.74765596715238,75.1798163586933,29.892615009833325,198.64564647295285,32.40915280333138,8.67943571571217,0.009005664264475244,0.2936764133584362,0
166.4287097886796,10.227133226841817,0.7617981913776972,88.09730056396575,28.36954720780367,56.826861626876834,41.08163955674278,168.42385072357635,112.47639287913246,69.69559515913106,0.23547141701087715,0.415703578284929,1
112.87269583425679,3.2938165695799637,0.3865405068230279,88.29148165187222,39.81218047281936,27.46658697879054,21.769979885723245,284.7411940682959,225.25877750064794,35.835934925064514,0.1377283015171411,0.7869568104790414,0
278.2190429639893,27.155186702162005,0.5112754622007512,65.90454101322324,36.75125930949117,47.44349141471741,96.60214591302085,430.5567600307128,44.59969333568221,129.41403325177478,0.6121662207231456,0.5460245933207503,1
212.0113368156317,30.06957593497573,0.4923254800011819,21.1231831472931,30.505396101811733,33.37765970697978,13.063438155735973,39.16910888100333,234.7184216971763,92.854473864868,0.1665455885938013,0.5470281464244477,0
350.1936671105232,27.877065570432652,0.5772790292331312,86.29968313588721,24.4088837655407,57.931340278846086,37.18367845664194,36.287399022355395,238.62911658265418,99.06352938678175,0.5286298375366193,0.053340163005183516,1
46.640782178990904,20.857231971025755,0.8655771456245522,88.60934353132082,6.65910628337617,88.90006108146659,2.583897222001119,425.15885407879944,133.3481171237767,85.53835760669222,0.5901164223444708,0.3985996627184558,1
584.6368845996999,17.09036010806534,0.9807393435834294,19.66535849529587,13.066650894269188,56.9304984412202,22.17794919335464,106.42504301917872,40.8342576425179,191.2039420973134,0.2980416983469145,0.2707337324217325,1
591.7264466877617,38.850014230732135,0.40758420857381694,73.74260857706773,20.954973645854263,63.17224183265841,78.04711383801549,334.3766272249068,75.86517310581496,42.947025024312644,0.035064949018718705,0.9993351228311154,1
418.8970284118471,23.35868033112981,0.8275189221063031,28.651954892712293,29.964964350319434,51.874784711470944,20.117523228887947,271.43906618040256,101.87827984236844,103.33285196877486,0.0372538806141961,0.30835507063231027,0
321.6578198064722,21.563184493337893,0.7645277946547177,80.26403123529296,25.68539276076524,5.116550644547591,8.00634025289656,416.44679744361474,74.2378138459735,147.20347367306718,0.026347332193917605,0.8844965347938635,0
185.71656977179666,1.153892961289606,0.5735289514555733,99.72378999036027,14.409226297976474,23.285855687609423,47.44531798445233,62.544454918201765,67.35253917036378,111.36888262691251,0.7391246671365462,0.6762337350404775,1
488.2770118241692,15.356152243177036,0.9560471436119331,3.0026005329392813,0.32321788948552754,49.20017294320827,0.9969234734518495,64.89148286130563,233.33513021192582,185.80417714336022,0.31800970481429813,0.34091640919209043,1
410.83870353232754,17.108802845363567,0.20047451552840279,89.73658657909318,24.811961095040697,31.023528374470477,8.476615442633317,278.40918013915376,36.807558579778956,75.59367112825683,0.7963001859676636,0.5435343783741237,0
97.57016360693478,17.947025140360523,0.10926421030962141,62.26305335986581,14.281299428112154,18.176359776119423,80.76258695629751,473.18932667918546,175.99869809204694,92.7351611546356,0.43173282384284917,0.8405358799491938,0
546.5563106963054,26.107756615229953,0.8539619669554221,97.33826191648211,36.730415035526754,50.41328419184383,77.14733448596064,207.49887918537712,0.0984694654019691,17.704463042945683,0.45299810082996383,0.8833682980309119,1
493.5223457539014,24.01211460270953,0.4391498166337483,46.50095175264276,1.1973132635241746,32.28097934478503,91.5138820404896,163.47105012734747,143.08384065657043,121.7998222103857,0.5128826025095737,0.16039387500614521,0
569.8799479751544,27.355729175705008,0.8469688542070605,84.73879305713737,29.241390565289542,25.810764317341473,85.45154359107495,303.34466159894293,219.82632094897258,57.64239368962121,0.7130314563751039,0.3395731412081696,1
435.431705033016,34.41974676939577,0.8930902051954149,6.239406859827723,47.07371187530327,46.39854174403808,68.3175563239818,465.22430027251556,69.10418258237256,32.061807903113774,0.27350286582970706,0.33522318021357167,1
368.0491175614739,36.584358242224205,0.06245759361907144,33.527905007829574,8.720463355574976,13.328425808217315,5.233285730066283,418.46391642231185,44.526234061852605,108.90625858090162,0.1215873495335269,0.04204479607594469,0
250.94582177437132,32.31553843019225,0.8834647629860607,6.701653775120997,23.58247453752977,92.77457330754073,78.28486179866574,497.7418053666099,156.40315077082246,106.46205267598212,0.5560573351914615,0.5982377598518965,1
559.637090012408,42.99856631797206,0.4483190553694222,97.53431334790706,4.5710995908569085,86.7702097919239,84.55108108405605,11.284291601188546,171.02433775161435,15.174328244809509,0.32697762324273927,0.854820052992188,1
519.638333700245,0.8204662204362734,0.5104324890042322,81.69739072718367,31.28409561306763,70.76205857405353,79.90821457719545,56.42907235638111,165.1273245484755,139.64309069889455,0.4424913136680374,0.3815743878255178,1
27.131202063713644,8.810009355759574,0.6265925110932102,85.25474212459704,27.52658402981128,10.621382758845622,50.847903530802604,304.733881683311,76.63605120512977,124.75443813017057,0.6469467083373054,0.740035944984177,0
15.820184698351202,0.3403293740163954,0.9263826067300868,93.79652314338942,20.368276210641618,77.5877254469693,23.290183864948165,410.2882196669249,60.52857651823941,37.80345654929944,0.4941257411412706,0.6277004136007399,1
225.87802012682977,29.136362136957136,0.01911609442976403,8.510348611978536,26.06885107368706,80.7957328109019,84.53299756887267,142.62217115338328,229.42051199089062,93.88697243080877,0.6202788171008429,0.3756487354930008,0
486.33199846909974,40.41137470274941,0.4768434683178171,38.55975925133334,44.82873292345051,76.77646177143377,72.71628097401384,119.60554401710938,221.59188198478307,144.064583295712,0.5442000021136278,0.14105979949229708,1
592.3656775889667,10.956703345933468,0.6877220424305607,7.103488904400212,9.814715115553351,11.396588711924116,98.07611743888516,393.48789969060044,109.75598637427687,105.8871481082553,0.7397963719360992,0.7093238527759673,1
90.2501346621169,41.7165545158338,0.7227069576982285,21.07931015500286,1.1282255852673617,64.39079570677647,15.569259775593292,28.190926926615788,203.08652787704963,79.09781523671404,0.70593661771162,0.8545651689412405,1
356.4784292112811,2.712032563030238,0.692532431537108,22.936577703767234,43.083244234955046,83.43247957493986,22.566458305205504,184.69132379129255,108.55763463223104,64.46769161618873,0.5341898918086192,0.6858544924014919,1
228.53451397861292,42.04962120624814,0.13443512940812186,46.91072110475787,28.855854119395325,57.73534012196677,21.17981498815027,252.90461129616486,101.8533643374025,122.07877332881071,0.6789030208597069,0.017878484034818065,0
581.9486386887619,15.823020925783549,0.29939558837168123,26.856216745364257,44.53292277309212,64.6407375228089,79.25397676213368,280.1743371751617,37.62310742383072,187.82173966204812,0.8735596022726128,0.21623289439099125,1
505.2713538814252,4.563937280214743,0.35871552541701346,10.09781068177611,29.84726117065863,45.83634794263062,18.690729645011817,364.30757839638846,102.33745355807348,134.34896809549667,0.4322712877881686,0.06947998488353191,0
502.99722282668273,21.864229163384653,0.804437207679505,16.749108909410772,40.50805449798512,52.87073198840526,6.665982982330609,177.4228617153291,128.9800652639537,14.949180727263101,0.41276307274879365,0.5703860995762268,1
281.2158958769822,11.554945547422857,0.278759872414553,14.727556355209092,21.483668167757397,3.4376858351725215,99.85608065856286,306.3421723373036,5.401038582884752,92.13699469642675,0.7642456208523801,0.7564776788404124,0
248.8917014025991,12.819280588286528,0.21070496386720317,97.30767979122983,37.49299656441344,63.89630219732846,2.4817211445149145,292.6877113954782,106.58712124209754,178.1648263021255,0.582553837041994,0.11057918706865943,0
164.04424315842374,13.828048421682896,0.9574480190380962,75.92925069184736,45.6520733444928,8.14472128911592,83.52440601588657,273.80805032687357,187.5254924148481,18.892485160217376,0.07100678022258855,0.8383378205933852,1
33.825297990556265,36.13616540246986,0.0088632851134689,96.7761465269562,28.606148186110314,43.50145943402234,36.53668415506528,320.2416465711061,163.21105352982477,197.77514242750865,0.8921120156910813,0.5555089783954832,0
518.833425753032,24.262257450386453,0.9978208556819782,43.974048650790856,9.039257528118977,29.265509766740784,84.16154597578152,129.72458553403814,152.4376773273444,189.81387872908425,0.030783102237640136,0.6899690121417249,1
487.7406054780465,14.008846462020164,0.6768212988573956,27.83684816626566,13.439880751509909,54.54279502117131,55.4620491211145,42.32437679231449,218.2933028249286,15.654896145975172,0.7483963562097431,0.9714018486086462,1
599.8306039716783,27.465020248991326,0.8284692994491171,79.82931972091866,9.93222884487029,13.341633552320708,90.16312294863602,59.63583601987171,4.327682358055203,186.682664089911,0.7587941427043129,0.08368098824769732,1
597.9821022443432,32.22678034004371,0.29461939634619316,32.62539180411468,12.342851379786646,69.16434019733182,92.61929864146266,112.29119132695054,133.6914206861362,72.62651805189245,0.9531110852819304,0.9012240229777893,1
333.25902336157645,12.268080033009019,0.014315277667059978,29.93833737053483,15.32077246755182,79.50115369284704,0.9098181280775997,250.09896776139263,188.9637236183297,168.9418334151725,0.054134408402320755,0.1261026959874093,0
461.3924491083063,18.609709568640817,0.73786951856153,23.25059922078312,27.756689337659424,16.33544497431565,7.541217599278827,420.22137527301004,129.92049184830415,83.6766675426543,0.596856860784491,0.39295880663668226,0
566.8594379294568,5.48487420016264,0.8341445970006758,12.967897822423534,29.39958147319164,10.431308735188216,25.035872957085548,350.64667104419203,77.734932619291,88.17102254050317,0.42784057062705294,0.8514386963311144,1
509.78843440644687,8.151720729060614,0.7404761319535191,25.646306101676597,21.324987362093058,14.551548278735915,66.93154163635016,394.52030210102356,32.70013562207468,126.84861819550852,0.330632954859542,0.9062542367378682,1
148.4088610459186,30.650303428424227,0.1428502873008386,35.53197484738877,30.77103899104177,87.71275618985017,88.8272196511506,175.4878119630457,213.0151372358859,154.89548385519666,0.09031856029907304,0.5063716735451453,0
270.3264811860561,8.164725646303213,0.7534279222569691,67.39942081457303,4.078746280568296,52.81892617563562,45.994195129396275,202.3268708242751,112.98297417302472,6.757830189649727,0.5626541196713092,0.5941046382754251,1
77.49564909089699,23.63235226501771,0.768922782107641,6.256484221945158,4.389411852907998,46.72609960075026,60.697311627426544,196.84094299530642,210.74764727656833,118.63119910542686,0.47904072567461364,0.7081473345985572,1
572.4306163552334,31.90708177750947,0.6585405156700549,21.050693966534297,8.591473017882922,10.671181910235427,18.849985279556115,95.93659220225076,140.6045093839604,37.346598819474195,0.10455445815102427,0.8327586684527142,0
363.704780670528,4.809461539263473,0.7661159327955862,80.90236402916764,25.903874902017236,64.95560067569618,80.49668338816853,30.60832907178601,161.8061079876002,69.18990357264059,0.6124895070970834,0.12151116953766616,1
137.18568330207762,25.529049883300658,0.8459214396777321,14.692192358377076,10.699733934915677,86.799959189509,96.73281113534698,295.4580464136134,193.022677050828,69.5937332310433,0.7379531202529385,0.8100693082292276,1
403.020410643514,11.545325266561369,0.6136041142374584,34.26451465225215,14.164220174628866,82.8185869323453,26.85989329145975,494.6083417102931,158.19733070403225,93.81206804423073,0.7672783010536482,0.48127615051161676,1
370.8769442747375,43.33170938569109,0.08860471396967906,86.46589218581401,20.015641808649704,62.60547089808013,49.48259516005463,83.41485247513141,95.53316176294504,66.82728237523467,0.9053731882624274,0.450623425108169,0
214.8976308197043,21.759554102396613,0.48762780966721087,15.492531114344265,40.59330620051899,7.527871665167362,8.61161105063738,23.342409949636878,123.27201214287624,21.472223690133553,0.4094707418887772,0.42389975199699825,0
68.1345553197774,36.26966473988212,0.07764933467160506,8.27368356181899,0.6931067956430059,11.239702717601297,55.91366564629684,389.76584091196645,192.73092592221116,29.125747705090287,0.953072768622137,0.5092115852460426,0
402.9439173556798,24.76019439703178,0.40754303103243084,48.45379950800108,32.46894101183112,4.930898710982468,50.27834418466806,126.2930033423621,89.6760711295162,6.687597112219534,0.8654294050826861,0.9450505533946035,1
312.184620542276,1.9535639784668624,0.40710648912562764,30.24195112785364,33.44382655203427,25.74792164924693,14.44364841550776,414.82190267646416,93.1491496244393,94.04981706575086,0.29650157102393904,0.5482037727921516,0
463.3910350413836,28.491811901731005,0.06600984414024158,56.34083644838541,39.93278901783183,13.566146716037775,44.2066213118075,351.9683335172577,22.965627853920275,190.8895389705977,0.15928303734945848,0.9531775382631392,0
312.09810066719604,42.813150399299566,0.3488205339694793,80.38048904834751,46.63764695301566,26.004804025243388,33.410465208656326,472.8367685254023,219.50026445321944,23.13504472962331,0.4353893961280134,0.1802901306156406,0
511.30890019112405,27.072531906584903,0.11099809879131484,13.714848815274316,1.0068924474644914,38.50580557189617,52.18308753051893,204.463617878336,21.848715586906017,189.2528986006164,0.4018987079559666,0.7241359788326331,0
331.14410326469135,36.86349867420556,0.8082352100092222,58.0699084554285,7.689185275660809,94.29827840711357,58.565433542879916,330.98491972531707,155.5702025876534,146.6723029464187,0.5757193053312043,0.8122395386087472,1
336.56278292123176,39.78929085067835,0.9476880259644708,50.550876038986395,44.30856470279965,61.03760597816921,0.8495578607209509,232.42739040663534,99.16667491267145,127.49976058683264,0.583386232327748,0.6791288313348619,1
525.992161595007,10.263589737701961,0.0723164752579386,14.407878601319958,22.925928109350767,83.49737856829623,76.10059829495553,315.29434865427174,97.34865366130617,129.05555106471257,0.7499869843799752,0.6069222802265404,1
242.08971972743822,9.5420177958702,0.9551152072917014,62.39984855289824,28.229531946673177,71.03515007123322,71.30142918617408,224.79945300386868,163.09244077744415,165.34552967925643,0.5098899482056102,0.5648127810861823,1
80.40913707038445,27.494144498294627,0.5225765993367452,27.364041786077166,33.15136018615737,11.250313052663174,36.62863862065222,94.31612321203741,16.10249583117089,21.383972875964275,0.10482264094076554,0.860930482578696,0
17.269605788003382,18.49628114130171,0.2995656779538739,48.78343185440125,33.95333022478187,73.59204063739489,5.2935935568818255,253.94870800169045,142.4893879083443,100.95086471310834,0.8582913355531061,0.8216465971645001,1
453.0823534041714,37.79375862900242,0.07686207527616351,8.227232427706188,46.58702016582541,27.509888155912442,75.49325397850504,264.29210071872114,185.28762863336516,139.4182276521517,0.30976458318518707,0.12228872118059952,0
372.1857308120788,40.5010405529105,0.5006242680704178,45.958405721362304,49.847470870583486,63.91078469947063,95.51751604781325,405.3019241300805,198.7710618927826,117.36408901471273,0.971297460306592,0.8485876570308781,1
422.44786085953416,15.903962068622315,0.7945155444907487,30.646346804282032,36.00787304654701,34.09619736429885,24.015159602201418,367.7603528967906,40.92729345450607,166.55581420465893,0.11786010867977015,0.4140686194404425,0
127.77849690534644,10.659175153851693,0.7070864772666982,82.23812111853543,14.36106046025754,99.76722632646592,32.35246137370379,331.89581197072204,215.38057201876168,14.4543418022703,0.9582511722325032,0.2536968299958108,1
81.82288535206186,35.123648185973785,0.05022601146397376,5.697872699736828,43.98762011471718,26.355147949677782,18.381288948181496,56.693547776286266,157.47506204338612,138.1402078998332,0.09101180688251698,0.8697685680139259,0
8.726799400729156,12.366271599666124,0.07290183536790351,41.860727491832996,2.4610457270380803,27.913047077426967,57.693612334483966,360.30814533185753,211.64515219696386,106.80554607694354,0.23103613794705946,0.43202479963374163,0
210.3525352839582,37.01764433311553,0.4028732826326371,45.8431424131438,11.55404264372481,93.06722555623983,15.484139464745494,250.1525781772574,116.46737210644758,75.83217279598868,0.04657994208654159,0.8083646901768167,0
353.9506121127798,19.068221414194326,0.2952904940479433,72.50060762991187,44.869285873185746,2.464440463632267,35.619394346137945,447.0497680530796,130.08800282332848,68.05499644680617,0.7051131466389949,0.2634036119558445,0
235.34642705983939,30.03974546811617,0.23238432305604784,57.428757509021096,12.809575721967747,69.66889878731969,69.70130139342629,459.9354670652714,220.56918648688108,124.16652655483857,0.8502987365717918,0.003929321422217802,0
262.48495321423746,4.299089122560068,0.2810044989087136,66.72123371941811,11.032552981087424,72.53263907358782,56.01159830093484,27.57829530089273,215.97829040512121,178.19907492885295,0.4340710818159804,0.4954591929029444,1
542.495216696249,28.073669610445787,0.8034827432968846,77.7049285651756,6.906264657012362,83.63785774103994,38.64625643279352,410.3207801772394,107.55860960856049,99.23518522022306,0.9285220750424297,0.10022825664288426,1
208.9532802139802,20.32954554317531,0.9292280536318539,86.22029736581888,42.955587882345824,97.44393106384753,42.02496018075419,18.848695211335308,65.85903159256362,164.94463281538404,0.5902990717555996,0.7543759555249097,1
308.39369349588645,26.397380842896336,0.4051026945275664,31.38754967224705,25.002912959554337,97.56019191566524,56.21108826232295,183.58481284751133,94.3609042954234,80.4312763687935,0.6300071354465232,0.27607513606941037,1
470.19180764468587,7.560639348518854,0.9061110021324971,53.802270536390296,33.74466015270774,6.527675756646389,0.5864727887161303,271.1499878105396,93.06343884713993,20.47889255863531,0.8454192017007699,0.4436456466034787,1
237.9256693927621,33.15931852248819,0.32149570124788196,84.01080784391999,11.953319203751484,82.18393227529025,7.8509868453609855,74.05039931356372,68.84804999587055,12.301147291727709,0.2968002050518389,0.08703356509155424,0
373.25202013672407,38.825868489445284,0.4764369863437916,98.94511309650565,37.902021050560826,64.63099336573814,88.12580677630116,373.1569062845384,64.45910503991198,10.266874264735515,0.3542657213276258,0.28665924844725266,0
517.4182252480471,9.753291004084904,0.22602899781599972,88.95193110437631,38.00027724810492,64.73421343730912,7.787898909129076,4.177352086069286,206.65510475513267,76.03002839153399,0.9059519191946444,0.781490243258572,1
569.7123741945853,4.3071549984072774,0.640476042175844,37.14672626243768,15.629901245415006,12.83499266146948,70.68035962105051,84.29952421701842,16.766860964318802,67.44755016716842,0.9009634960387638,0.15158791190231946,0
88.24408855742276,1.0637363720851378,0.9789811151748089,19.516651721865042,20.53413165051414,65.01871664456533,92.00381641090526,290.39841492673787,162.6266837039026,143.5874047245139,0.9764827762008709,0.6471595611269574,1
555.9525750968967,28.88871751994697,0.6034930960433786,48.93925374065887,10.484513871510043,98.24825806012478,27.06836043017311,357.1937810186462,41.47681234954855,148.56430031697317,0.9018383164416711,0.9174258528045012,1
295.26977584772294,27.319231623995133,0.35781408411354887,74.16414518360422,48.828051166145215,91.1818569539447,37.04914370595142,458.3215513469581,82.68141441457517,10.170793766747966,0.1273720360333609,0.6798367597577203,1
154.946632979375,24.60138357213315,0.6478174459905284,49.25690707532976,32.28012885292058,43.91306608048505,56.892140584471626,352.7483259673119,14.770328192360846,44.22465257780299,0.8237242861369873,0.8110216892922268,1
275.4814537429568,10.437619325218893,0.12292067846538757,48.31808633136685,46.727194035775774,3.994797328609434,88.17089696385847,335.889635127433,64.7936728453109,54.85237003177994,0.40983847810959406,0.1089716293039158,0
588.0195451712863,17.59076981574816,0.8886590802653986,83.82304210818006,15.169277181456659,36.229349000020484,94.19055872604201,197.17057317533215,184.4210570681381,109.52239682856188,0.9908013559459379,0.25073182600205446,1
295.57085639572176,26.751435083377785,0.5030839507798364,36.14037790671863,39.094545649844484,82.63903116005552,73.9563248111268,0.6422127634007069,212.40367789134206,28.90304478139005,0.47228096432880107,0.894538852240591,1
197.25096617250492,22.354508648662623,0.44934974203964206,85.97946748116456,38.2929321942371,70.1499101465166,8.661976085469403,60.07962936781097,53.16651645656809,26.788243880000074,0.5538360825022206,0.7151056136180892,1
380.04051259003546,44.45034840966993,0.5858647884535192,40.680480095172356,34.582782593327074,45.93436555939564,66.91541555348508,267.2772723780196,111.25148142214124,188.7577778415916,0.5297749152567985,0.6395538263773112,1
144.08737126691585,6.13978886505299,0.6247838627894025,32.82331056783394,48.28194876334002,5.510153515883109,41.03037218726621,337.56494292220987,112.87777150492954,160.8405814595562,0.3217370298582778,0.6637667361217,0
45.51799686519835,31.281504932141722,0.07177580622651303,45.3989911199699,19.677766805315777,42.68947278233026,47.07009994910616,208.72414194823125,209.6580733823362,36.13098041823406,0.07502208889291817,0.4142005543046434,0
77.32783314638954,18.194344564693147,0.6826172212234024,76.24469586748684,6.535866179487865,46.90249397178835,4.914839034517704,365.3395057641951,183.07177269019328,81.3135615810982,0.8956512304019185,0.04455663161765322,0
76.82750337466346,19.268982671652665,0.24193168031552958,12.600202786399429,33.58544296220304,92.85555328941359,19.106213934635818,260.9311476660894,123.13853240833197,71.1243998515131,0.8026758125262868,0.784441542070729,1
91.1416161073766,32.29189945461793,0.7139526325065898,19.64192158720174,36.46549002386031,64.10861035821594,79.05136075336478,37.0880977971561,160.97932811322562,158.20081481308145,0.13952678055966927,0.6787132362153538,1
83.29630358964609,31.159626809596634,0.8225347943841967,95.1444825663092,28.753028672940733,31.16529166546489,45.395883304785976,96.00812548397441,203.36521293824805,102.04258329562441,0.7767682713500729,0.4728044641127247,1
384.52484688192874,44.60651971659848,0.8039585075525203,17.54916273813574,10.340894656669814,52.53182644507214,30.166224163114887,419.99911162197145,2.2893489661307864,25.569947398693404,0.62584666605061,0.8997596153682574,1
109.1280506394869,5.777743025435635,0.5525009674078891,56.77273179310546,25.222797083467768,6.605530782216007,38.401907396495815,362.45637331221974,96.69360745201166,147.79841263124877,0.4091437879176223,0.33615966498509886,0
207.4003699943179,4.6849342222874855,0.5201698923107512,57.931446666193786,15.60948682845647,97.25682356497369,85.43995133256801,447.3809935062475,217.73836014649888,79.37759564498378,0.2540211490955627,0.2943217442312359,1
538.0730459436071,32.59524677079335,0.14287596133941172,48.96244620502448,21.373326408334453,36.0059901930726,74.8999017404957,58.77862456046829,177.67512740254833,52.58484952642941,0.8597287835022325,0.8727963250794428,1
284.3769841577234,26.02741126528841,0.7753461504031356,64.47452485768186,32.260928792233194,47.78673549131358,27.231539718108277,495.11126730753693,130.28192984017792,75.09972440414403,0.700188259294053,0.7969876547589855,1
400.5346431126163,12.337229995191263,0.27140938044671437,22.982672579761843,37.26073713454173,35.52839742369226,11.750184021237331,104.7033569749668,127.11468648843203,99.55131272137928,0.5477399094691369,0.5149798106483447,0
103.3919227209779,3.5738716045043972,0.49669542281794654,55.266226777674824,11.611234545067155,68.25117301162001,25.19982216440717,5.889938143321006,83.46482342506506,68.62310328340189,0.6095685338984641,0.13073473945784997,0
115.37341128520247,3.854621231839374,0.2842740929275167,37.21732552468971,20.266268032347668,66.2232158329593,92.07564510547337,498.7114695267771,124.92492807396349,48.381154518351565,0.09106618208218098,0.21507147146505246,0
24.521169759887318,40.238589359885324,0.13382836299969314,66.1667259629189,13.45807854958146,71.53223105291356,58.15888378497554,140.53694272255657,157.2919678712288,79.70040576079607,0.4739197609111919,0.6562279904088066,0
101.36103784329873,8.634029612343431,0.6295576968917366,14.122354337314945,9.931580693093455,26.814322961192083,53.34802087447829,334.00972625628,100.40712922291034,3.8345821499796484,0.193700292785702,0.38504123784041167,0
167.15420341917516,14.551720295198434,0.05433203482290383,57.08774168394763,39.16936099979192,31.566848116406597,59.63935996924615,88.3411570881526,171.39675513412175,154.49956921926278,0.20838367900882537,0.8364731916659712,0
106.2062905660481,10.199538100214461,0.7486452341262,18.52703553833237,45.46263472184962,12.525123109620795,36.60282657465152,290.11426609957084,206.6957345424926,34.18897871351716,0.6613039622868667,0.9499550093322041,1
53.22152025423337,15.974833762437179,0.31758679526111666,27.86430631150364,18.511609284228836,65.55099718461126,80.71070203195127,452.01749322727966,37.12436356436668,8.78092272612745,0.9112561518342881,0.8056369252749183,0
72.38152266036049,3.1240729235742015,0.00013469300448532007,21.87098003235832,37.56394621868834,3.979712733565255,52.32862493002498,160.0905837142193,108.37128547618187,130.73973858101584,0.40375661047834654,0.37754542299555716,0
276.46726081963544,23.357690590872167,0.5111291392372298,18.28377798688171,44.849764468220556,59.768233552345905,11.674790276879554,335.1269880221796,97.92482190841946,154.78722576473444,0.20774927301219037,0.7886864292314241,1
123.8002310434755,3.042565361649671,0.046851908527603126,82.5710951560667,42.30621052651158,86.96958848516338,12.906512482906296,93.95179439920825,164.99155297193474,162.76582631856863,0.6487469372366542,0.35144167347068345,0
218.56191662884527,36.01604285200627,0.27616955782089947,28.570756766089033,9.140669426961296,89.08321482896335,53.685914650261836,312.3976993593626,59.96819166190305,98.70183653211998,0.8711870463503177,0.1671000877656339,0
302.05036251291415,10.517043685969487,0.7069764874557162,92.71237818644494,47.81459407566807,44.90377603699617,93.65702180708392,168.22517590875506,153.6602195885463,41.07363693799706,0.7483188011224908,0.033393204865857395,1
414.2368971776192,24.300536157202977,0.06268962162186587,96.99265253451908,18.833822021473125,45.930368821307376,30.835212167619876,105.60412929397583,210.5974180155571,147.44553544996535,0.8687572305365872,0.38571671276102004,0
23.587283904659362,39.60355894026562,0.8393384923560023,57.126046993709735,16.962033058691816,7.696918300801736,86.95411688592183,156.59102535181756,100.35158395046945,139.94261543086742,0.5365546710107993,0.9035593036972819,1
479.64623934542556,29.289481607123736,0.003819922658583108,14.30011226657264,3.1215663638890168,67.07650254430358,76.40955865788793,89.42053425389967,218.6437679950128,49.254146820634645,0.7518762443691909,0.2389865877556765,0
376.74023369454466,23.983100394810087,0.24682386920190225,37.45482433795813,24.30868270524415,82.12594203728455,24.781244290690687,450.9580539189414,238.35929734403481,180.68155117255858,0.14006455935893647,0.206513164929784,0
49.055419169323145,14.595018890191902,0.7409040561520714,79.7732263348214,5.450680782046435,24.465505460471306,3.6340748316242455,198.5934431585644,25.462091987508497,20.8742916165658,0.3482746153631915,0.9698207852410403,0
524.1471744640663,14.985086087618907,0.3162701497293068,36.739072869707044,12.426991046371299,42.13008816333647,10.184726514238275,122.63965248718367,55.93276511636607,196.53764791826512,0.38954916448152244,0.02500411285059212,0
552.523440319088,30.126912983918555,0.10189238806601353,8.701721830278874,15.847131088364069,83.88393367652704,72.84939338474402,224.20392050796644,228.09114035570238,172.0495621954929,0.5112957462460346,0.7857821503937543,1
36.64677591291825,44.73627125495254,0.3602339188004279,55.678491092818795,40.4413161745842,87.7120467662288,19.96697380406467,160.26808340324777,229.99864475553284,137.57972909581503,0.9290763602568237,0.32136995574087035,1
166.12658888832223,29.78276354322204,0.27039328638452553,84.51208514960348,43.77443251979483,24.317998026422593,37.12709205053938,372.209626906663,23.44974609282204,187.74997765596657,0.8742965602221743,0.037487956869659333,0
483.7207678758368,25.10025378165112,0.8427119021605549,79.59263871435024,15.123315873073484,55.057063454136426,50.16991660064248,485.6099559427472,3.5996400905128034,144.46223366474155,0.13452549228918453,0.9178025402095836,1
448.955814230195,32.87927296076607,0.31334791758514313,17.512314013035322,42.93490606222869,19.249315063582706,72.54681684501628,219.01682834882342,38.66400558154134,38.09139940600919,0.1727896518824632,0.1396423302095836,0
110.7126116138264,20.934252552767315,0.7889324717760072,67.27646144124667,42.861546868489555,10.187876413955655,11.323122325912538,430.5166999861202,239.0430680117396,88.43122762256235,0.35764054958891134,0.5517792837256954,1
125.60959400202618,2.7064054170353344,0.8918721448107347,22.05042634356471,38.232547519243674,91.11205013919576,40.636640527746145,282.93153677980973,43.199907986564845,14.30060486632707,0.2907438658906739,0.2740542074295478,1
222.2832616748292,25.30335671450594,0.43381741957652953,21.820753455217222,7.334755700759077,82.05075042321091,48.50729091426954,78.61783254711673,120.61142561328555,77.93148445762309,0.6147709531562623,0.06519280218469103,0
290.7137911146128,43.093137802742106,0.909943143854392,87.40717733051852,34.51614234503645,76.00349018031739,54.08270639715397,345.3113710406708,203.62025434332264,148.32060394744173,0.9027760477645449,0.04992248566337909,1
370.9528629181776,7.8886324060946835,0.37731805396319285,24.966895274023017,47.25120322902844,4.876631881314042,81.83606413952167,256.7172485629101,4.8963865651695215,77.28867018616347,0.9622915416725868,0.11555669883633879,0
221.34818374186344,31.050220086929958,0.9640784164901082,26.32473465180112,34.12702393835785,84.37287927102575,17.16781950432169,325.3032616260517,145.07735574203028,66.05883509362683,0.6536029525352265,0.07136701388938005,1
277.5208296798887,9.042015989657541,0.08928952452557293,0.06533907612995549,16.580842455391696,43.804407590538375,80.78314518266222,444.84370628583247,66.48610772870984,119.07114450206238,0.8381592014010867,0.7605581155199229,0
448.4825628802539,24.11224580128866,0.6870192665032427,87.06690341255177,25.028965871541565,34.23951232958596,69.28784276966522,220.21728532802302,206.96037994553558,174.440905799779,0.5252022002307971,0.48556620228342917,1
22.00992173435874,4.350440234102383,0.49381404045692867,79.25948132091347,32.28625216755268,54.647636102537646,55.58708141989593,450.5888116086778,68.030675823379,9.516638509222485,0.20832694686003972,0.3428920913489797,0
151.46216660641244,20.26669213161833,0.38764880545564706,62.7328935090678,25.52852043642518,9.135324272355582,69.95278704025719,375.33450714082744,164.82137286765814,77.09408693994708,0.5246884120934774,0.41836891013200717,0
428.0097515307315,34.027349800286075,0.6327118787486009,75.02657639388423,5.997647086548491,75.66465493523988,41.20177389516564,244.3024629389924,161.81271178737526,31.64814836305254,0.5550826014376511,0.9289467355726233,1
537.1241026123196,15.640718590754194,0.7038570916343312,15.20485674244918,15.603202232601031,58.24350768882959,13.839758596812457,301.61106782898185,53.1584517263136,139.0708501463739,0.7424575642135566,0.9107518127381472,1
307.00646526939965,29.921027601924813,0.004363269650309087,45.832359458757544,40.119801527681624,18.659009687316754,66.57652402653673,162.7905662595057,8.351807968404028,21.144912086226974,0.2198829897073491,0.7156764801225769,0
319.2680911591894,35.79524823553781,0.16695308874719872,35.121938734878086,43.07090230477587,18.82321997690456,52.46723066856222,491.7986498693871,98.21989770849535,132.96155171604892,0.3683103820867317,0.8846823774216878,0
64.30320680386563,41.72300187657537,0.7130460506343187,9.37765262570165,6.865001635778512,18.424865157267423,63.93748005427755,333.67558152519797,69.40635647180872,57.236174159581466,0.3640274692145663,0.3196480275876248,0
268.4474200940728,10.558893683495409,0.6663854135782065,48.61304852149241,47.61933761993623,5.700238755193398,33.799878102849,21.923426248314946,194.15465990729007,39.78336274744494,0.9594395957411649,0.38110932600828284,1
319.5703598730139,17.969216211418868,0.9660475051286772,92.07396503426354,16.441130892430465,58.77984493716848,90.6866577339836,163.31095287400439,192.08740522928287,187.27051156499707,0.44394496032671893,0.613712181854228,1
145.4823021808378,6.858720599868785,0.761037790250783,4.005911905069448,33.115686936536,84.0348177588508,58.736986857557696,311.65721687952873,109.68574852623011,3.7049153491911735,0.7550939672981465,0.6236259472972642,1
161.5459385696286,44.661757597126886,0.950772707731338,29.14609134937939,37.591257297834055,1.74982139873886,8.540248429087383,28.1666388996199,145.56293407757255,87.55545437791379,0.750811381374439,0.48169983801234095,1
226.3704978627736,41.71504355659329,0.702540501534807,20.754093620570345,40.59731173189417,4.900464497127355,44.980399070442864,11.942095659571383,145.02228383686204,4.325398492358756,0.2655441848032414,0.40065784843795327,0
12.042718666635821,24.29807086262518,0.29805220863944315,23.81466536656963,47.287485111296505,57.27702766869458,75.63560547436343,225.0121197639013,198.51795562262961,96.7186096208658,0.5718696893717321,0.9861803116086951,1
193.24749934990697,37.89149824693896,0.10536492225085647,90.84345518793752,15.64597740144113,81.94956853860523,79.41345617322723,166.34508984633501,102.0005793895674,100.20947555888364,0.8943028933186481,0.8211236261177244,1
126.86880419792679,23.4431089772419,0.7818238633449356,46.806905423429015,42.92532272757772,32.67388905686336,49.45970527637588,219.14930401658296,66.10720314972218,64.3324942789494,0.47519771945694944,0.4349801978880452,0
196.49841130674878,28.061355960124185,0.6441492214759159,46.62994129398188,6.584345171810352,34.96143988077222,89.4747570831301,131.3466549400026,63.60838035373139,26.432355505004736,0.9451175073425461,0.7272924772395685,1
71.85727909155074,4.010599445220747,0.04818601239329623,76.05756424552823,35.25204531767964,59.63464974967759,26.766843719429755,82.35887347149045,128.686147027729,75.27750754689507,0.2144582293241616,0.2695616932524595,0
534.316368443937,33.987168922356354,0.36005046590097833,15.44922040049258,37.098886475699295,27.4212889124147,41.05986972382666,344.57167849016884,107.79556865573102,134.4525879865132,0.07415910577403073,0.10016932623732988,0
356.15547213242917,5.747106763585567,0.9567998154842862,48.72653541000508,33.88616206006602,2.660836607768413,89.859691056897,257.2855581339002,105.62898503638468,156.47916172889182,0.8914538731447493,0.35243102555274064,1
407.46139148669374,37.173043361363774,0.5004011457102012,42.99852141210597,12.61573680675765,73.52285181015961,89.62567164715789,100.07710562468341,21.872961381529734,106.15012047762846,0.8476811979622166,0.4029728001233942,1
473.502743164403,35.191263945167364,0.43272913601970464,59.69106905466561,43.65215735076017,62.56499129414531,68.57127688246808,159.79471312999917,172.46489776564695,117.96687888795113,0.9925898759338447,0.0165371245606708,1
299.06531935743436,31.89351139843394,0.457699605159294,99.95577032504386,8.44292316851975,58.07559990556591,85.89805471222202,295.90395383166293,51.29680511565857,40.12327422493054,0.6793934881124261,0.814792001635896,1
52.152172852454214,1.6272171236142952,0.20888272400516372,76.9448894082047,2.681739576041542,74.16841289918231,8.877326695623267,36.114674136238925,47.26887125009313,57.46606664552989,0.9366879266671495,0.3591934023891815,0
322.26392509112867,13.640776017539787,0.3687071708647952,39.78657030174272,35.87324953059561,67.52308375620375,86.49949762077763,73.72650463308977,99.06199686657443,32.37912201047168,0.8269490250841108,0.580418165780147,1
352.1046708125275,11.840065645987929,0.3698132559871766,82.75530522740469,23.773785761636685,20.588198817832115,32.061990655022676,36.62280205369506,54.66680198827234,49.859070000922266,0.8444263331200869,0.07396318727095597,0
447.263684510598,16.20613833621836,0.0523550201874724,17.070836331248017,42.454900997933805,35.24810469433511,17.833151242821632,406.1586663570594,140.1259841539237,44.977356045106355,0.5691415704542683,0.17499682875058398,0
258.9957277378076,3.9439236043727344,0.7675676285179183,3.0463686308960125,19.16985705291295,12.6110141678625,23.936983634204633,376.2046166060046,89.15120144027316,103.88975727824752,0.38236459791671085,0.88969372532756,0
76.54818167733825,42.163102036397824,0.416504431903879,20.444837246427305,8.413929425385641,12.985701341788102,41.79685080138871,376.65646593962856,107.73881342226963,112.53775115814588,0.9345580725432818,0.6086875278828008,0
170.26554347923468,24.921100832056933,0.8221798868164233,34.041155611425964,41.82210962349349,67.61957463565392,25.119200460446724,358.162671738014,128.92063718496692,188.9894841643009,0.43211717561589447,0.9502840501704856,1
217.84937783918105,13.74859397961106,0.8503480011198954,51.05807574595599,27.445481582003584,85.86001069824982,32.0567586016499,334.6927118349346,48.84852539563316,39.11412942030461,0.5388193672496691,0.9987500343913169,1
387.55034479896074,17.864168268342755,0.21199405469865806,61.51291405411998,9.459789619517744,96.27325838611391,13.497848607164208,238.4959576890875,37.38038948772715,128.3351420322992,0.44611430712518774,0.3718601153330944,0
342.4669828013471,20.124114322717606,0.6573534821701286,91.06057172144217,36.01919992932229,62.834711754944436,29.617676555899852,321.1390817535575,211.30125668966514,163.45185379750458,0.5648183139601971,0.2988030640832746,1
213.65803553870774,27.026745001227777,0.4722818041629817,50.98540095504577,25.555681924475028,18.410132336095696,57.22838145420012,19.180777393987324,104.09368867954105,112.04829275661051,0.4705050789923272,0.8583560551590967,1
591.9091492757879,23.2055742463424,0.8801567379214851,50.127564462572934,30.215649112015992,10.56503454489307,44.185370809106395,310.7322113283923,98.9024663118094,51.00073050021514,0.04796755857947588,0.9986114270374542,1
363.4648916141323,41.37263879464878,0.21574067917645412,5.024300982298213,23.044916910329093,81.28509715367578,34.67187612359112,388.9388527684386,8.546916065481955,52.510046004000046,0.8820481860076986,0.6296412342324573,0
142.3360750415967,22.363356730762362,0.6778132003100442,3.491155265622381,41.43544919090032,57.875647635999925,74.6452128857114,250.1791801921951,119.51431262097438,7.850610614199982,0.4443938189157698,0.7951407225115223,1
61.06948357224225,44.64711066704907,0.6077521222527226,55.11599619163721,41.47813578415249,61.82850210137198,89.3509971393318,178.75666421361848,133.00073318664002,61.08884530969634,0.5889436485073487,0.7817458588152745,1
91.71548351059921,38.31412309852931,0.2953014775718328,43.81786132483445,35.46944109121931,78.14620887547092,75.6789222902397,138.71336740048957,134.12180902911996,148.92073580067603,0.13918780275798703,0.35533970821954697,0
147.57463703070488,9.382973146080111,0.1366009036511726,83.91803949802986,5.270068869823113,70.32772277324516,33.200070211767915,321.4010250810412,169.68748063749223,9.503551441422076,0.003387847982639136,0.5742703802570872,0
96.4088239557334,41.876784658976234,0.6516397604772766,16.067958471184518,41.942693095203445,83.44582528560966,74.44421678375537,346.4005993149544,42.59564039784283,43.85905650096613,0.24529009364364296,0.8330569412642136,1
111.94021443078346,5.236487904846424,0.7385974581323307,2.49716621170496,33.55064902664549,5.621390545987848,15.19801824740512,435.4837999312713,60.533552215348514,141.2464997063564,0.7045860321333502,0.6881138762610555,0
171.05710121630827,36.78523688210362,0.31562734376335,44.903876793012586,34.85120830021498,74.75206367465049,13.031798809129091,171.16704123049536,194.57531165529906,156.53031256457533,0.0991945301128786,0.02116381398203826,0
104.0241571768529,17.128048206446103,0.6448326040223138,23.74785567522575,18.149142020193583,85.08527573220954,34.562703703615895,384.8861536927928,227.32094804241456,91.06368201238568,0.9088874403864678,0.3367056688975335,1
538.0592547758552,39.508844420028126,0.39513090761150327,4.961437333883745,43.963977807850334,28.613504245831432,80.7702369044057,280.67791209466895,32.62385936815696,139.61486769572977,0.21502256935618458,0.14447569659460535,0
48.14024739698532,39.06255105483527,0.7132068832826177,72.4598286847629,36.26858001174288,64.04472739932528,24.634824724230185,441.4182453390396,119.43589308125237,77.5904337309784,0.2045936142917758,0.2329722120780391,0
314.7068337421528,36.26664300529295,0.1992152748940531,11.159299995724748,5.629523326459723,31.416206383697208,6.325340889867959,263.9060541478104,51.402300657500845,31.982649004825504,0.18150796162149552,0.9054894774913257,0
246.2380961937969,35.551369633817764,0.8902150026361744,60.83195000077717,20.388901720308134,95.7971066482454,13.170953520635509,258.8149141989836,14.417560405195786,79.62989870458131,0.013981712971364746,0.03689328891076815,0
589.4271701451638,13.710561259411836,0.28740959646557973,28.104975016688915,44.319018098007085,3.3423572435503757,85.87449685295802,288.93854072045457,78.1208011502725,115.99356404062857,0.7718054684782346,0.21980071196192374,0
67.22334130083141,3.641367737306348,0.3677859877561529,17.3496050355022,2.3598350848689496,57.97928438329551,63.37832847472876,374.6576775712172,34.48503004421106,189.61065637057806,0.8750345312452585,0.30956935223823145,0
238.71335942744497,18.134108044432267,0.058091952080349785,37.97515229193175,48.07083098210248,16.65035470495151,25.320116336997668,482.3452394142305,170.3839376242191,13.750190417735464,0.6141627026161989,0.6168840719663948,0
581.6822599652213,7.80860317439289,0.1115122123212764,80.14457762229537,33.95812841597814,71.22202051771586,55.52958253281813,36.78167710788283,128.09409928114667,101.47881876899211,0.1881999816798623,0.5341016900858655,1
519.3042755363881,31.272799000610778,0.5158619027123281,39.20935769045727,31.56879888216883,17.589028341866207,52.75796224253504,26.71730119550858,34.52027303767461,65.78395564214487,0.28527799694087974,0.2182694828533861,0
490.24324256956794,15.574487694200348,0.2675926767279715,75.07696492110557,13.52796282439957,23.538326189835757,65.54359784406613,468.77516870366924,2.217981217323448,101.6623388553389,0.4759266973649633,0.16424106722315446,0
154.7416962269639,43.90245903869617,0.8354802257421944,12.548629679915068,12.439589436958853,49.43708110457581,23.31875544216163,264.93781275910305,193.95769176581103,4.795089475306336,0.9543459516233008,0.2367980345961188,0
102.53255243403949,28.843743480539942,0.014693388654953843,77.27714196650791,47.102910974429776,91.4834949996878,86.44029871943977,307.45150728346806,42.286657479419404,62.60507094031627,0.2473513718177428,0.5025296267016556,0
401.1859319546586,37.011625363546244,0.3790940486719362,23.693332490664865,14.913622711706138,21.171437214797084,30.936856208001284,241.21180079736442,145.49199413298385,163.973629505401,0.731645903919888,0.27117778571120343,0
557.6255934765514,5.963610273383179,0.3373455467690927,67.73931298888728,38.77526483594997,14.424002111810353,69.41316539762369,46.82872630373724,80.86125913841894,110.7883467709275,0.4394482232929203,0.9476025016077222,1
334.05773580835785,38.790651702268015,0.019327630917601035,56.57815548409963,19.65608991035396,75.89768318540307,1.612464637221489,384.0446892093333,140.51662519560855,90.11649856322347,0.2978473483600218,0.46386522142884756,0
342.9676136819399,41.52407357310275,0.12436839900051022,92.91447172116874,6.962703539235199,50.0619532333931,37.26571298941472,373.6123225442934,75.75687047575776,57.105014343067914,0.45591593702211375,0.058796016544637064,0
167.9874561961705,21.917786346852115,0.41364267491863527,38.732251797531404,0.5357648847679475,91.17851123817714,35.17098179588083,155.851660746406,20.865494566141003,59.60850455827118,0.07120671754123253,0.7292664058366334,0
461.6957599151621,27.281382198793985,0.49286458444744663,6.616518883444044,27.21286685076254,14.661455715984228,54.348442858301446,153.1196226142002,53.508002053860864,76.62028671811689,0.7986873709303625,0.3288452882089896,0
112.22624913451402,34.416441040634794,0.4042897472548691,1.9155485551252904,48.78894092744663,64.59278930230393,7.27362617771965,418.92069045275923,45.134055954978145,167.11414199291207,0.24330192798296713,0.6534889320582475,0
194.2075418425462,7.867738226718565,0.5309376784120938,82.6858560972753,18.456809690460226,23.287914615181503,79.01313737261083,36.17862887066331,102.72464458551453,193.44264136165367,0.7254121231929704,0.279594370523232,1
255.26186316985007,22.61547344085491,0.5951316749056815,52.473563766143215,17.859616699652243,15.67604286516393,21.778080176756852,440.5525741782829,157.98810802227777,87.73107627007491,0.06834837144819472,0.5707437417333199,0
304.566227210673,17.93983624975409,0.00992382112783563,77.52440518349492,17.204580892472105,68.34294151572705,67.70378148820102,128.33084494795722,63.313457987125815,78.67056774955236,0.9550985561656861,0.7721525048074647,1
145.44583944904815,6.58682964730121,0.4640951594535039,23.44256000115147,26.027191865242923,59.36846199087332,80.32121232440932,296.49237387774696,2.8967844721483083,169.31015516397255,0.1930149854056986,0.928008741774554,0
68.90209484352212,16.539049003118915,0.9634992408875883,34.50837455132337,22.033244171214676,75.48274583623312,56.18769562415131,467.9970895008889,124.54496742354165,85.38106412726071,0.8827420762070805,0.26112714443307705,1
366.3720254649796,3.067753922347211,0.5190322801295487,3.010387221131894,43.99573133635072,30.946257644618235,74.08832067219855,339.0612507683232,145.3822774461533,110.40363445913025,0.8094732096154345,0.33485695099898116,1
173.17833194415346,1.1615358127269144,0.6775422674589532,96.14923245741122,25.276039586174516,44.79716563821899,66.18603122150056,207.2149062335183,231.08891856043434,46.18833291974889,0.967859924081416,0.4642664202859397,1
348.74293285356737,6.082483011967025,0.3118638579168832,66.78679067008134,25.38789190942844,40.547167633041845,35.55297971520076,344.7671044527076,141.47299274237923,148.70050715581505,0.4778906609457496,0.9271748377359889,1
92.61762916452139,43.34018002151282,0.7739913781527625,93.32050877593062,6.91857973602783,98.40894639665142,80.88585390335653,171.9898181581851,113.08141425075404,106.39766365415637,0.7273972938459515,0.9013868568106571,1
288.6840611128905,24.728829115275765,0.7729214818761151,26.549640742907233,49.136977045519295,29.22489567393879,29.4701369885528,138.62920817459306,137.61639021544892,161.80691004806832,0.37071065703778405,0.08987828010063803,0
319.5536595309515,43.4619972518949,0.521296047654139,61.146361122566084,12.498644543441484,29.481723834676686,57.12129177515172,498.34163896733986,222.6961511668865,156.14654600573394,0.18436823801969382,0.13192982575381085,0
31.094122093456143,19.462404524855938,0.9760138232792136,67.84999682926379,3.668203372980133,35.45482088286074,74.53977391415395,375.39511558989386,198.8107549443951,43.00095365400571,0.4430759329334488,0.49550917733063826,1
201.96256691635236,14.03172598883668,0.12555021476265338,31.754970025758844,33.15731244876044,56.45940812903215,37.89559098125076,322.35998869090884,77.51489600731392,143.12711011155247,0.16574901538845488,0.10661927280542349,0
80.64880616338455,22.776383827810985,0.016947664889580993,84.81092350156301,29.768318507843635,25.232274426374524,30.276760761742505,177.64482160965937,56.94104727771294,160.01088159027427,0.9820446227863839,0.34558087334869747,0
38.02498228366065,19.778025988480955,0.770158211757096,94.71614629002478,20.757282699637287,91.52899403792739,45.934601017282276,24.580414577524078,63.03206696785767,69.22144815647901,0.09624649114071637,0.14838537821747766,0
593.9761394339671,4.754910791778476,0.8071555373648825,88.48551176960044,21.1096116940339,26.56855648662635,81.79634943491536,15.528438017577805,121.06104953165112,34.52182258045491,0.5892117234526204,0.6360403551318858,1
193.41230698483378,28.83718416105928,0.12020722912057624,73.90669759393725,39.253196052321556,89.58157315601947,92.99217631456648,277.0906277243994,178.57186829485866,0.526431115917636,0.6264638552540559,0.9494954317391617,1
485.9246675127809,9.721718212931982,0.2655828329586061,27.746467972495402,9.785632004982453,10.347506364658464,54.50834128598901,381.0163605195255,120.7726097239109,90.18073061862964,0.5380795428740542,0.9967337702943815,0
152.78439285825831,27.88145797040233,0.01755236336662891,28.161604210563173,41.012665947244486,65.65627023996524,66.14662053236519,268.68959522192756,16.271134998747023,70.48654630776832,0.6621858857118336,0.3752411324969148,0
408.90163333435754,29.259049157916902,0.2933086107805647,96.3360320446038,32.437355694750906,90.69855184382438,90.32736222389141,420.3925359695573,173.6593681055954,110.98196676508178,0.11618077501189095,0.5990126371146123,1
456.13671593381196,6.841118390789164,0.7731418739186715,1.0284495935692028,20.94848868897622,16.874943839822954,9.85468514129424,16.713266546610818,193.43283088102893,37.60821851775715,0.5550185242052911,0.8562676535240813,1
357.38324436470657,2.760733219980067,0.5179605277125789,71.60499732421445,22.90143082919343,96.8326960099255,23.207857786616504,183.37603821297006,69.47948762873271,171.93310953329504,0.28721257112736154,0.11746207279638399,0
282.94571313009504,35.13427137307979,0.3480955931682881,70.62461625552622,12.83236035930479,45.28833604155117,70.89000062515825,118.53519558708902,159.3901774280041,51.55104312562193,0.9401760633010566,0.689564411051965,1
247.10454848836113,20.691019069619408,0.3717392949063303,62.26895409497975,37.60571663484874,94.57151084410245,82.37444619122996,223.636484078561,102.38205625305442,45.28592101752999,0.7620716534397257,0.40884366172506825,1
209.32095992579718,2.6173707977464105,0.0013536257154681541,99.01088460868658,25.643737115263388,67.6820043630047,85.70290283305779,36.18819659706124,213.38864537458628,96.14281129687119,0.9725144821597427,0.20614616028016408,1
557.7174865486955,44.76898427263952,0.2998005275652359,31.187943576372522,16.04272713749218,30.158686987355154,41.51071768549326,477.0658207855363,202.85413395857756,99.77020474885485,0.037556069740189546,0.402753618747442,0
498.3716446726375,2.600125244836499,0.6464587416379305,33.997186379324816,29.80250578804751,18.83025249171064,8.933990229186684,111.62770053468046,126.10367959431414,43.017045757018565,0.2851331751807087,0.07596028696491686,0
579.0161463999076,31.276585298634892,0.9741944438163571,7.893940294655555,49.78672260256615,30.37350462250994,43.778147729961994,461.1538877417924,165.96133099526267,54.37214534518316,0.195422586638349,0.6954071485893057,1
74.57833409132684,44.265551636853615,0.8470608269838995,44.27981365437375,21.763113982827694,9.301740926267499,23.07345902070538,212.9465775183409,212.00392824530496,33.94104783104899,0.0111545873118305,0.2527426687484531,0
438.5204851221865,10.763104689716652,0.023594964645529126,26.10485262348481,46.03457003893098,14.386796634332978,29.11964549966242,492.76206662760904,118.97208241878613,143.69203566463335,0.24232573024632142,0.311405645044878,0
563.0042740926227,6.401221590923828,0.8985606046748393,34.338670217764424,17.250841996228306,10.466044034648114,77.22675568375058,277.02919173010537,75.18017771731726,154.0178062508164,0.6787759835204289,0.12108129824146274,1
108.73983969939609,5.4623222740093,0.7831984132986259,83.45717902556277,2.7366353462492943,42.29435437415577,7.552708602588687,465.41643208790373,180.8798730982995,92.46569949185653,0.23108892213456855,0.8646591138898917,0
39.8977604200665,13.6473816405418,0.7803761235709804,93.54845135274957,10.212105318421443,79.55783762575864,82.75812174807021,2.6744943471114224,52.81590114832603,142.81740453700348,0.5090034454826182,0.4934442792827386,1
444.67238957403544,4.547061495479101,0.4579957590035715,18.573307200518563,20.93475716638421,14.138355421634019,42.76690858241691,374.1194030904501,93.2474755214501,147.1870783874891,0.8878181149649986,0.5721468777864003,1
344.68386790794716,31.147260376235934,0.3980052929545028,37.25089315534659,10.981746429728451,13.032043317233589,59.60639311005951,451.5253265512577,207.77453690563047,27.65510553556172,0.6937579203490752,0.5694326830948546,0
505.09726605496326,2.803130915852821,0.3029157288331926,92.8630562115394,0.011351910912776875,64.34289495173307,8.9652231235679,69.86028348947704,173.8613616646356,193.23560496690735,0.39462906990603197,0.41049311454134174,0
83.8634259757737,22.923995766740536,0.06569485895436578,6.180846068922263,45.75007688737636,19.71829819680663,33.735907835727964,48.062925866075744,96.91464125939981,164.2063894192862,0.3724689389121083,0.19252991543813947,0
477.1603871159341,44.85135842338396,0.2282353634936991,9.236052811137851,42.19397056154645,9.76100381089916,8.970091901484578,212.2863035929778,51.53868057800578,40.8966922391647,0.45573581400848473,0.7451327484983999,0
120.97639202864671,36.628662127770845,0.24660363497802462,16.279098920622936,37.11461157434736,16.684857820557763,96.15437228811096,466.83945306646757,85.43241379973676,37.233007149214046,0.17704144105990638,0.12705626535767434,0
98.19356571942271,27.68487472039549,0.4840770697102016,59.521283412687474,8.390729782301431,92.37313958767761,80.72616493262504,271.1932800952194,68.18499581458391,25.132229115916548,0.6340007674159881,0.1038737902788105,0
98.55947875859576,13.781412935397524,0.747444406596694,15.047227100599747,6.018178810499303,82.14712527761908,45.963275435646025,263.72823186086606,42.26142910652494,27.675712508383675,0.3641528191046055,0.7101450375965034,0
488.7448321388293,28.07531263312373,0.4738098283979466,96.80763814507335,3.3802374736191574,35.40645623550941,22.36025483236711,70.56305914966093,178.3998992557576,149.63235980573924,0.8523653492620437,0.20883702045198382,1
399.11833241772007,23.716865876024322,0.057844449447160606,44.671452725852035,36.20145943864606,65.58207673273928,93.34551052498522,0.39475554660939327,60.49677284404116,93.9308513903247,0.7565526600578163,0.30677275135283233,0
313.8392548614716,19.173752275066718,0.9577898009882039,50.15179603501664,46.44039803439426,53.72756736680381,34.45965957269718,405.0700453727306,109.00019284026331,156.58683454797344,0.61051316409216,0.47522746700174023,1
215.2982904741015,5.881966953308976,0.9427243190941123,24.66586158054065,21.526791045651848,67.7124263482564,16.098443168737475,43.78728149311911,92.60626724066617,149.25097887004108,0.36420222264951607,0.4493513167295462,1
526.3203244878649,39.897189685821004,0.7851895431484084,47.09602524347335,5.957033599802408,68.26711524627594,56.31643884539549,316.924909367662,235.6985708725514,120.92254270104432,0.2099318316734844,0.7085791250649992,1
235.46706445358123,20.24030919695951,0.9913279015642206,66.19136326370115,25.61964103660533,62.8734015059993,94.37741203448161,457.3082272575957,93.86213859557293,137.2733213157359,0.7761518641056229,0.623431793443361,1
489.95966368294626,8.758013031934428,0.5444823328002629,75.11771369540428,17.441595372931506,26.610136853730857,0.3830290500322575,104.3259565792155,19.19579587122115,3.6711448758283582,0.48640909899108653,0.6443961622818657,0
263.4809451421311,16.549170789478033,0.9627683502532061,75.3868082709913,18.741246217499885,3.900642076281813,23.812484325399875,332.6364181184554,21.558180617300167,62.35552936100439,0.2247500381773575,0.7140543306554573,0
226.16665765494454,18.635838863801716,0.07560504061675077,57.789111269408835,31.066531207785363,45.55667819901088,93.84476404104076,39.34928835375473,141.78089312473554,127.56443585188204,0.19517461504000622,0.29261272742346534,0
277.6078714017639,37.23920530050934,0.3656807482613713,90.43597749938573,35.93590566311012,89.09738846907038,17.108596685716204,301.8775719188065,143.84725241718374,1.8689906972488401,0.16540090450135903,0.32233331180047364,0
180.82672449848525,33.01264712526309,0.22538126800676583,81.74078473061094,5.530179943658043,56.94972585185759,11.324345163981986,81.96586047660136,100.5021577158372,6.595388736518681,0.777161196205595,0.4379977478955541,0
448.56562810575065,34.61872021386029,0.19583308413427003,75.70481146986255,1.7795115403238193,83.23910417019079,57.01872157998045,367.976780257589,103.64248615488712,170.37759649407664,0.2289871853003117,0.3074621730335261,0
301.6322340554875,0.4964068992891246,0.14080294889267608,5.560552168046062,49.71651513428574,99.16243429612281,86.18438232948299,150.6156473969541,12.943819881809091,136.80497233841436,0.5266422635251975,0.9849378689708634,1
139.3276170880904,18.72692991808927,0.6224136415659967,0.6877962219649314,11.636417445777592,16.361620413827627,47.71098176939261,231.6955044023231,123.97116249342294,53.07394662406879,0.45154636097305645,0.8140519264214297,0
539.7447439647411,21.66048682358956,0.7813218557473051,21.244727719547296,2.6915262454229536,69.17776391419824,99.45642566845248,299.7152710138108,121.1374740912844,137.5925680237418,0.5796108992282839,0.16465468825602958,1
230.33473282392686,0.8636524570375509,0.5782983994203607,66.35235939134523,9.493766454795999,67.42935737000246,67.91716995379929,85.63670533311979,35.891836453666684,158.49133382785266,0.8771549003711943,0.005594155881869511,0
326.13171666839315,11.69159439352654,0.14696270958820967,41.119748888254584,1.947892317423211,97.99554473582785,7.407490721044773,370.8189093088105,24.92145266662262,61.358856622020255,0.8677473900817306,0.04278326824726786,0
543.8832665787281,34.21304204049608,0.8111237699334709,40.24062592993117,19.590544730858582,98.56007339528003,99.28321316819753,151.32017031840726,29.657397743877716,7.20747549983749,0.45107607182485965,0.24406345104292526,1
374.54279754839524,6.169936757804957,0.6359547071637285,88.45868882296138,40.120089222566214,68.66786117241294,40.78942367801904,331.18592995637675,24.246779157902047,186.5558249375469,0.015366250734723308,0.11429128583685655,0
70.13882442501844,24.088955915366626,0.3881657061269955,89.55628481318388,17.062222487886032,24.361479198219428,28.740253384548254,79.14152534968683,146.32996692882236,69.0359676591261,0.4264438057143032,0.5333381148925721,0
563.8992741680851,9.684084240775688,0.674130295536063,90.91752640535857,22.209170343918327,79.85558381305991,55.787918357788556,344.0588296031751,47.155836576700466,21.296352656941274,0.6061935374241404,0.8579952227273586,1
376.6248318428507,0.5454348589751973,0.25990497924283285,31.38780765150273,33.77933867837194,10.70291342110381,30.43075918208643,64.09403640523087,60.34323652499123,98.37137427862947,0.5577647590980618,0.7367502209132274,0
200.94336879425168,10.854065591979367,0.3451922084942105,69.10558127392618,25.444703503494008,78.06993041716287,8.645750712015232,212.6782481349918,41.657314596345536,153.69355913282675,0.6513361058002055,0.2156090630821904,0
83.56324359803236,43.91431897095242,0.9174858431319902,27.163318127436963,43.07228430106621,91.01961241446965,0.14283430791767193,123.60303686943841,229.88047306764074,44.329462923511834,0.15407573247308348,0.39929925602578586,1
476.41511356217757,36.06917003473453,0.2905045056714204,19.060983307444978,43.301783752287825,38.28333947684352,44.95833529202623,374.18762471409127,205.10819115644048,53.89801002667267,0.6465350987807326,0.5078942095312776,1
372.0436535571081,43.1809489944465,0.4699882681579366,18.463245734736923,0.49553477455768213,63.06352949830804,83.68634222265922,131.01750225343727,55.31876096436501,48.54299735971664,0.18265161874377223,0.8102058495033355,0
320.0766551857929,21.95343197668631,0.8901411373960146,34.2107620863594,38.90231532415996,43.01427320968263,57.231518563007654,440.8586531976981,78.61591054131024,198.33461056633564,0.750523980696749,0.8391216031061648,1
536.3355498305746,4.938128940487657,0.7077213502675275,42.99576197798217,23.036680012083693,43.776505498812845,99.92072989434408,445.91010570330644,50.37428215319932,39.48074674610851,0.33908761326268,0.909718311907776,1
473.15832673471846,24.65817700381618,0.06220322616470275,83.09491710550684,49.442027065183154,31.037088910812006,28.68466456472,98.22065761139292,118.0502302705977,115.1040433932248,0.7098954333814536,0.5092452505028752,1
91.0049278396507,20.44698005519824,0.14730304427897034,11.98910934727121,24.161603793771757,76.21296204503246,28.04550647600553,306.9229725038621,4.706527793820863,185.05292833139288,0.04786559890610709,0.694274746435863,0
187.03324067732893,37.99606872328272,0.007841590771916818,73.49258473948942,49.344797269414876,93.61765641665052,15.97494602339442,43.85882085998216,161.12832213523097,29.37931377555585,0.4078600255909134,0.11180037123393716,0
149.09348388867946,4.413716135291007,0.6309217902291634,53.14549141893053,37.72846806028683,94.07508592344611,16.40635882653352,195.76854980081458,125.557955956234,194.17083957354004,0.7050345222633327,0.5652889599539821,1
446.3677755436062,21.97085116598002,0.4476734254104183,28.794534267599246,12.430244230665316,17.478128487493382,28.51865960100478,356.6608647506361,215.67334279226478,189.49544687912493,0.22687051633149413,0.24869180947113512,0
20.119460841467628,6.752189911229292,0.13427485090227553,49.281958453282456,26.919748964347885,87.4743649656566,79.28400452735272,329.71162342495813,39.45424423881939,176.91439741165252,0.7952870447972226,0.4317168850266111,0
341.9338109227899,14.610416710052698,0.9579341210567704,29.994206977702266,49.60678197392914,73.74314414271221,90.57567906364478,312.350334703304,192.9862190546716,42.91130426600045,0.630779733104932,0.6340505083067194,1
457.4752114444143,33.18106848245098,0.5296597239456199,59.608195523830595,42.87653038759618,25.283740069028926,97.50871697076813,141.2704318312218,190.07064347201177,126.81101120219667,0.5875617721497983,0.2569859378537811,1
526.0593820570497,21.420815821594495,0.24189329411288918,43.38439228552442,4.868344689561055,6.728461292151455,23.228965409645262,189.012474717201,30.523485412052864,152.17829459224802,0.3535488542043371,0.05218505779676108,0
205.24904922954448,16.91497283155962,0.5006035711547075,16.440552907887874,35.3185998404998,26.799726688437797,88.12975456140917,51.47307235014309,95.65421379459062,197.20558563928594,0.4824514703811176,0.010233856408757513,0
492.7543828032077,17.75143253565159,0.6796203327351078,11.658307455569672,17.27897929354065,91.22082367815256,32.82550892773371,359.51141021680047,40.836633874684054,36.08476441627408,0.5973493009778531,0.022159535544521547,0
66.37904217312433,20.675104578269398,0.07623921797356448,54.66956820721302,0.34911309401740587,63.31786748957723,11.28405445168844,251.94439839563677,61.132920109811735,153.2051799038593,0.47246211391489046,0.008349737513769662,0
507.8713750407109,35.32574447266756,0.274703815047892,90.24130332861034,20.17404845134998,72.10546608978719,87.00249255201656,354.3828161728273,63.179081959330645,67.76023398542259,0.6983133239405601,0.11035505655787547,0
76.49319739918946,40.14381100231055,0.8069654908839936,34.395768655768556,11.737721086248564,25.715235110909585,63.61056346436186,124.47176239843638,133.49673456618547,35.12529311360046,0.43369693310695956,0.23948871457012988,0
238.37237433622036,42.99006089267677,0.45966487040266124,73.30001072226231,40.94346352602358,71.93881555748203,16.47308960810617,162.2191143175331,98.73862362251172,84.27538824277099,0.20227318174203035,0.22122151418229918,0
478.3772194677322,35.410652381488276,0.5465771420322949,65.8661354939767,16.866530442288273,2.812150627792376,42.98312575130026,167.10766863005733,227.45587296151328,158.76718242972328,0.21393378280104725,0.9867965941798967,1
89.95045640926426,14.193310308660573,0.43281600220946925,93.1554914309481,41.37618469769085,37.53213457730138,28.725769487706764,12.8712048736081,30.32883406728123,92.96996074081044,0.005803768842941093,0.3060061052089432,0
137.5508371395849,30.966061773894396,0.04389994264300512,82.09810172991409,0.029896941739765426,62.67533485423312,73.6794568710197,170.52393641531177,233.68611236404772,107.5046200406097,0.30095771555867246,0.1274207833593991,0
433.3515410358398,19.692140582492637,0.16574977982015593,56.660525890546296,15.390957501305957,14.609656554132023,45.341623062426805,401.65228675901676,55.35327365142335,199.03188204002424,0.7489176404785196,0.545562544167758,0
432.0219219276446,11.460177992072303,0.4455416387418909,65.70304982341074,12.058260715388098,82.30035744469347,98.9279945106385,448.6492478748693,185.48974473164475,79.8218599114852,0.7941627088376095,0.8579574553975083,1
384.6885797311784,37.83922107416652,0.20918546540792782,89.83864665840349,11.67836805343055,23.503129881191864,5.474498225959512,259.1091578179637,81.35278228147713,123.08015094184796,0.20246754209575002,0.6780603767876752,0
416.36906668026,1.729185703304625,0.04997902865967874,39.95187845869348,3.409330988273135,65.22811128184462,35.50152661362467,227.7508476096101,34.339534900155336,73.04884032307437,0.9590439968714077,0.2960820891354503,0
325.6346660085577,40.57928964609406,0.8436496640518237,32.679470585777736,9.356213520525086,40.51971425753297,48.19001671099774,15.412309349685128,205.89340445909758,78.55712926574098,0.5024027934801267,0.561616159791455,1
151.07943534417166,20.766485908113037,0.9811925291641158,1.081108363519634,27.777478494280995,59.604359547764716,50.31335547483198,439.6021687926913,74.12661581675117,139.12815068908162,0.9169787490185026,0.7148559742004091,1
207.41759610235167,28.674066456372618,0.7931428739967394,82.65510741914642,14.568053641887225,10.745055262890812,31.593582238563677,6.505106712936359,158.12529701444214,187.5773952189767,0.7067652818616311,0.7281044923677423,1
108.9586300808554,29.670926499260222,0.853784921704667,80.0980700403365,20.869739116457396,1.6912799921607324,72.9240249097568,472.3750401051059,135.94648442079037,108.47179009846428,0.7224334230224131,0.6665384552976888,1
545.070336800177,40.280298331794135,0.24197713031704537,10.445451810015138,18.843344017359424,90.95644273803012,87.47470734889747,244.60812434404534,113.22151425380983,153.67998578975596,0.08504362130607113,0.870810424775618,1
350.0350768596723,28.65013569752433,0.9606269755131998,57.68573811327003,43.795246249994726,26.96300087671828,93.8719301977863,170.9672467873633,118.99667343564938,17.841311763392763,0.21999112689693068,0.8701054583441044,1
240.51085005818393,27.62701131420278,0.19692570445342839,46.398169816688736,45.264949950525775,81.96770027804591,80.50933767995262,462.10921742133,175.737099382149,42.23160748638539,0.008814833294472635,0.5789365594070033,0
277.2034821864796,2.999341825231048,0.9514298103618323,11.870909550911147,24.647848582793003,99.93503004722002,85.05801973065994,12.195496555048368,21.065499389625735,100.42632818390649,0.7161276404767375,0.4298563691112123,1
568.3700037670892,23.328360987534182,0.994819293965951,98.05682270607235,16.50779751578022,21.143125799891116,55.05453006199955,290.71244743454355,160.36335886989724,4.002344725754958,0.34443828842851,0.6415702955650998,1
92.01084186964812,6.757605036766875,0.7117228057460487,21.469588746335543,5.340035200118182,26.51707411833556,82.58882264268146,274.46626224966883,214.99490433565887,50.57099575251176,0.7866525160763468,0.8182120013704631,1
351.73789921007835,33.18451959246685,0.9811437317918219,6.723418009056115,47.67014396910475,66.28597876346657,30.350390914795224,109.66020060569105,13.869167284767396,103.48025796499323,0.3389362199370263,0.005652104841184724,0
303.5332073306796,23.04998643657035,0.5695397795671037,59.48473795019096,3.0113472450148726,96.54486346006212,39.84787621092144,214.4437156751053,33.756801416080016,2.9922396512601424,0.8193337522988611,0.9919970090148511,1
366.8725412607887,30.610250064375897,0.25954178317609033,73.88666771330327,14.882513878414022,91.58143481907439,31.69130138185443,326.13200297188513,171.99166480848754,52.90925724520834,0.130698253748313,0.18289377232919923,0
10.866110292504306,1.875280527107292,0.43699588566562086,3.2443446047186963,14.903310058500207,50.28755200655849,46.738733544792545,363.56559844096375,104.94759557870822,102.8061638951739,0.1733731567575082,0.4702489856599762,0
523.2743453664909,3.815640722061145,0.593560935378786,65.87176387270222,16.020064307010745,79.51102825267246,28.557961623863637,0.3584293532898908,96.85166899528521,114.62984959624913,0.3408765395839365,0.8720297348428667,1
559.2709694901674,32.2345524628207,0.07308156202701499,53.22918759514545,8.214342163620463,13.574585309990105,96.16114422544469,468.42671504550765,32.8719922906166,185.1503386110611,0.4084873888822733,0.22504039904419937,0
339.07991015352536,3.2437951199403017,0.6223432646172461,10.326500887504842,39.15807154618486,97.74381842040123,31.284462800566814,82.2626861964062,121.62480977226915,129.06912465012158,0.3487028108429784,0.4767952239003832,1
417.9904943261354,3.206552749436637,0.9811778367622945,17.252387694636205,6.124893098299461,96.43532340359864,9.804453811093982,116.7902171111796,30.370874687130538,82.94716050599875,0.7636470325232199,0.13258218018117918,1
553.4996287063774,0.5448813855699353,0.19010764978372763,56.79742973160805,31.74533295765814,16.372895787917095,52.68171660504134,131.73672284692412,114.3889095145297,186.07023542661355,0.0969513926267147,0.3950763253881926,0
424.34318058803916,43.0425629234766,0.7925951162883833,29.63576135132884,6.192301335290873,29.94231248031066,5.7099078445176366,18.910068276017654,183.2676717507976,156.97659667755886,0.35121701963848806,0.17713545479300252,0
91.5234257485568,33.18787617565531,0.9078987937796194,93.8315728651316,3.526781879647828,10.015499750676693,11.054316630858052,61.526061795162455,61.98344589291924,40.00178422254952,0.8372399995154594,0.363627748771157,0
345.7730161000879,15.896313382592886,0.9437015928202208,81.87402294840508,45.47147518429382,27.17175988981797,21.93893891962463,493.174961472081,115.38868036313455,26.168472269763953,0.06679707726217199,0.373464216792722,1
364.0290278297135,13.344101157944484,0.9601356044054472,98.3567206513663,9.506438315935284,81.59557894152066,46.43502498821417,157.60836868864303,238.08383265524057,135.16232714854658,0.9423435076713574,0.9931707895983327,1
254.4784027814316,15.73664533856323,0.5214596387214719,25.967083895041398,41.06250772798521,37.83156071652595,43.32509323090279,57.65054516952467,164.79610160496895,111.97663311539677,0.9863168422720129,0.9948130293037722,1
441.8665413748337,34.85940890315318,0.9773079079915037,96.9723632797977,27.23154355535679,8.839696714675839,79.96918620027913,53.49563058731166,201.92562511324766,157.93472275855115,0.08856817382508009,0.11478627866061242,1
560.6202088614089,29.76167749816865,0.7573102071344389,43.12338697915579,3.89282598043848,34.22255247789045,73.94746538841133,359.72998383498594,99.56342557453098,147.7610100157373,0.29127252225573697,0.7259687793283472,1
555.3411077440658,8.333800554036056,0.1616714362369619,34.751879531375465,47.772409571903374,98.138333424128,42.63182939907013,427.28433201632043,184.28662155020527,125.04230677150301,0.37240066603535615,0.051745479669101146,1
270.5036228424793,7.834920090033796,0.47690010646797,5.034952696935324,12.348058349594627,62.96835952592029,33.37042075756299,128.47614975423494,9.72220150591724,197.27643432577844,0.7763913686527261,0.030192015337188627,0
67.94282750445315,4.42780423710288,0.718331175372004,5.276525785960262,42.98226726763033,41.61609464061578,31.64687840614986,10.454756167617486,29.498683810138793,106.71794602208173,0.5959268121167338,0.10533389424496431,0
590.9047193774007,29.713622386560218,0.24734031581908333,69.20112559466547,8.44050028922821,16.653851349727,77.3995087294009,111.5450092226779,48.73694230081491,22.621151300343968,0.6443657004925674,0.965485657007934,1
503.3388518675605,34.39676979997812,0.6406151835488874,45.79289944340279,42.69714410709264,98.61767972836948,5.2072406221269745,28.257845398378667,96.4684619076527,165.65471296319768,0.757509822818506,0.9408635478946974,1
74.7976087219601,11.927089274625182,0.6666004790466192,22.65216260361057,0.6614406452646993,82.08490092631287,1.2821649510605826,51.69746831502076,202.97877079818315,50.370672469141795,0.11797899943702572,0.19392782028068045,0
552.5051295704234,0.9425232463910765,0.1626997438085659,61.39703063252326,25.589022828474032,28.14773024509194,79.5544391926648,215.7540599238212,83.10385218910332,155.46042962878366,0.8332094569102624,0.16167233555371152,0
521.9378172372769,3.6977250364392305,0.5650853124527563,25.285811825011116,38.472128971077844,7.006869572118946,47.71463759890493,114.95918543081629,157.10908644371108,191.4214192000103,0.705619804180144,0.24053508651594702,1
311.30283427564325,43.55370156802637,0.7716269109786077,57.76317543444226,46.739775874639164,5.662555737755803,13.088113855357598,257.9729392627117,170.235430752836,139.35910279286824,0.5773417251963703,0.5155469940751422,1
354.76526144695754,13.295014986483912,0.4988956645359419,35.92087469826903,45.460106810324355,12.037814950553383,23.556593459450127,126.74687662859519,140.68376498120193,119.20603218996023,0.8897353347830567,0.5697046320354099,1
239.40162232207817,34.615041652716016,0.012103116776107425,82.3552226611819,40.98124347738224,58.07685836144216,93.25039530973825,470.2686505514738,85.73807236083269,92.07723513500812,0.7003063538838071,0.22159343043944735,0
32.8569832932188,28.10986059844187,0.009038469079292177,82.06961607667793,44.4095674830652,92.87634212054924,85.9502975624898,452.9719839631323,138.49280201125063,72.88197319908065,0.2016999626310254,0.7566227880899452,0
201.11834498754055,17.187283784380316,0.3570293439700122,47.73503981224013,9.960984291853825,49.674342800598446,70.97850502239726,283.403052505233,82.14374226953909,70.60095019436726,0.42974538107566673,0.30955316940265076,0
481.71206915880686,9.25592679879998,0.926194068431782,35.08191093350156,14.209214785586438,84.29454824561972,48.22252303373266,177.21199599369308,20.1296972524829,127.27454114191812,0.4940428669357333,0.9221313255294104,1
2.7792138027617153,5.46238881717329,0.22867677960360877,36.25597965590946,14.448426246052925,44.588661985980785,52.032362619138574,190.57344101736777,238.27295476464346,150.25462338754917,0.055217626750405646,0.6567227064567306,0
200.09950301468652,27.675583561748997,0.6343636888716871,80.57145256682179,18.85269655008494,70.85835457678252,97.52445352839587,205.92614157224847,30.523788871802616,135.70341389688286,0.9546375133600558,0.4363511943036117,1
238.901216154566,34.85852012870046,0.22207587069332058,32.8179482797612,19.666033519259436,73.18727372865008,96.57704438842872,363.789661067472,17.363612120653762,39.682020238712546,0.12857726079687848,0.7899120017028454,0
322.4373617627537,28.97569140935088,0.3216699896595486,20.9059373706846,27.227766232733774,17.396370590333866,21.526904578583427,225.81949775941897,210.8473798097174,98.79743602869824,0.6974612672267269,0.8179146260466648,1
551.9133698476563,23.863595996212123,0.848042089601484,8.468834187530682,7.993988168322069,36.121605897581176,81.11045663053181,428.3649732529487,72.44031861429482,158.3280144366126,0.5062310360908802,0.29048160560894365,1
207.80759661957674,1.887805054423632,0.7288614422699469,46.66931208844084,34.562333189299466,63.73021565380239,19.72426661670168,472.04739296518227,156.07127377764184,95.14081563781124,0.025632249884422587,0.33971454383608435,0
208.1719211377366,43.58199499174727,0.09539927731321063,48.213209891984185,8.378326965225325,7.069660818436619,21.35374778839514,167.97307668946692,78.96137511893588,107.32465594709876,0.9247474758643617,0.9359551537286034,0
442.500748865849,35.94213862445586,0.4287020209864336,84.09087104029072,15.515424105227376,36.15401877629566,67.60930341645768,280.34724068784004,93.94902499067308,154.22720963416444,0.8518368088189332,0.16474103836327192,0
271.3307645338843,13.176991651543414,0.029169763645264468,22.123869644606398,25.167256530307704,53.479946628119244,40.50010985875484,47.528268416282216,62.90711328403116,132.2530612530183,0.5242579279038355,0.0421504169629342,0
134.76289376398918,44.098664821148276,0.480890146603009,38.099127366839994,39.822028076173865,99.62244930446387,93.15444071065203,100.23452388317949,82.33056139032244,81.86898417647852,0.22894233613944526,0.4540553226095492,1
271.46370967961604,27.084671533634495,0.6624340117010681,80.8405738893691,36.97346166193636,47.45335626224407,8.900973489600883,206.73288335508005,98.56809614077035,179.08254223884379,0.12162289068009424,0.8012099002436289,1
84.51421222787991,26.209019619326092,0.11850262359815156,82.36236107489735,32.276717820526116,81.60567571143235,51.152564080949304,103.10135795088942,172.8998565821623,32.51341373269572,0.3633924794321266,0.7716681063107458,0
105.83219190373399,33.66329307432895,0.28888493890916567,38.46110759787682,7.788663029008508,43.206728506661776,91.85215304431212,438.28024539435876,122.76868661635004,199.10328971806496,0.2554282810460905,0.9195306289128325,0
299.02066364368784,36.52964046405619,0.3978366255021569,45.91240232866809,27.352267280778886,79.6390722619709,90.41136604795051,79.14312802954903,226.45565211767448,23.77051569524744,0.5066912010062987,0.5332006643690402,1
251.35526970272875,29.54153732991762,0.9195310246560497,30.328589084928293,4.3723250899942725,59.54148016201084,15.652921341574121,227.830410776546,10.051294521306122,2.9899942208477803,0.966409296123429,0.10006467156653331,0
548.90754064086,5.764308586479001,0.993255015422964,93.2554878419312,18.86815883983254,88.65954415023984,36.663770009645646,302.84962022993784,120.73639743168675,178.00378022975295,0.5749534932296414,0.5886889743360161,1
217.43633946997986,15.222037769752427,0.044911298995615856,11.864376574158031,20.67582651449796,41.09425523501099,61.912140004669624,345.9319540804222,140.21394931961234,48.99070167319122,0.8899310558900979,0.7783956143532116,0
348.3530101668261,41.76376381467224,0.761007923495392,93.374942300147,1.9905719722876913,60.43044198214788,15.939488477140218,191.53468486325337,220.84727665782574,145.93992548934418,0.6508788374957772,0.0933281202698264,1
379.3585727517182,10.107702532973336,0.37172406640234323,68.38664518353433,13.699404973498591,63.00186806188274,96.80221720457386,434.5495343623643,11.79804566914262,162.20307498641387,0.47524652658720046,0.17265740109758976,0
7.856673953000182,16.7475160726881,0.39245818622948003,53.15721526867312,47.78247336332447,41.73829418004733,91.47493287276603,284.15957553896277,137.63990038445183,171.79727820642336,0.8546075627333712,0.012290661155670901,0
398.12242321002634,19.44345973248882,0.7542649733470227,3.2659060784495875,47.681630391484475,14.431204368748151,16.695017903446917,219.7538902237759,204.8711828467097,198.31884713283335,0.4713681101729975,0.5936525794468104,1
106.82158012185086,19.77322453625035,0.9184264321454086,47.55961918220083,17.616352712626966,9.355940691233556,12.115546126098542,33.62031702601831,58.06265474861678,58.80794200799981,0.868628170510361,0.8867343919459044,1
576.6421904816731,27.582281212253648,0.9509285945025484,40.774810500273226,2.155005447416203,1.66715505996331,8.54084828082653,232.3447342225825,210.31016364574498,142.04866838545183,0.2915767695757653,0.6706633160020995,1
89.19763665186777,42.43841269851184,0.5771225860383208,16.121881197512256,8.954746966409077,87.35342642452146,90.94436640366311,410.36792040786514,4.570418225830037,23.079971656165643,0.12881307376298812,0.982040087590982,0
248.77447423621425,10.831172032462723,0.3571211593005028,65.6409603500657,19.610889671677008,23.647491223869455,19.362380979546078,307.2705091106577,175.78911099209512,81.36185827136988,0.8553144643629383,0.06303365249976156,0
51.209800847186315,5.467561933541313,0.7875490858587793,97.11509073682858,47.38898489846149,21.150674928176805,41.62849285443547,416.0812268645592,223.94717308047672,169.59433866251808,0.5874151637926668,0.9030010851514962,1
598.1245511075684,8.88617204369718,0.25100138326230026,56.218881106452514,7.059953176859246,73.60354004260655,44.8851365652003,247.0058352996528,157.72743879361494,73.53160921182167,0.8890923982489601,0.8140682873866807,1
301.31700619874556,39.911620509417126,0.5640740288335178,71.47532764439458,38.175792183410614,32.00161130873917,59.901104421356756,59.23085254724092,105.36701855530751,118.21907610712282,0.9378272069923832,0.31424152049950493,1
357.2310103920263,29.06148656948427,0.35857846152487316,6.845045256601678,5.434126968734604,50.60446924118366,7.173534374742497,6.819922917940535,10.771443953452327,100.75468874492681,0.053628390371449175,0.9735265518372518,0
40.24588643305649,12.865805515762206,0.6566310737078761,41.76669958169947,49.06287886956384,16.25110652974563,22.675861740051594,151.6097733592956,220.8273151974309,129.19030622240902,0.5009693018588683,0.28793774817141504,0
449.9762822395067,36.717612253587774,0.2403989128935069,11.635848516449588,19.080824955456748,95.97457214619692,93.1490386918926,348.9952357488962,112.87109344597795,194.57887787753899,0.37496454907452925,0.8893047238282185,1
125.94335585735146,38.76164983635462,0.19159294573482577,61.27958355365104,38.7617269449528,85.15814000172374,90.84101072685695,395.1299519708469,6.9592186406275225,11.147105300280424,0.6258583970701171,0.8807485770741894,1
538.8325736644282,38.09314524106251,0.9182390866754371,93.84821582141547,17.129554140556593,86.37896229650033,78.12906474056922,147.8764173101647,165.55705711890286,114.79230350032594,0.7935911972023235,0.7576576166029725,1
123.0837842892043,41.35169401377995,0.1018036829495369,66.17777324716386,31.383443857940435,40.67737485720052,1.9401245618215435,247.82696044162356,115.64094085830196,172.60575585005697,0.28059021597436895,0.5634704738128519,0
114.41263239819995,11.350845907801272,0.5059579077349317,7.680304831442153,9.600804237001837,76.23612137071729,32.70067684961021,210.5594522170408,29.842876186178575,96.2765423496855,0.5567983843731716,0.12000274961688806,0
21.929800708856927,33.97688679358252,0.22085278296300892,35.466620498508284,7.301050964848127,14.387615538978016,62.79587353429078,205.26139217571392,51.425234234462295,15.705437188314564,0.7087285799048996,0.5319717344964983,0
283.2401670659996,20.7242773773363,0.03892996332566745,55.066337944085156,46.903206978406565,0.8619002591780278,27.519021177347568,115.67435660007524,15.477763309403105,112.10787048335418,0.13443108283573402,0.35679625565493456,0
338.90467995756984,37.88993488005277,0.03601881829142639,40.320775613325225,45.88236389522167,1.9972932578028124,90.95866950537773,68.18555251472918,137.83044953005765,66.41477816476409,0.8140669059512669,0.7922170331553517,1
39.42518365701142,32.7820804722726,0.17522177210582734,83.36440104751723,44.37344701064412,58.660173740456045,63.38894618324419,98.34427911560655,149.2870750204822,30.98835706758718,0.6061095998529731,0.7581292064968449,1
465.31657001700637,34.94013509248761,0.8667703545060003,81.46710047099891,31.271672508329672,45.53949052479408,7.19067173164456,27.66619358167305,121.37815160530666,169.8069026566946,0.9495374371136518,0.9106125073726052,1
271.97330084881656,29.527282695648218,0.28247874397702666,61.183102010322145,40.413410560813915,51.801534890851975,90.9005588835703,99.06537091178852,196.10451192062757,104.31990259822432,0.3395289191306933,0.014830162431707872,0
314.63416159654804,7.984294626136809,0.9504591705752957,37.345794513270526,3.4518468455687454,0.7463140417219405,95.77666581762226,4.600448812689728,206.64211711392326,186.65528247581332,0.10814594233719865,0.8091032168230461,1
264.4576481629369,24.526211350362225,0.5816222929891935,25.533637376324414,16.73945209453396,42.268661965742574,7.771241839172549,313.62920031798916,147.7498552039504,161.2033009206138,0.5065012010369253,0.9384620531246688,1
240.4578365251956,44.31013827860287,0.4366141897687661,10.587431821312931,15.68515623785781,71.80681612008608,53.23602348613149,158.18770369384143,3.061555129783331,138.59435875473346,0.08581077170943885,0.7893004491081501,0
335.7841987849307,42.182462992370354,0.5800888346694546,35.4897683486554,31.78226609763066,44.26937019674359,30.336428221417044,486.57235571345433,166.85511737945654,1.0051006730623868,0.9695265233240068,0.1301944598703667,0
93.1441475584275,1.9428181108655251,0.5166983852262678,41.31725172077195,17.797888673532025,73.22192063122223,39.283907648140236,96.85852538814893,100.31981206088437,85.56469132765,0.03868495825719154,0.08127910484088774,0
109.15687829716268,7.416666707824671,0.7587762537573252,67.58229251040736,7.42533908218404,23.30189643968348,17.965121795534188,172.91428515479694,135.73379597433288,39.49725633040646,0.753503901107308,0.02084523980770081,0
517.0713726081103,5.927794805455286,0.28249606597285226,65.81598242975734,29.823353770677187,81.31420044817254,57.807210201241254,178.9205793207666,155.77934448453226,182.15958220977356,0.525102398142244,0.628745225828071,1
567.6692772801796,32.6690959493383,0.3530503916003024,7.0108139641256955,40.719196033454075,58.84312404534523,95.79793532488907,4.225748031230269,84.05678743849842,34.91679693527205,0.3686206524982887,0.6296726518598873,1
223.98558976785176,36.800339843562526,0.8940943025332507,39.525931543115775,19.10617472299866,21.076309942990623,50.30726002716091,419.6039765197295,220.10364124123063,57.2120103318571,0.06584216450865465,0.9869137142182123,1
162.44680388613227,9.608011483980237,0.9464565131504055,18.177886721736193,6.613435754924085,23.672047585383293,8.291458139448116,15.99723007216236,32.15396801994749,103.36735354689984,0.6221669241736077,0.39804317410409573,0
386.39972594340946,22.763371182832305,0.8925582274864745,15.68127053168057,9.834409865641152,62.8030464569537,62.000133347740835,470.0899173646207,161.16283374744899,52.67272379961585,0.5852203293909553,0.33190628489749674,1
245.24050265885785,37.831636260504,0.4194479939573136,82.73021497372459,11.8741652584692,82.99395932124433,34.022299445125704,446.0371755468103,1.0462991895793028,41.972935455824235,0.28088327306759975,0.6244249271843925,0
15.231813396206917,32.976069514481274,0.7803655030068817,4.191521671625753,14.994879649726812,41.56277820291552,85.59251895912978,267.76095804298177,221.9162652972434,119.81986502055048,0.9102217014103121,0.825608672507594,1
93.69155841971421,24.40067424713317,0.4763357333010988,41.91828759021213,32.139753525315456,25.83004291275922,43.467814831647026,271.797787455646,27.000991977141958,17.785904551004773,0.3041100073428369,0.9367739495230019,0
429.5833373084385,26.56564607064478,0.4975398521461022,16.82036557665182,30.04727422688595,86.70116069106004,19.28396089422456,326.88896147807816,22.77221523541791,11.633551744184945,0.44972541059210613,0.8031241661790386,1
395.3543651460908,22.876224611232598,0.20468010905728395,87.9330215678474,34.80399307835196,66.9268291750835,19.110562269114496,193.5250059674435,79.92183193253862,74.44905903721428,0.5437624559186557,0.42667398061580475,0
16.257595502090094,13.389680309346925,0.5911303032585165,55.704051327503514,18.125099226575657,44.80854872830765,76.87641807211604,323.6111416989277,89.65590864937934,144.13289090157247,0.1002318781762861,0.6349142353120641,0
133.18329715976967,25.425989678655725,0.18613589775334793,23.1380636376848,41.199882593998915,48.790019527930184,26.55875983073599,22.384194344243436,51.43201735749087,110.9613516547896,0.9321617192136323,0.856299326716117,0
138.64487795284285,30.99983859225408,0.33156469906719377,50.24272871663764,10.204383057788014,20.42564679363964,76.7233394159223,27.023813674863284,140.42919862250992,84.57529369335577,0.3745361524510411,0.49060968831173946,0
403.13564615923707,39.299531213736344,0.8550302016199351,73.14863597031159,23.452037375907697,62.680263006484395,20.58873107665994,228.61520980977218,106.29938353007125,113.15031284491648,0.08077921387434361,0.2166866437053927,0
11.826322652618494,28.633110929066163,0.20707580921085522,95.81180089194338,40.046936077071514,35.87425105428886,32.16863687013094,274.81115055301746,8.20214136986098,73.09029693065472,0.38729117367532995,0.16972343974787296,0
62.465149190744306,34.25046916694211,0.07115828517343281,22.044600424541894,9.007932386630962,99.56451766743493,46.54869724396994,443.9088201679095,76.71649494127215,187.22926708642257,0.6002025470925807,0.0001577445780567288,0
479.94965122391363,7.2032235729557845,0.0690075926128163,88.61817721293451,5.493155687039147,48.01835152618879,94.31958496934507,52.33031695394813,194.50389925756093,10.980978182154866,0.5136526718213296,0.7182379949812843,1
107.12679723260017,20.770086348890544,0.9407845205031079,93.43041141674902,44.18419838439949,48.58856061896132,93.17314247538246,411.3239635969447,165.52836836684847,134.67829580596705,0.694541974037274,0.1110972088459905,1
391.64766471112483,0.4199228922191983,0.5069204379618346,91.64205445320663,17.146483137959795,56.58517874106719,20.68718754222878,105.02366864603479,173.96900485917132,178.2565329655501,0.05548394206791063,0.24383909969594042,0
142.90966862803592,11.100548903473037,0.40941207181701833,63.54143568619099,34.1935062454516,91.67560031187467,35.82190412430728,197.04182425501594,167.54806178004566,160.77694174705067,0.2845406102720561,0.29787633152279336,0
59.66483565560709,32.69077718008522,0.8108785810079184,62.982065443470766,1.267430213196924,80.08180998597503,14.939938845377231,158.30121741370644,74.633525131928,36.80820696428935,0.8192305768401023,0.5603798601367683,0
145.90331459967246,44.631447810721355,0.835825927910516,40.32106331838228,34.50234442047248,45.113006979784146,50.998507931349714,200.07763643269948,23.91934129842621,59.18526979605767,0.07989368779136086,0.39795727729576924,0
433.36015911339547,4.4630144814247155,0.3321910331156046,75.23978823037879,15.805065577348525,71.8699265972796,46.05825506946666,75.24774903629277,65.39212416794304,143.40958774142095,0.8554859546959576,0.6746739920231618,1
513.4178808637714,18.06724421375797,0.6936180574737952,53.12940183509319,2.787042679372087,58.62354987807616,90.07601624507325,251.78503720177747,199.62847204443824,16.85411183615311,0.09189609207710625,0.05563865932870271,0
498.131918740195,36.00319359146218,0.7711228158518866,67.74380712282945,30.49063807740585,49.23670487012489,93.00053777910726,400.8212949156836,235.31299146793708,162.37233996651682,0.8344542148916962,0.12393919426443945,1
238.3101177710729,9.181603558300448,0.6546506868659545,42.84579038487954,12.040190803658662,19.231577278435054,38.35673910072921,220.76700518944847,118.52328353797472,143.78138892095805,0.3607884010787267,0.4992115035332667,0
400.8510819423877,24.97882271860288,0.15159507480009937,73.14964640431391,19.340362102594,46.39362634548909,49.173794301898944,245.30678794909954,2.328085181530133,145.9213298470685,0.6122090632572158,0.3369647878468298,0
122.99057724949259,32.988208321335364,0.875883083517057,82.4471517604549,4.029040614325679,24.581858702257463,89.62362491461332,424.38379264065713,33.61075491221497,20.048274053518277,0.15288711564799817,0.2958133627513597,0
175.88863815660795,27.719345261708057,0.5390945527360087,14.64362566028161,7.358162554747266,91.48421498516547,80.67078077450614,353.0290573190154,77.29933807590379,143.55210896324618,0.06616872172518085,0.06702807903752273,0
537.8014911126719,8.461113057693726,0.2824724263700037,83.2929715574228,14.898861774792188,33.540681349634696,0.3656311344649277,245.22720425989237,138.86048366230793,135.963625043994,0.21593820402013508,0.8957191747480014,0
7.801154106441621,15.992305590858274,0.4252281854376939,54.029653179030724,4.487975028007857,95.22640145333723,32.00595641835825,128.84782409458984,18.022474993275353,166.1844981643701,0.12785381790869554,0.6918185861250508,0
51.30511851268085,35.27063030184287,0.03757109039890738,84.46659090902243,45.54131323431576,53.30552900947112,42.17742419361259,442.4633734224833,226.40575169037157,8.319191251293901,0.3124058976796318,0.12161815681964938,0
124.7317530876164,24.94019313594075,0.12786680122241756,43.13017063410146,0.3023521591989209,63.15443786761603,22.97162836832317,288.5102008452792,87.62008158825617,4.622133693558439,0.5143832465110202,0.06504595773714061,0
15.91932232429183,0.23533260943107315,0.7655467505158609,37.904048538303506,24.19301094321557,54.29404444893278,19.957161589593873,110.5738050553467,219.0202123019575,74.60141997571215,0.5887594635650095,0.974872533431243,1
108.8612610538784,34.244584201264225,1.1634755366141114e-05,91.50607325172224,6.1623729066275725,12.93806169667009,3.7784506595679668,134.55987631900518,187.32523266168522,29.757656769830575,0.7898681073797429,0.6811725504395049,0
349.8249365818153,1.5890109723107582,0.4165658284822922,25.11692675484013,15.383954473897427,37.5821219007941,64.33697250697605,401.56654446812297,181.30494540373948,111.67689551404439,0.6562398932483586,0.4174560710937415,1
252.85473035549876,33.55802022290545,0.5225101810855884,84.42123252861431,46.30297799091328,9.914611227762393,26.251029048316564,22.07278104372773,145.61269914773567,183.46978030134977,0.608758325129553,0.7017310407557849,1
535.603026646185,9.111625207435683,0.054634420000972295,48.40205725094041,8.084727663699343,62.29540441833817,5.234717843131309,496.04609351441,150.4281160924427,78.29594606680314,0.41178202748577464,0.7563317864801591,0
490.4661370430645,43.11330660537211,0.9730781629723328,51.40954425512597,48.29161598591663,44.68741952004389,23.097931052806363,65.17583985739589,153.12077645189956,168.99007545452082,0.4738084349601387,0.7799622023887793,1
205.09041101872558,16.557333808593803,0.22612533124967193,30.8468281489484,10.289718849471086,77.79849715709368,80.19139528361265,398.0342626984687,150.8931328861397,0.04817490357329479,0.4145208293901811,0.47787730565305764,0
155.65406005877549,14.711922735213559,0.30419871963628087,57.30422006190157,37.078305423341476,22.047048099936983,85.14891816465466,197.38765838584143,132.8947755356067,33.702928691836846,0.8421660300613831,0.429882758124848,0
227.81544490036015,6.699962264960011,0.30394251225502733,32.52111962762113,27.333863244865586,16.45660584293349,48.30662451933026,246.10809164373342,236.73936443589332,6.084707930817124,0.23000045254839985,0.01102808426890034,0
354.1769655088846,13.75218969705967,0.2304166621173499,3.926941424165231,44.22393637983796,40.63322309637678,41.607067040868614,440.3252887322889,175.74973618216706,65.62943610301373,0.0057209315419646245,0.926557115141838,0
160.83818449372575,39.449284282269026,0.001473822086311416,27.199860534435604,27.699662775156547,92.65853832183811,97.78536935017817,206.4555947946066,186.4671332142051,181.63791913930055,0.6513198972262393,0.6033078783889431,1
374.4893447094804,44.83504519322613,0.7293447940879964,0.6379043406590679,26.727960957815434,71.04218150124117,20.05646595880699,268.7468768366172,209.3910756200818,19.39042471979755,0.2024621836388314,0.2031539371899681,0
245.64699131474427,16.573928872808175,0.9668454997992854,97.83547870568566,9.772900018419994,41.89236247929187,21.535928285460848,24.64983120458497,51.7535430542038,121.28195534876008,0.8901151363098093,0.9196034194214366,1
331.2283085111881,20.187478392954414,0.22429348328504506,96.57472098197475,8.311468102582936,51.727216975431055,29.186717703639975,1.1737369337265768,20.112998182814586,90.29918782388884,0.8590463297066561,0.9149319017702964,1
261.67591748119,32.493192219123166,0.6630471918034224,39.5155297472305,45.82445755577571,8.421301117709834,17.275731828108732,122.39993650086295,115.89466478366367,187.6936424731625,0.07672737192820589,0.9891841643660959,1
176.6794557251506,39.87881012092836,0.7418963269587151,72.8370854339646,16.391909942501705,98.4575896376113,37.93655982041866,340.29154645938365,123.37936694862556,24.503828507418767,0.10638840541407735,0.8740565631389788,1
569.071984177294,26.686995038405286,0.8484253790905247,34.580609841042495,18.604112748144797,66.6407304694919,91.08342269897538,60.63244667956835,199.00362718798024,42.405570100445786,0.4951715922466663,0.9977843878200647,1
458.1634764958565,17.61865641800232,0.4226291970136091,67.1093157085976,37.99118292141942,28.540406846342247,61.534784062857426,56.88097940227471,106.50805902776057,5.908393722298655,0.6092226627693547,0.24468618812327259,0
84.06790545987153,18.56798283818807,0.30293090564042924,80.54300430459791,16.941174121140367,58.58083942152443,41.19465486122637,205.48030401795165,137.00472613063505,86.78704992627475,0.27490833748224075,0.8422495851992341,0
521.0807855387477,31.302816592356308,0.3252951340230311,94.67562446922408,47.60312233195014,10.948236606899398,93.44107945712148,323.91851930411326,126.49702524323,55.566579912930855,0.7167977166993706,0.8230283087957645,1
292.4587189497082,0.14482186219254067,0.7126213330985128,40.0212275849672,36.89638844994001,96.58366688075836,4.846423247582232,356.0359961239653,9.168668101773854,173.98118677806417,0.5949160209188715,0.23094035922073375,1
536.7313361364548,27.881520185692832,0.816779466505636,78.32979829560477,29.871462128671,17.478498788336594,21.027617790186138,89.22533704918739,147.65157518325935,120.988162639551,0.3248241097485547,0.09843754900099078,1
479.91315356838913,15.997185469861083,0.18161396775660266,26.59284506321188,44.04475802723763,64.80303180552141,56.5888605101759,39.79407368602123,198.73038858582055,122.81814759514033,0.025371488042315593,0.9794205136775996,1
255.12810268154007,35.73887990746879,0.3709410081577652,99.03323037936484,2.480295417474138,24.545446253893044,61.55526231931792,470.1985169727721,37.800131538192915,106.38213937626048,0.7501502812985177,0.29602455152061036,0
13.481584992070438,4.184578792040947,0.90194019674915,2.5769598764351143,12.853134609460437,71.75613826485358,3.9557506562613143,130.33319128105086,142.63961614238298,18.3700674458402,0.2147536658250827,0.8708917904678061,1
161.20641563096765,26.469102012677574,0.8066935196947392,60.3528806501121,23.251816711045496,77.68213672402811,40.30387579071322,426.6732488043619,142.46653066713944,89.00373674507105,0.8344737434626284,0.0041271546746038945,1
324.98052879652016,21.64378004487557,0.9848584027624758,65.95059816513272,11.34892697357605,67.34197289114327,64.91539648308728,431.74572523140915,39.404391373526096,199.9010379417033,0.4202902600542552,0.021024807219602204,1
380.08693189568834,28.904648665735234,0.7542482596820808,68.80455570741289,37.195259365107596,61.44994602551925,69.80705464034016,386.26129588127225,29.631257695376647,167.04585816920297,0.5770774426317654,0.4658713086963684,1
154.73261125992138,2.9184117517335757,0.39319520102792227,12.038757878908902,45.96040155268626,89.24690939520117,63.813990251626926,84.41680332628503,235.21246631435636,178.69181083342318,0.8729487304090019,0.23871468393506357,1
83.61364444369448,26.099270434265907,0.5906378339946378,93.85297834731304,21.18850599654617,7.862671098975804,32.05632243609246,410.9007296271002,94.49260071672902,164.6452718492999,0.8636230009199534,0.6898412834359643,0
500.9581420795795,25.266806458178568,0.6610142542473203,18.11832790500828,17.10663000559475,33.09147657801952,9.352012359790951,384.6252796207933,54.58121489364703,20.608338686196536,0.37151957524357326,0.5655643255679543,0
590.6413084221313,25.229704248727693,0.07845581631712395,62.27534032398411,48.07753660687831,24.828747963084595,42.71124464193341,298.36149505310857,41.117890669049984,45.48965081295992,0.20888889271484312,0.07748579745049144,0
315.4141093816115,27.156944996840465,0.5444969591038651,22.267607912308495,22.242621641377042,98.80139620654217,12.875443736805547,168.60101758447638,160.22441125997642,0.6243302712819254,0.7751460777285947,0.16262829631571707,0
103.0075715089821,30.4410571751863,0.7093208284726096,30.72164170212709,24.45242002246416,38.93897796668735,94.76236585206671,131.25430213327206,146.26687135854692,60.702024975622294,0.4330802036021312,0.3880492700584143,0
163.38439591162137,36.22450498563464,0.16732130400106038,54.645854172812435,17.582493617095267,73.26126992403988,47.51708660226283,60.94460604017948,154.4525095169802,21.721480469298516,0.1920419935590041,0.18560406395543316,0
11.03440592848004,12.141932405769646,0.7806317174255571,41.719341856457646,45.477423650606916,68.47251638810046,31.725917435686757,254.8785334504357,21.12144660274854,94.5586690603166,0.9044253423171502,0.7922223472439286,1
548.5792839362994,37.12722345810279,0.5837727805141116,16.02256009765063,28.447774164092536,21.208123747737773,76.63040711189001,292.63043775492326,214.44830003962488,135.4254977147804,0.19810419424108738,0.41607023555328004,1
70.65064973408468,22.421505701855413,0.9522217856975946,17.093640242084827,38.10872935908223,23.899768021155133,49.79485925822639,179.6694952578936,93.4239352341716,174.9010590076154,0.025807168191231078,0.09343186684249927,0
345.90988530855213,3.4676225610449025,0.042422298206891695,41.814478816279966,40.590335917544316,28.12845635530341,31.003402401245005,237.6795338404343,75.20865754328591,149.84343301817964,0.020279973767419968,0.48434290227212484,0
164.4331324123236,2.6347918159790638,0.26532613755546697,75.72829782755008,17.09245209586291,41.112727825937924,81.19677423908017,181.75722868463333,110.96674733945741,187.71711915570103,0.6223153564542643,0.09083818106141417,0
332.506801509476,15.040724341322736,0.6015538792998241,89.79646468477885,21.684716566019002,23.43250656505268,86.7152151001122,320.50302866035065,93.61585577943077,10.779658078757759,0.6616750607175304,0.12893730541981718,0
390.8522330111185,35.32036397001604,0.2965599122059307,8.412766225938284,42.423588720313234,1.9651482746847804,67.3008166288677,450.6296038982817,207.25848075339502,2.435967083308288,0.3110417050569839,0.2396098320282053,0
497.845082224321,31.84564206334121,0.7144241640712422,39.310390755940105,18.16276758379051,87.93930568071954,4.6964422407667294,81.96013102347244,223.0226340474941,132.26762276724253,0.3200109892470634,0.8595277052474898,1
123.85276305636192,35.48767341025829,0.759005282521931,10.024556372287662,39.696756672592564,96.5609831380884,56.632288016653206,190.7044049515617,72.8287719479055,57.87048204444925,0.33949391505994275,0.9246125323329719,1
6.597497195088287,23.27710753987242,0.10251596406647445,1.6592480632597884,47.04961612872186,34.15703870315679,76.32949119972817,70.43430197543066,207.34459379038915,50.700203221154624,0.6801585467588787,0.8262577293320691,0
82.13137804128436,19.808954907997077,0.5138544642067677,66.17186826439566,31.16051865340035,33.85068794254729,13.650301208358218,312.471885203916,187.56555108793611,66.17741753875886,0.058133791026828585,0.33407721741784724,0
540.0111851088631,6.635363701782778,0.5088905555910559,60.24494419665878,37.08136437259444,0.7091812774370987,22.867075138460336,364.4352547442979,223.39384136274282,53.95921157847283,0.9291163526913256,0.27244644110883165,1
524.3340465375092,14.76867391241902,0.36928077021554107,16.301911381488623,40.254865602056746,68.02506883303741,88.24951050681365,465.9563662987279,58.98007492461308,102.28728126031746,0.22252104417744645,0.5491556907902392,1
358.447861302185,19.530871477824387,0.9329248625696721,23.38128330930641,42.25198244483212,82.54398957486288,2.0121721853074037,139.43596313048246,138.47019602903498,88.0296894448265,0.9996732052420922,0.7218531605331123,1
360.31011626019205,3.9870193355827754,0.8275063198732212,2.370775364451838,19.752666892839798,14.660830036000316,75.2727137825976,475.1056029327151,65.8907003377067,102.48571027533127,0.17152269378718699,0.9933727881601748,1
399.0220047277533,9.927537872004507,0.6972093819096368,83.49472056944037,2.5631729587999086,15.966634936715074,47.37732925144229,31.6313359103374,197.78267771624982,134.54272230008723,0.7715464573123775,0.13157071187892622,1
105.22276717406976,26.920138232868247,0.7143266357349976,97.46905960485515,20.093813561836978,79.00832499714377,44.677215883960685,301.50693168229407,1.2778057370554219,77.42610179422967,0.22341254492962503,0.049291999023804434,0
548.6471675549759,33.10484014076354,0.4617161438131191,13.545953679469081,33.68781148920449,61.629074835414464,0.7096532494887176,28.566359671664987,135.55659909273507,50.26153742843136,0.08084680164325397,0.694355888995271,0
251.26231493524386,44.92563801268273,0.9209945210965759,23.147521376529813,22.51751928903964,4.486055762771701,81.93982309664928,446.88709388097243,81.40882350526032,33.2401073617491,0.8749333243506489,0.8322257835039055,1
229.88311694969846,41.990099910460096,0.6945954272532854,86.8409523946934,37.448157543019924,62.25469904622817,35.98249006365665,264.90452853502705,77.44408969867686,69.8948239065251,0.8587512591908919,0.8463487798664232,1
311.35062316970254,28.91543397908362,0.7289810616558164,92.64637979561849,17.849121473433193,30.891772284376607,54.07656313005429,334.674175381398,154.77751772758006,148.3612950492344,0.40357039244960136,0.6784635490771607,1
28.17958006503303,18.95616239823324,0.8616909037873453,41.96273828068103,31.737207055201477,36.872515547084596,67.73006863356595,415.7869629552263,204.35626783535855,151.3409820222939,0.7023961425404268,0.9540158041191871,1
99.77002125364764,28.627981411870472,0.274071589342191,5.062247226907413,9.320990242698729,76.97314182968802,70.26295764379158,75.15531124198438,146.2068939343983,133.38107733684205,0.5570659326839171,0.5110047635445869,0
442.82016985582226,35.35432281361044,0.807070903866703,3.93918336928194,37.46847183224784,81.09351926726106,95.59800588260723,19.29578096906692,204.7615148752134,46.805635061374915,0.8529561136737488,0.9138147983362125,1
49.67920075507588,5.32512859155243,0.19524060295649204,57.39498660690104,27.284798440651294,40.03566268398306,53.13399532366091,439.4405729564261,63.50330685144719,117.61724917093954,0.3150559693186544,0.967812136991523,0
361.89126567983294,18.445720036332972,0.34534195224488784,39.2895108893179,10.20321942733003,94.71529360063548,39.97195509744276,157.46661372946625,124.68044514359546,114.1379323153696,0.5236723999989852,0.8471574570031077,1
147.20946580879257,37.79110285360277,0.3356104542698427,2.8652427577654516,14.595558674890363,40.64627179520722,95.37036264917079,64.48945396358263,108.12876937609825,96.8532396219451,0.48537237120455046,0.3097585632586206,0
233.57736842518594,17.27248283698698,0.9785254683891406,58.32523923125568,37.43043542909162,77.18360352301099,64.21102350255211,234.23061854354327,2.7947758807430922,109.99579727677285,0.35390582625685874,0.19621565117029527,1
173.21624206241992,25.734252205223395,0.8565372237479268,1.1302536589022472,24.130061783076034,48.38772645642591,29.81503562765556,299.1530378480094,133.63491435377762,98.35812652473362,0.8914550645563722,0.5481200649818184,1
213.40362987896947,26.44962123879892,0.7011698615902597,78.73719581492729,10.80157201965361,89.7532326522084,12.646424540357115,15.485301711255062,158.76583779508198,113.09127321482164,0.16587792466253548,0.45301475038018846,1
431.4275431105473,8.301431391013772,0.7270567616153901,30.643282270337156,48.36355951851488,90.77612436501786,84.25545014651813,137.44782912854387,142.05945706057682,143.10119092422576,0.14950863952069615,0.877758342192733,1
178.27302937390502,16.300594874352978,0.5620727944025711,4.02580030092321,35.75625099084439,8.741680787108386,36.21816027941516,16.399937138448006,176.70717570802117,21.92563888068795,0.5769095353227514,0.10003167106715372,0
339.8427841781383,15.053007993386947,0.9470906671085191,58.835222098315334,47.85674162698981,93.64933313102257,66.04697213644312,210.1676945977495,137.1214868287385,149.92515042980475,0.657494229984942,0.2577400613115186,1
285.6302413194598,1.1788518839429156,0.49625875288236154,39.76844144330547,21.35525226801716,82.55348415204156,47.08164193658981,447.5500145331222,16.020061164181662,27.17723002551884,0.19461925432456517,0.7517989445187085,0
398.2026992175889,1.088629375110986,0.3805177098698945,97.38004133571495,23.755017034586025,79.13107143126669,19.892977979503833,491.3262057467846,27.946925780330744,13.325599682074941,0.3907174422546241,0.09498664497731213,0
562.0978435948548,37.426366965409805,0.163035336931591,54.41986625037022,44.89776080925096,20.091133968552242,60.16866086204651,318.5237767518138,143.15389861054857,195.2159372442935,0.9465638429787437,0.3207644140217002,1
439.5432583261502,12.288186448776559,0.786205652261058,27.52391810370083,26.252467012269232,80.51192087546649,6.068306895068232,80.81884689229591,65.99500607367364,191.3983537740883,0.246617422690674,0.38715539405398314,1
128.96422715445405,23.313544480746696,0.7344439320755914,70.94388646339748,35.36394559528336,85.01327346850368,41.334245987119225,452.9246949996529,19.114830968343803,12.08730898811281,0.6683607021173941,0.62259379656269,1
18.709881036770803,13.442650811494786,0.3843550385241349,27.149200254271133,12.608643874776499,28.915033445415094,54.661493966367104,258.1239116000302,103.10465842765123,88.65068829499243,0.7401493936975908,0.15813264571936458,0
157.35842657989505,42.330566030190326,0.02519341395922936,90.42432914075651,22.336323435132027,95.22600783623237,43.604697411857906,76.87465605145904,133.0374235400773,37.24898765995495,0.44812869946515954,0.8606044903497095,0
357.0467584201529,11.668354148959818,0.8389973277180107,37.47219705073764,6.172493290517755,4.986014639916425,74.86721752509908,460.86333472583067,78.89903720390558,97.06897942688362,0.937525986759583,0.44754223546627425,1
30.85548809055021,19.33455657325208,0.011417983454073632,54.98685627762052,10.299001793848085,14.990925324713967,82.79249545453125,378.7345253615515,172.9040885341867,166.0354485999175,0.7366567352187905,0.9170217118805565,0
297.8197483207418,39.27286127180708,0.703699779629051,5.0573103824228856,0.04717076338155435,53.75811380515143,77.1243074033178,365.8526363615758,154.50494594429873,190.12235494857805,0.45792457986089785,0.4678699136339316,1
358.1057093501335,37.88701050563139,0.970257109726057,42.61212379522308,1.9632525824330116,57.579247112230966,3.881294781180211,354.5903518972023,79.87640666200127,126.85053069030747,0.569335201776094,0.27504025894073336,0
200.5463344901765,8.374563803082479,0.43766132814820347,83.2363539660995,48.86419115884647,64.51500833009034,19.41287704459722,100.16991054822117,181.16940693805455,70.78113344236341,0.6926134434251007,0.14182882868767488,1
462.5473222474931,36.118948940806966,0.23497340499595276,80.56488053633419,12.117684756838115,1.6969129315466458,53.66075092637743,105.50334585376304,155.68681020792852,120.66511312891967,0.5921901804292182,0.003745094711284813,0
63.95895188026308,20.61840990320517,0.7048710100433817,22.431855885352626,33.165535475200095,96.03667746221302,93.48220404438013,344.1464992136275,152.9868908922965,62.400261221690066,0.8786975838260759,0.5321574849848356,1
45.08266904148526,21.733599243840985,0.8171281420155851,22.60790710105627,41.95498493998058,4.458809273414399,83.49567750521169,109.86137505519844,132.82264818889632,181.96472816641207,0.35688866228040117,0.10715669692692342,0
436.913253722162,6.0065987587174705,0.5464303160778473,81.73053122132367,27.533022961828213,14.306195272340238,84.25345083518016,219.33584840152443,2.733520341252671,174.08009262116738,0.29988574005580493,0.3917277636311782,0
297.2947897237191,3.6270681190706093,0.9670352752561462,93.03984201693255,7.65722500419781,1.401451752605698,30.32081937596749,391.0009127969707,167.16172403445339,111.6463500559322,0.2138388894952643,0.5892717612370867,1
413.0414378566416,32.75726881381944,0.0516687216579611,9.536092127300355,36.40582186680832,56.685843329409465,42.94478970787026,391.9762590489205,90.25002986619755,64.95978307607211,0.037782968064595135,0.2756858969027003,0
260.89640316224774,22.34075185598849,0.5047955983045281,45.005863942622526,30.012570504979152,93.22668839209723,47.070594731593744,226.63088626292983,226.22633043807733,58.67793511659567,0.043013964380055336,0.17522429236611525,0
147.8412199434641,19.65828161768308,0.7184539473225501,33.745427896422896,36.562529467368755,66.59471660804643,15.737158334991042,396.09496913762257,196.3163450585293,6.683598941011892,0.8700551931092828,0.7747216226093416,1
491.4613906045198,32.827870289357854,0.862640471149179,87.06884554574394,38.48733114285436,82.26574684804274,3.1068130244456316,419.3108980990284,141.04667268751493,163.16417020505904,0.6783931464059073,0.9467911722816206,1
479.64952738138754,34.44808045459994,0.17925561190779005,8.352491468001876,48.770518384237256,1.3281203458580082,94.69028994605169,327.3878756421301,60.52367563662466,90.07664260780159,0.6605324154364861,0.100440417861966,0
416.81788251265607,7.15086754512091,0.8000034817636814,21.112594255803742,28.6781640013355,54.20152984797261,24.07125856635067,114.21292615421008,48.89217438663998,65.02658568005289,0.614642818934886,0.15559032438500786,1
163.2870823379776,27.46013172649386,0.5527070757185453,75.24683375864943,17.082055634530093,45.95629775055219,23.99489037236313,137.00589019277376,81.6923610426118,94.22207099955078,0.8492191446941049,0.9600126572527187,1
354.13840012145226,6.090933702495849,0.3965536819899632,5.129384898121558,32.42322784501185,49.8967944220793,8.337905376875954,157.42057770436767,114.37630645920444,163.7475980909304,0.48026692566562745,0.03778422181224628,0
216.5843381640161,33.81187887130706,0.13171502857909356,49.25353807142893,3.4220354621313067,7.221318533518795,92.85077519437786,58.402053866976,71.05572240934731,24.922841541504237,0.8704108285583003,0.9776323365504722,0
54.94924399598049,29.562982032021278,0.8652957589089124,44.210703467972,44.86986591607931,68.44353610693075,57.9737114939772,136.57981018497256,123.58307889419586,171.53119764836546,0.35944502618223917,0.004644483084988771,1
550.3881452773456,43.04765794875561,0.15727320817971535,33.44011789887487,5.969050566909839,50.322041485863444,66.70368571253539,104.75961215626606,39.688902123164624,179.5017670216708,0.9267075043390905,0.8736686556513313,1
82.09117855137684,3.1031107360389534,0.30978785920909924,39.457231531892376,16.392141894290912,76.51488498612639,91.15768872630525,227.66437490430107,234.65107507812,189.34158300677763,0.6986569800812401,0.3073251809877495,1
570.1424122924815,2.567462451806444,0.2900455319624369,52.99405869302329,40.787269031306046,48.52906340617154,34.56201689007895,454.2187739361325,25.90189319159853,79.49759848452555,0.25717713602442727,0.9385888581772965,1
267.60346377477345,12.698418361194006,0.8714140341908543,16.136735838838312,29.865618916535592,14.938163622643208,62.15073111380841,52.24015837697904,223.6665935170493,43.42808080753437,0.5640849216886251,0.31694528863558546,1
