temperature,humidity,heat_index,duration,air_quality,wind_speed,uv_index,drought_index,precipitation,night_temp,target
35.61810178271044,31.10797573031718,41.542642093397646,7.054326947880082,135.7993817425389,11.809065608323262,9.537798678544753,0.03879945472888746,14.405358478947912,33.70367017104042,0
44.260714596148745,52.514056842701486,41.1744699768,8.170132574722352,170.81484939499796,14.203069781250642,6.206704534736163,0.18677252823112933,13.745660088262554,27.88040722729247,0
40.97990912717108,72.37675015258449,57.65636451302592,3.254211089132491,164.02413946852386,25.63642179606541,11.106761943483704,0.8312458050899425,1.9150839732671532,30.873654077541268,1
38.97987726295555,63.93349318457367,41.238654996237656,6.6238668964629905,73.08498570406606,10.200131581796764,9.29181367348469,0.7667683563383357,18.451448098116,26.540724469588817,1
32.34027960663655,68.39366887168698,41.798743153215774,6.145713848293738,72.38742046122108,26.08949054436514,6.100427184898679,0.3506426914571469,11.369444043136392,29.45051866313657,0
32.33991780504304,59.527002002643044,53.98495656044909,8.495473391094439,90.226155161737,2.644032929300745,11.736366402368448,0.3768106277742125,7.274510422713685,25.10863906131678,1
30.871254182522993,61.53659387107115,46.2434960612635,9.154783544331345,104.16120895115557,23.30395311625892,8.628558243347245,0.5335544335535795,15.130771669906133,24.51738529678168,1
42.992642186624025,70.95173909391916,54.417763923879534,1.1094109432964814,111.26833721127238,25.42642899164209,5.510289163101585,0.0002410046851345493,5.147309168032681,28.673446792542705,0
39.01672517614813,34.98008053155115,36.63415393910963,7.066179271529134,151.9545825250018,5.454529585120163,9.38783033090547,0.24124433603802786,13.870196740926408,27.471945112759705,1
40.62108866694068,49.36549781858843,47.189279841834605,1.4665221920775613,58.50206482487531,12.910395971166013,6.772392349089672,0.20823180860821444,0.7942241514449444,28.693045537249716,0
30.308767414437035,33.27256650917613,35.84034000458207,5.939727985696203,55.200905633909954,4.964993239909669,10.625854163141117,0.25048294674976346,16.78816075218544,24.299908719305343,0
44.54864778242992,79.26008047979883,36.566330086383864,3.588694561393104,108.78658444158636,21.19812386982653,10.724754514963333,0.8059058425334413,8.96341694042637,25.50436747725493,0
42.48663961200633,76.64356038119679,57.66093633361027,3.760989395699271,154.57455382069708,16.060433041849702,11.852631490982633,0.27967385654644317,12.733858287158835,21.25846940943364,0
33.18508666017414,22.365608682110356,38.48113427793988,4.176626531071209,79.01530144347238,19.059700401249632,8.513086717171525,0.19152132205014816,4.424756396133674,20.784145584083085,0
32.72737450810651,62.33451035094131,48.31051705688043,6.591632041446491,146.22567218843776,5.894609008686334,8.184698158094161,0.5042634607930315,13.541474253168959,23.801856945095246,0
32.751067647801506,75.51489904493995,45.27739006501766,4.006449691018923,88.97422069104492,6.352375861572586,10.274329238125365,0.8656450363727319,15.444805517865532,21.113702889958187,0
34.563633644393065,30.83452070764001,43.683583156471066,7.594291455312524,182.91291632202746,1.244919765297191,5.927294594393486,0.24134970383749987,9.464263737687975,21.55662062952111,0
37.871346474483566,54.07671383315777,57.49583364218181,4.640746470164827,184.35349163999248,9.662026055871891,8.828408596551869,0.0785362427927987,12.354538481235886,32.19392608090906,0
36.47917527963173,74.92929785528251,35.54558491938724,1.6151788027896274,94.59308064219897,16.79233984001025,8.823733200915957,0.3564047358496647,9.126518476447972,20.58310545525034,0
34.36843710297063,22.03675871514793,51.59474215438973,8.053838582356965,84.49906309448608,25.738047419919862,5.62631185967271,0.7476518245649778,17.88182738515691,29.88414190902114,1
39.17779342083569,61.84521603481039,59.08486085533876,3.571824921334354,111.69559580993469,20.00782342376042,7.925888598548395,0.5506905446947946,9.957383610286383,24.088366232231007,0
32.092407909780626,37.840940442353045,49.00420458654605,4.894901916393364,86.0797377770223,13.061889701992543,10.972993589970415,0.8167933695743474,16.83617418057638,33.0731852106219,1
34.38216972802827,75.46377172259182,58.420561550827294,7.168994948997113,150.85757649375554,28.593603431824135,10.993075353962622,0.959592147609234,16.02704116540497,27.274884268662493,1
35.49542764940537,78.26349470992207,36.3064469821506,3.992105414338408,173.90970268224282,21.577356017274955,5.694663654437767,0.792662476751617,8.21009642696713,24.583646889917386,0
36.84104976325554,76.65598934680604,45.469832976854036,1.5092709053204407,150.96381963668256,27.9049560858765,5.635046179234816,0.6038030788437534,4.6016898371495,27.764584035341517,0
41.777639420895206,48.45285299944783,41.50394477405128,4.365289423115322,173.65256708740242,15.82763919816497,6.838868339013548,0.4933415880523805,8.121642651195419,25.729370285679032,0
32.9951067323754,71.72255905935882,53.270524124518246,9.50003724424873,109.54882433112112,7.767128243794188,11.123362437877955,0.04006908634826667,16.524347515504402,28.46451597004745,1
37.71351657620417,70.67296391210422,59.53242726243117,6.775609575687024,73.44754560632913,1.5848005909416596,5.9023180955144925,0.9843219788140413,4.552650716387847,21.71799302489522,1
38.88621853293064,39.146028394595334,41.41325156110619,7.043312338004863,160.69264210963883,21.782545544515514,10.039977618392124,0.3834811225750425,10.488726917154986,34.954857542188265,1
30.696756190799967,69.73492844904064,51.35436503685186,6.690539382738758,104.07117577123307,3.6390899401660235,5.708159337291723,0.1522282139168668,16.12193495921495,26.383338165450763,0
39.11317277852157,22.220458082929557,39.9524408189935,2.7909292506349312,150.69062378436988,9.083253848159016,9.361964976234777,0.6667088553964567,7.069549502567575,25.223459595610528,1
32.557861855309376,55.77619270892318,49.13325636429025,4.765004776920521,90.59659129726485,15.974127236516921,7.4924710938340136,0.28428828909545933,12.844192740053948,30.653147724743974,0
30.97577389477919,33.80053023726218,46.598312167208405,7.758458185269864,62.1844452210009,16.93249763339243,10.522397740761068,0.5857782709310476,4.912631480976291,25.458491097429988,1
44.2332830588,27.234013146636727,59.300133240788426,1.9123560779784323,198.8872693231645,18.01749590961408,6.635833141777545,0.5867679078445912,2.1855889073631984,32.49911457543136,1
44.484480496118394,24.61719209775255,50.213181817411666,3.5006749848074104,73.43022618958989,4.987659910491019,9.474412805729719,0.44572982090286917,15.887684501857127,26.81406086540638,1
42.125960221746915,61.777326552688386,43.73765930217047,3.4868719761926825,198.26314909452216,11.392122144649463,6.649777742031194,0.8361186155450426,1.9793724681741365,30.793376198981523,0
34.56920653760056,40.39249782608397,37.85239462219833,4.888170348350554,196.5919898849671,18.515826813509,9.995621981785076,0.26496706155544303,5.427627901591691,21.611798246628297,0
31.46508171009576,63.48600629172569,38.78117071837336,9.823318668479665,169.07271558620596,29.094565939013542,11.11574624192524,0.44863259161773417,17.1021884399488,32.691787783326674,1
40.263495397682355,23.921380447936542,40.63292324878088,1.6075229201543975,148.91344431229965,21.82893413099066,5.8876125938873205,0.5376921285909715,6.929385741573344,31.03576980167165,0
36.60228740609402,38.91742026983662,41.27416653350745,5.668308949425355,136.6710575376627,27.678112712818734,11.066169820168525,0.6636247207672996,19.46090699028322,23.175751676929487,1
31.83057352267168,52.36947754252023,56.26540144602845,2.614282138109894,179.9152318066752,22.866361749425312,9.155026780900085,0.7839718505055895,19.594686695477193,22.1792901461868,0
37.427653651669054,67.44338989033781,49.03056970706312,9.736088908687698,93.4159282429232,17.751509066772012,5.889773436069168,0.39480728287825606,5.365520409071134,24.744385230884365,1
30.515827816728276,39.12515017592419,48.08477278435916,2.019731542547178,120.15218187273156,5.760701074090337,7.9927929875179835,0.646046944096596,0.819564444997809,34.64105879047857,0
43.639806031181735,57.55348258622055,37.869221796730436,4.632409021254321,142.90849540497527,20.000569556775392,6.126022054395685,0.15061095306851913,14.101265684107583,23.85247361850588,0
33.881699724000256,73.15866489417124,56.50349233373588,7.6409648635114555,111.67857138042366,18.701386978797213,9.902435222065986,0.9326481005424786,9.019730052966874,26.8419081341995,1
39.93783426530973,56.951791290938274,53.07035758021209,7.340989852247008,114.1229681135402,18.074075113717992,10.312076940925648,0.38305880642100354,2.0150568791915258,20.450303385760044,1
34.67566614134117,33.97756848521803,36.69170904750004,4.8045577320453905,99.54270012531266,14.693576039647223,5.740575641909593,0.7295214219764384,14.150456379560856,25.95841294349349,0
37.80102031766716,21.464046893392283,52.69587743074422,4.118717511574464,134.6347725026804,15.859698119678269,8.54297896886251,0.020341081882177647,0.6234981822384245,28.569800231496544,0
38.200654190149194,72.2059324340558,48.58845543356615,4.578511406975835,177.5861792022674,10.033275813543122,10.70237539218142,0.205187142904807,17.403933809844844,34.29686918761948,0
32.7728168328829,21.27616465102323,37.04313364366946,3.3784863684277537,80.22925670094693,15.579380779269096,11.553141290856976,0.487082544323578,2.7730505822660745,27.751040674100967,1
44.54376941646838,72.48210036105196,46.45751603821641,2.847996448361198,190.1649558130162,5.926677170354347,8.59462506719239,0.8782524677323466,2.5462375749345,32.28660989266532,0
41.626992350416714,51.73622804163272,47.11740717825117,5.34735727803001,153.36314806223444,24.155231920811303,11.65195456527985,0.5272551499506771,3.5134459593716905,28.206914638533508,1
44.09248412346284,76.34406191077377,39.144363504081895,3.416803804608466,173.49098190200453,5.573308640961234,8.749822793192209,0.929870482293879,19.205327169841333,20.611775201532772,0
43.422410256414736,67.92699414641993,58.64245367500706,3.587154984075251,133.42860389450175,2.5489886966839927,7.759333462199356,0.48379689658279634,13.86338720507692,24.725124127846613,0
38.968499682166275,79.87604663200025,56.24938428701655,6.910804571271013,166.92750521360952,13.087380790714722,10.93742189987027,0.49044909673594994,16.027430709272735,28.63324261746655,1
43.82811352534675,41.04270892710261,51.725558433227704,9.71683598529903,52.43005960092008,19.749223185181854,8.450878973206624,0.11974678850053189,7.95269971465506,34.258909488966864,1
31.327387530778793,66.0312973358676,46.55738902501518,6.432734805034376,172.75706371693028,13.131504748006241,8.303317573951661,0.8026562441522198,6.726254550099111,32.8869553962685,1
32.939742936287175,44.11585481655453,45.29413853961271,1.6928152035846966,56.020828862804976,8.302623958539257,8.432187425868797,0.2469654124670625,4.689680135663399,23.425334212682714,0
30.67840933365807,48.79253721823453,51.27433667877385,1.680252524686603,183.48700645442938,16.745135516713223,10.927495013088217,0.8996124893723151,9.612960566248178,23.301647450287454,0
34.879954961448966,57.65032779310221,48.63579673517263,9.562808987610094,198.7944120857965,10.410070062365998,10.823590791816365,0.9108242203303961,11.03657467068337,23.017594506708512,1
35.83015934534223,72.42062685118032,36.55682764704714,3.6756171127660027,94.11011932651667,27.986030703798992,7.8246399470814785,0.9433101118741497,12.635496873055107,33.83748344453755,0
34.07023547660844,79.04500815195772,47.812566219258294,1.828602874742279,81.54778344286905,27.679354188107162,7.333099019093675,0.52023048910309,5.14237007997389,32.78999229652581,0
42.43106263727894,66.0964048318711,55.160090430820986,6.391401284353434,164.8045045787061,15.071154599162863,8.443496168273905,0.6770937847836443,18.973081618059812,31.62325148379423,1
35.35129990040384,45.066006930040025,46.480996939923955,6.612839004612395,87.95395113803798,9.836519820547755,9.009407568159762,0.7785158800616635,3.395169964142717,25.891026713363413,1
34.21401764531071,45.281420136624206,36.29891443885671,6.836543381068194,179.83435747583053,22.113972418699174,6.668360474395978,0.1310146186504656,19.313063495328247,27.565710564481503,0
38.14044124737373,64.25493809533349,54.65695498460083,3.4066182507178717,65.42638882362151,1.1013883044919992,10.557685593009134,0.6009571949974972,0.29712245015007577,26.96497617192729,1
32.11386337462144,34.32662874609814,40.034094553399356,1.1359961579302753,68.89327945690374,14.243070181309538,8.405379360126961,0.03429790130331167,9.622513836336912,23.80097161339059,0
42.032954711310595,26.62844678788368,41.46552087220097,9.685138325090247,196.87273326509234,10.089701828110005,7.338318838939717,0.4975660833887259,6.667356762331256,27.575420692231503,1
31.118259655196564,41.27732945844659,39.1176588358074,3.2580374112199224,151.07583474050068,27.616076553076642,5.747746950747934,0.1548426816202274,8.982468278605015,20.457448217791317,0
44.803304049007764,37.2343394992449,43.25537662178744,7.084236592472927,177.03308366434294,0.3600908181804763,6.671916122825248,0.1829229259620847,11.41329157961578,21.977155602461888,0
41.58367153944986,37.778487227359406,53.918787642215875,7.3596688289083865,98.64940660272771,16.584446271550473,11.644968202291885,0.3650475666926015,8.71178316025418,33.2988439425342,1
32.98073522301259,34.0164650629946,47.98464648759843,6.490066753715372,151.47256242809067,22.21990743199878,7.135697807736686,0.432437166716503,8.2969370060319,31.27519650547135,1
30.082831756854034,22.525591378181712,40.122031853767815,3.816166547922834,139.13627409628958,14.550539625721237,6.182015025569247,0.6231724245321872,14.65446830826613,26.343026135886305,0
42.23192142682251,21.072436084004828,56.94575195380102,3.439866283876592,140.47251801844203,2.56209090488165,8.224709541584952,0.07442841843851566,13.717525501729293,27.75725543425816,0
40.60286015771426,79.26334338416189,56.98954637378823,6.379014544324328,152.37986893065823,29.173841700837066,7.149614203521741,0.5036917612374446,16.665425640716958,25.549983289399663,0
40.93510752061481,45.66638802415174,56.76446062615017,8.794860702505224,136.30387596936478,15.540312941282938,5.246114751898359,0.18262513025310112,4.999179624789911,31.111698007410087,1
41.569055200289185,43.0595988295809,40.969905284538484,9.52060356031056,114.35935539539989,18.42558732957034,7.262016520955921,0.5739751750317419,12.190570195081271,31.762807688481196,1
31.110669776011356,60.77883696158419,46.28098360452471,1.9531522396338188,91.38840415708202,7.09829348122522,8.80876036757628,0.6374046122611835,11.703895707857077,31.449277853047384,0
35.37698592816409,33.09523327190385,59.62474140352188,2.3934575133794787,165.2871996369803,14.504942553204113,8.86198660413977,0.5567092565528539,7.394756217453775,30.839175872516744,0
31.738035892876944,76.99767103701352,54.30031190774976,9.502626329047716,83.94086450047793,12.874484758749656,7.4959124482382204,0.7382955104783077,9.721150838053617,23.067565080391937,1
42.946551388133905,67.18070086493313,35.679185530638996,7.628817055013133,153.85314592316212,2.246875260059512,8.131119293768204,0.3356092442409013,6.275642866114575,25.069549688607182,0
39.34947190241337,25.364660138735573,36.630114781512304,8.946944423467958,84.99992339739899,3.1848106064240165,11.758625427643365,0.7651065916331309,2.836887952339704,27.047681524755124,1
34.963470372789736,45.0548465470957,46.59828442030832,2.8236937072180885,143.7995254931681,25.124175588563237,7.641439340612181,0.43276708170819367,4.276024213254656,24.961894871414835,0
30.953375254290354,72.74709845372988,57.730505146539,6.288272839984617,162.06174006935436,7.194598566197707,6.807587692819881,0.4841844983225968,2.1102729280240218,31.324103002374933,0
34.66473482573493,76.68392133748462,48.46754494881786,7.310256349757263,82.80708333598088,5.8487481449589165,6.704269308467321,0.6481021272610714,13.661391503802482,24.94030286374932,0
34.87774983040121,48.044090674992184,47.44531270085726,7.121006969022754,58.99149512919624,15.147343537504177,8.20435228892894,0.01835838399922396,13.21454786218303,22.073481301780056,0
40.94409267507096,56.80468335264246,37.63684249891576,4.673365217800283,69.64606144912611,23.062413940875388,10.31664104101861,0.6539942214202483,19.012127431597456,25.98560678072456,0
39.563362070328196,30.02203676552451,51.41950261810735,1.1385540252217763,140.89954509065382,1.8583955573696376,6.441917289319313,0.6185851490721154,14.593568272944825,34.69871649173571,0
43.3081911386449,79.4701175682186,55.552579015005634,6.246334511238368,177.4169609338603,17.304237589147675,9.965072889985375,0.3098471167532799,1.040916775122629,23.388221194003638,1
37.08322387742924,33.90030208300661,44.51050018768906,3.2779138526164786,56.749523185313656,3.576313285217201,5.148048763445914,0.08579428489948948,17.684903478579084,29.182379884148435,0
31.793913689074525,76.56390644810753,54.39029627313319,5.052288215286013,160.12268885624695,1.0938315247685537,7.932530845887622,0.09093544991304114,17.253503258914517,26.494595747595596,0
40.698671808344926,58.97879893954211,59.11191634752029,9.618229135754357,101.19779689250782,1.5823185648665217,10.431055456419507,0.9232237469852286,8.866406415453973,21.065368514739898,1
41.41177572925346,56.46420769273155,40.09416147819223,4.591317858781912,121.77925548792838,25.02492324625324,7.37113069042102,0.6892793212258371,11.717261010558431,27.31814908997089,0
38.419157963542446,50.76131066099052,48.08324077986853,8.55821445997984,189.32893247683484,3.539174508841847,8.946159710117797,0.1271026137707404,19.521566649450378,30.53246492972469,1
41.56450769931841,33.84018870306552,42.17844895211439,2.6968654517432604,99.79572571037681,1.3545409323687585,6.434854629781375,0.35672316930890635,10.646087276963325,27.698299637417282,0
37.40693394546586,30.591681920330494,54.821360475845985,7.052144482225259,119.80054009092291,13.13699661428737,10.193967737883206,0.5924829939015964,18.106436567521797,33.08159095619872,1
37.84099244072991,33.22917254421052,49.43983414702894,9.793062589950491,52.05236221410217,25.319804158260744,5.365953722881318,0.8355717050906487,1.6607751562037287,24.334055249863738,1
36.413115275378246,31.18629572865527,50.86456043875759,1.917037907856431,62.23980800072576,7.872251294679058,10.967798514128503,0.04366092871300853,3.821037374173657,21.293737569559475,0
30.381286901161427,66.7750684140052,54.94785399039735,1.074879480044728,88.78873867021761,12.651378525777492,6.387374704951677,0.23663313147000886,8.815098868826357,34.04848417487009,0
31.618371404899566,41.0075155500038,44.89926181656137,4.902245133693529,54.17783612316116,1.1976759769125367,11.120786221958316,0.88974899029538,11.695136166746094,25.672945242923284,1
30.471437785301013,23.470560593803782,57.87725171017608,1.8336293474623049,144.70629890723765,13.472355424046276,7.467704689103622,0.009165550183816484,16.324557037256003,28.6460832718045,0
39.546156168956706,78.14615780844868,48.325721681153496,7.7354591470860825,113.95975352024338,17.32839241911401,10.058785021321405,0.2013991027938874,19.765242302863737,31.88004689195294,0
34.715339716144896,73.02715309780554,38.9488705708837,9.23093797463703,132.2217804092033,17.127211612564345,7.23457708450332,0.959024175972966,7.777029929482328,24.864704958133707,1
37.62856036747054,75.66513699171279,52.397477954220065,4.90618875437883,76.19707788444943,9.972800765230955,11.341381698642532,0.6134018465221711,0.9483127228016985,30.742468072664167,1
43.613497108891394,79.69446935878611,54.83153376095636,3.3284047793989684,94.38980441549242,9.465995419894066,5.886459878628621,0.26167136663750645,16.023430065906496,22.03128274726742,0
33.73938343723312,30.433714953169236,42.919041926688166,4.909629871059488,149.57367122790876,3.1987085680979366,6.249638524908191,0.0669910943958476,12.087614381656163,24.36940620808258,0
36.155743845534445,43.77452113415953,56.42948142496883,7.511030360650009,194.79540854455996,11.003949619388052,8.451210876111617,0.028191340447222157,3.9708571773640333,22.170659542047797,1
41.33326707814573,65.49430854224548,57.65358136914416,1.0814874542233388,57.56251604033138,2.98484006618894,5.573569073267023,0.24474507963692727,9.896569132428404,32.16845837602037,0
33.431972482374334,61.761237083227535,41.92261218444522,6.305085905362275,183.5576481282899,22.99787834136155,6.3718612929123335,0.8814858195889105,14.846204910674487,23.33973852840178,1
31.154698647431896,29.233754380391304,59.58803681788055,6.519625163986412,136.53218019668128,28.988228932445576,11.606364675484102,0.4159136542975095,15.408235741372875,30.761053331078152,1
34.34627179370652,68.94998749943707,38.51778820121896,6.73919422206342,134.58793501334355,29.102233700001207,11.835427628035209,0.720333369165993,9.99236823997524,34.14947595868479,1
32.41831930881007,33.46643431019964,40.05039171006225,3.178198719827895,125.04178028116405,25.952132981261816,7.633815305312954,0.9182850353799578,6.104290602577183,27.916583136033154,1
43.9454647851386,33.42905688935738,39.605620980950654,7.426474510403141,60.40911288562751,18.023764480188575,11.46300214709755,0.4080404616028166,19.47485164076987,28.100437883910317,1
42.12180569346626,52.218465373604815,57.34974275019676,1.8225233769859877,63.4815277604241,21.025970917316396,8.813772729714023,0.19127737103739706,13.267252219129857,26.91550352146718,0
39.50105634765635,55.576396090502186,51.35731380812405,2.7934330282012074,140.13680084886292,8.556174080412422,6.888197261116369,0.5171179308569195,8.164750386925974,24.88835215090464,0
43.07190885281577,54.80517247026867,38.802607080556825,8.897230419890338,101.14378571533373,18.92311260517862,9.91679104756419,0.9080836870598544,5.609264484093048,27.134825463873756,1
42.05508115348672,25.489210243865294,46.00808545920872,7.648508356539097,187.5902099866521,13.669486483196323,9.612312646024002,0.8043744141377006,14.622059660071242,29.042112984001392,1
32.79855088329054,72.64765175782281,50.382450626745054,1.1237099861021074,110.98858060392084,14.460520193307975,11.923877233761132,0.06582984336315378,4.843668911875354,34.78987358255989,0
43.388384977349666,35.93600255532236,37.08660212473458,3.235386343328202,71.49221880539616,22.73329681125474,6.855331011864983,0.6925728000775818,3.4341997794737633,34.06646838977336,1
38.09013362873476,27.77089527696825,57.060409210183465,2.929658346938481,157.2078250253054,8.45755066791755,9.704416518632147,0.5718975224589538,10.596677779241405,32.932294374396825,1
42.111602327460936,73.32488479213863,55.090088386038374,3.437256952332753,94.00301321615147,9.541188350835597,5.364166285206128,0.9074631763464255,5.799747852882837,33.33695803557288,0
43.441369498852396,77.3390898937852,47.63016933941596,3.2280379325189776,128.82054610338398,27.7392537338591,5.7955222708770355,0.12248141685029723,12.5781028984723,27.017737749380643,0
34.77005212457796,71.72765703592704,59.17816538147926,1.5627366616856118,154.6749178257755,1.6867288455291674,5.027428624657653,0.5340361132046566,2.3587734974846697,29.86166490766197,0
31.65077886791515,68.57096448349269,45.44402448187749,5.130464649371383,185.03961668031056,14.569028952400211,11.996224767417711,0.8794626935118923,13.098822091346431,33.426000844043216,1
33.41902743812913,59.3145188383413,59.602757975912446,7.594601273075487,168.82867922025142,27.38402401223585,10.615915880032343,0.410023786741743,5.665930559954044,25.894261474870298,1
36.40661682939385,53.05144223654836,51.69799997009068,6.4605855224569275,151.45416018090862,18.31089023454471,10.507061103134784,0.48199491773286707,0.004858688690254631,34.42643717518203,1
42.27022148883739,25.21920559468461,50.86678183134853,7.055845017382718,151.94497735927155,16.392212226363963,8.568082527017257,0.0704606776669583,2.5387211534835274,26.236790931037746,1
42.910958748845154,44.50719278424192,39.14887238239463,1.7303426068261523,191.888696604813,7.492325376880657,7.100469580338079,0.2781436404489108,18.67230755670188,29.016239980898234,0
30.10428195796786,42.36131102073884,57.0481939576161,9.563416391591085,94.37361462448041,10.298264671933449,6.0588499912387315,0.32450664916894734,17.347092782307158,30.647070699085578,1
37.661209538663485,35.585227025619574,45.68724219801538,8.546426504587224,50.16681412942811,25.561452474140786,6.992723171925245,0.9451224487448869,4.672180640724736,34.258880196139074,1
36.261165047231685,63.4052068213151,39.05583514456198,8.245812866460964,90.7931839097298,16.776543953053743,7.631798553503974,0.28266736054115904,15.567438090909825,23.669244110783993,0
33.331617157060954,49.75254410472625,35.31518799939398,8.406854245375907,82.68370694401159,15.442265812703397,10.29417067886206,0.460868735269652,12.171431863479485,31.191964673579633,1
31.797980510005242,24.862772954458876,48.99389209095956,9.394394573194852,149.27518776709974,2.9873914062008677,8.777632522322067,0.6713044235642798,19.41809422899739,27.812233792161233,1
35.06422757105442,33.21099211698868,48.18499055306691,5.898285695023279,145.05673996482938,0.48084469365369364,5.5423853858883785,0.1621833724078774,7.472113190681182,24.028357109309617,0
44.14364555868779,60.995525819575754,52.983840559228966,2.8025381608086333,139.01920740570858,28.91055566061147,5.126203062712386,0.4864423871418745,13.629212250343425,31.64910259694586,0
34.84804398031133,24.56785156941801,57.256451325445056,6.551052470672871,52.43651648141805,11.30958501860525,5.716325256738442,0.7385390394759076,1.2707144484783717,28.283334202607698,1
37.78185932615049,71.07241484292612,36.985164616075735,7.685933443011451,159.31670816759714,18.09639186298513,7.873490995881655,0.866855213027066,7.924946936328119,29.914607309745136,1
40.54528438342767,49.70879162083846,53.28741225850906,7.6412565401862285,98.52956187282373,2.39145219561855,11.532350419343128,0.6262592746624267,19.27635322376361,24.843516028668517,1
35.454444035689406,48.83519463959888,39.68529860243956,5.693041217501921,149.75839835099467,20.493428571691396,9.461817368464551,0.6690535153169479,10.779617489002412,27.219109277414077,1
44.57673124081441,55.544467079571056,56.4544263289291,1.6161284740022026,133.486764275323,27.977001261178827,10.612781299128606,0.12628347258456896,5.757590066696892,29.260313764821007,0
44.43670942413167,69.48085795550895,55.476587846541406,4.34001644587115,101.40963881418608,17.26995758992259,8.26462216153184,0.9457764972463472,2.405419262572137,26.07366221404766,1
33.77673443738046,40.86855247413158,48.51984387463861,9.286899476170216,70.18644006561615,3.783459671262317,7.5316625823653,0.13257407748448236,14.070566803630609,22.97558809771552,1
37.458727588385784,60.68096915354381,52.75606996558279,6.260040187816834,64.16283464907214,17.451645824204302,5.758802609016359,0.7746729371817983,12.897120868594536,34.42460738472956,1
34.513174647251546,53.94391783974746,42.85875282959371,5.84498748930142,174.72774996683353,22.990416393139572,11.131531155303435,0.2648163217783188,7.478774272075492,27.672013100639262,0
34.272607415662016,36.02169621016528,46.779197473320366,3.419681629439742,187.7596313122337,12.192496097220559,10.48212020319532,0.9335931437012516,19.018827037316687,31.008805554315508,1
30.553304210317993,72.71779918130949,55.54092244276179,4.31604027924921,147.46820701464492,26.395132438244037,6.176826683184076,0.7199595393694795,0.44405625975700636,26.165707903340873,0
39.14346500969845,67.8455612964157,46.481629929330346,9.058114802378523,65.5151172290725,19.460488600720936,8.585823947133823,0.753813712978369,6.074477032636516,25.326976460385744,1
37.54018534843292,59.50711007950553,43.944956633136044,6.998167427741522,110.30408253323611,26.977467548676074,8.411623655448714,0.21905917305988332,18.421389725991627,26.107464477006875,0
30.77218126874984,71.03490374565452,47.3553111812575,8.086483240770995,159.34088001577356,18.705159337420117,9.3756408688057,0.4430399766351608,6.418708766388807,26.13794965678475,1
34.17969696354917,72.03765205758813,55.70623131093046,5.089108807608897,166.9731326015102,3.938639160144727,11.623308257938827,0.6178131945892864,5.045056677103408,28.162701739129304,1
43.623988289499806,62.501778602902085,43.38020118427182,6.672224975105421,67.73279334366329,9.290751333155674,9.058400092337358,0.7699736182066009,10.684408198624947,28.15204804972045,1
33.59342836000459,70.22079970182033,39.3440398283936,3.2354524786888677,50.004607826807366,6.053848447573707,8.78152086745033,0.10395937591238957,16.476034998410757,27.457307238243075,0
32.17342308136835,61.848287700157016,52.80035050826952,7.349147472551376,156.82055688209076,27.264794931505868,5.352260530542647,0.9623653164545284,2.062935217567221,22.021786773761573,1
37.341791404163445,60.80844630561803,55.64945531770205,4.8484120033300355,103.48942639793084,22.81200201862448,5.440352332126167,0.890220670554556,18.860414192914725,27.441132177507967,1
44.78475681165901,57.116682692911056,37.515936963088336,4.98290963333271,88.17219974273904,20.291951067300182,6.311427539287522,0.27034859049558435,15.90145762362328,22.536558506309774,0
33.630829072672505,65.16299837345846,40.99685281889862,6.843900921191935,51.93462046842882,9.028989588948651,5.2272954018422375,0.822760243032332,3.625005111031039,21.89203679443648,1
40.08203321108818,29.516306317584423,38.54929974402485,9.42652559322034,131.04491101422497,5.5213431615064055,10.203470268990086,0.5183239230398234,14.240159223963254,33.98968576011752,1
41.424294229930766,72.85224555193571,43.698535289554165,1.5760571194775883,177.67261031389728,22.693532639667353,10.063312127957742,0.46180648156201864,7.6991744527511425,29.074250197215562,0
33.56456315988599,72.31061166471392,46.25877447263532,8.422689136123068,193.64474694088818,14.22473837637239,5.952393641021501,0.3144341058114054,8.045893561526373,29.892350871868764,0
40.923245229177894,21.75483698207355,53.72065842408266,3.631447993709738,134.8617425919934,6.773686564518874,10.852552305566967,0.5809685866315925,15.665801848777328,26.026905055000455,1
35.516746990788796,69.54900503388576,51.27868962204185,4.9952750905574,127.16919916098412,18.498659344958252,6.0835022439227835,0.7298891177035978,19.255696159614644,33.634713378722964,0
39.48458745890369,27.732192048406713,50.52321418696078,1.1972199589750807,62.758457823386166,1.2100155641535593,7.1082291089815115,0.41093290496275825,2.5331174569438786,29.568957343694983,0
39.50294566141342,40.10713125554851,43.80937366524136,3.7094147005088174,132.33092023138997,9.785107623847605,6.742838294129555,0.6292191930082921,8.412604737576387,31.537548042853814,0
38.03662026112138,64.61049537749646,56.036188827119,5.523681183671174,106.99686184480919,14.05670983773404,7.606149690011335,0.6993129211553037,9.61883216168607,25.528437035415706,1
31.354346550816125,29.645593762898493,46.78217918495412,1.505584696126951,141.07029213253654,4.438750023282175,6.782646361229733,0.7111218170152859,7.5262363390999525,34.40017821228688,0
42.52953743383857,69.07802144714373,59.477623450378864,5.419861564448486,108.308952181482,29.53963432772519,8.422656485069165,0.05196609813118025,7.2637824743245005,32.30691935237473,0
34.81170097457604,69.92805067746451,50.85355345739342,9.343995659725845,86.04486851755502,6.272920937688427,7.851855169482798,0.8597478056850669,1.0453733512319308,32.80922694521816,1
32.79777765599781,50.44806402565017,38.15661853911257,1.948538962970247,64.24479128425648,3.9105939012979665,11.905986435455286,0.45825331476504794,13.710772411252465,22.582914011386315,0
30.61162712332146,20.383152303010014,51.904439051885845,7.879966552679539,97.23776668833436,6.106046216606892,5.39148445089758,0.26241608169621444,8.724288342400907,24.06444811806829,1
38.86339414782363,37.22228799049476,43.127600385792476,4.687039480383934,64.49672514316285,23.071833994791728,5.995269634711462,0.2417645074796816,3.8958760528785352,24.284398995253657,0
40.163465427634236,57.01561510254453,52.15817991715244,6.896563430719042,76.53454262359759,12.765169778155284,5.369781257360217,0.48301411284395046,16.320670046041368,24.063638348703066,0
30.248817433917843,78.87117068164541,36.74102870406014,3.342129381867064,198.10042378693188,16.96247819257614,9.38088836487663,0.8868315394689592,16.051214963032557,32.83112243156432,0
37.68139587448921,57.908811621000105,39.37203592939898,2.4354303628722245,116.6155335359928,0.6302747095908223,5.381564941896037,0.3783475816826469,9.727832561777877,20.478271928128883,0
33.39743662796907,35.588214863849586,56.39343147264466,2.444163528441038,129.78076497575248,1.0329392571994367,10.855078161632864,0.7497257467835433,5.96901322295521,21.141499834711613,1
39.677591856141746,58.040342185976684,40.679488925587876,1.634427510788302,181.0427793105823,13.374766494810485,8.583570414773494,0.0968187309872186,12.761854515929048,24.108723059448558,0
32.615496435074874,52.39912278295133,55.9260281310735,2.670820344111187,199.33533507360318,24.499657296048706,8.689053372070736,0.4760567021510618,5.763042715548061,22.998094619741654,0
40.36406607153699,66.79072370906862,41.981902211360264,6.977974464900714,137.40716740170222,26.557166361226958,8.931161553985358,0.9916861403927356,4.720158606474241,23.477894208242724,1
35.80103019450806,26.418838329617504,51.07204775146769,8.935215506591572,171.87107315662576,2.6011970278692065,6.195695944143475,0.770437802792337,14.610293080526533,31.9691478387995,1
44.050949831051014,65.66167415012168,52.35376433774577,8.327131170320456,99.04115365050129,16.150893063030683,6.383832121801413,0.210528488440613,0.806504794419014,28.446898908380703,1
32.0628141621899,52.47599472056662,47.816368828626324,7.166208788870357,95.86159361709366,27.396890588378113,7.231721260111033,0.5014414736979107,1.8953694206918792,20.08655991939452,1
35.11599526575388,77.77952023153968,42.63276691741828,1.9938867706999241,110.40555814918403,11.639182631936592,9.15447491075296,0.23362476364856655,0.13576348047179554,26.43984148556293,0
31.702102818608836,40.51232996232116,40.3161094092774,3.6026870166635483,150.87608940104735,24.886974942851058,6.470824431581502,0.40956092726250926,3.058863729508523,26.118273902755384,0
43.87040427417844,57.95731358803689,35.82973386406066,3.7882618779022206,152.32875338826483,4.010869631983086,5.814322089932829,0.7800840237349648,1.3798001742091892,21.709179041668154,0
43.160090300714714,75.92168633060105,42.5986600310181,3.249612517578591,97.28591519741762,28.06183469003396,11.790818204929025,0.7712248152904037,19.916047355598373,30.142126829021855,0
33.869124415727335,26.150583679440757,51.32906976328208,5.635050937387508,69.9814886204943,22.542699525939078,5.153872703667361,0.22810037790238513,5.776199399081792,30.531457825692364,0
39.899760690512686,76.23370923418707,58.457620461212066,5.819984333917053,144.85943846982627,28.24003178360705,10.618881837352152,0.9222233181548601,2.9853602533849455,30.813398285781467,1
42.25833300301824,61.273143338048804,56.7801120565763,4.211973776539992,69.24887932831467,20.298517006575196,10.516246047025154,0.5925681827648268,4.819925159918359,30.92706418337888,1
38.32801217399194,24.070223546310316,54.15161941338256,4.184102428627924,136.7738762343995,10.90211795998281,7.080498796915672,0.3799242909620145,18.722511430802694,20.000792403984452,0
37.9447586753401,38.057814016808976,54.71118358133246,8.457000381154732,154.01331920844635,28.145435175741675,5.949386312051194,0.5019355807808606,10.403204460487913,34.308812057700834,1
33.62778436350678,62.4903253187169,51.62462258689988,8.10363563487717,155.09172445916775,8.267003289275355,6.0194005269379645,0.6050712534377437,7.296361926157138,32.213131505819945,1
31.396541517088487,24.0410360881263,41.50717143915008,3.770162485126711,163.02081659893952,9.965175661851976,9.882021320660346,0.5598905318457854,17.467829158184387,33.55972544883928,0
43.458236369299904,54.930227610576395,57.67987576764575,9.224095994859333,180.9289132348497,21.02425254005221,9.499646137603214,0.4864050355361782,7.899805410980649,20.234649429611512,1
43.506270857449955,40.752983417177404,51.768307797645846,9.575335153022554,124.99384879471826,22.95948898576159,10.479219719759708,0.5049328040894001,6.700171399153916,34.00788193678609,1
39.49652185909902,57.25493106604863,49.011015774510994,3.9406828782703673,159.53737842943568,27.882104515474616,11.562368206793732,0.17641191042788618,4.145650450994712,32.14682793032157,0
35.08544686573051,22.744522028750772,37.774736730337025,4.1898245391374935,142.8759103048755,6.1440722716862854,9.843491542866143,0.8127329043046794,7.555936478188229,32.55828714438048,1
35.23814361918991,72.29220836914257,46.17638859516063,5.550707380797629,77.99599096965238,23.939941056576718,6.090960755860104,0.5417603199410154,6.333687120338521,21.399310770829526,0
40.88933518305359,78.4093381506438,46.50895678004816,9.470087312803061,53.85344673041123,22.156381601908905,6.704098317357875,0.1310798617047031,13.546079185962821,31.081670433778967,1
43.45665389928865,78.13267131714149,56.61409023806675,8.886874898280805,92.68120785154007,1.913836687607936,10.895356116111802,0.7661571015827779,5.791654093414542,34.39875034463137,1
43.306296363976756,64.97910990457548,48.666205504694716,1.9231116632523082,116.45505595064292,11.61669423630621,6.46514253083946,0.9324439783773508,11.543994928451228,30.178210121272407,0
41.69813318786436,27.805174407837917,44.51001372426024,4.534576689442746,142.56589166429845,8.482963711802958,5.50765621868137,0.9473068992369621,1.317843300639454,28.558421069369096,1
39.630474692314316,65.49579175574135,59.42000821276648,5.9803407077479465,177.4938995754808,9.134712730620912,9.922960378295754,0.36901773241117275,3.8257831339302872,34.18444516623495,1
31.262099474925733,21.47521498752809,37.76801483315789,5.52819225296386,79.43685750592485,29.488406386641024,7.817684488430994,0.13551687356075404,8.148105432226975,26.644056826016538,0
32.424430711419205,21.327413091739835,45.56371070779861,2.7447676114320343,68.83246848477157,19.283322404397836,11.440280367821325,0.5183996266330652,18.738985078173908,28.989403494657182,0
43.47831282790619,39.41661314897247,36.05061687928513,8.729350940513392,194.52199212114914,21.530284733804987,9.551785497655631,0.11260922934922069,7.5450397143139085,27.145074402415492,1
39.09643589489385,49.318591424279944,53.497603019173255,7.092467046971536,66.20668390646107,29.298529119450276,5.632932844541625,0.9339874185126172,13.281482423996682,33.992693320404484,1
30.137955774249445,66.22444506846759,57.951913804978766,8.541175373666231,121.77366051607838,11.316053473729161,11.634995970775625,0.183579627355146,5.101744448427963,21.14127090148261,1
31.522073142990482,60.99772259639031,42.00093323876224,8.72887851414525,137.83455931899528,24.055205053584178,6.809900845481721,0.2527658599511641,2.5406715194646345,27.516795512380224,1
39.95252653662084,46.7541623826049,56.45854191997802,7.735202682991658,131.20616313611572,13.035928899134861,7.360487432844,0.40663652688497043,1.1707320016010025,30.304286620781575,1
30.075923757693282,36.41759997689995,42.30545576154744,4.9528954112474555,62.90482355494148,26.086010154449394,7.815822895784795,0.3831644685591258,6.1082699708550265,31.878598076333553,0
32.41212077126248,79.82747000946267,57.76925404109788,6.494920795138821,58.55403710054291,5.419726239339095,5.358570074830193,0.794662892397889,3.1532205359381593,28.745279711662043,1
38.23100684049879,45.57087813415838,53.8490475899196,2.4432886550776884,65.82251411915536,28.43058531192839,8.475607955614233,0.45631682055096234,3.480208960322484,33.63376616182181,0
40.3784279653904,47.08322145978053,55.122669421035965,7.062808757274169,137.83815258089186,6.56315125232639,5.863229437527046,0.1707682600033369,15.215186167739,34.129871703258075,0
39.779418892539006,29.817429271500153,35.45016389001136,2.6132793016535265,131.65173314514817,9.786615209427946,7.806792286818462,0.2672098954860741,0.3167614188974843,20.964788347903752,0
33.3640396419084,67.68857292499575,59.07025892685065,7.245546314591412,85.06111880551164,22.685767023203415,7.45496851594459,0.509113385187522,11.156202514708689,26.035558093120613,1
40.68268832021304,61.62093354688932,53.16677480175808,3.066383446785718,145.66612127683874,11.8126542469622,10.409880583985522,0.1474539174261349,7.589227611869296,20.351885325817317,0
33.558736312452,33.24617676732562,42.618777384653335,2.0579617013519798,173.01012530834743,18.2463413029934,10.622193581429118,0.6116556756460141,10.130999998170944,24.941249860616644,0
34.88099547238902,24.942862736950563,55.73486662147117,2.487560411286617,56.236843976989064,13.337205032082855,6.073890176723616,0.5657473065511459,11.256604744292058,28.053023269559034,0
41.19737107677037,60.829958124482786,42.03802996037325,1.0179292169716323,124.71949153220636,22.271098112693455,7.5658583116545834,0.7147023163822577,6.267353889145564,33.661923957649236,0
39.74449348570822,59.27067285686812,56.8188459891532,7.468656560681772,153.39656181540354,6.849937571058326,7.613472127222822,0.9377046153793677,5.902177203685706,32.69831483698104,1
42.738351157412666,36.395571619892564,37.81450976029843,7.591609441525412,87.84678906045306,1.7537396171063102,6.059873107552596,0.9122545611011557,14.668036986698114,21.912495900079787,1
39.86419338450515,77.05181373502462,52.59214943651989,5.634400149219335,96.16563579397237,8.997881924191987,10.589174535358334,0.9460756180688313,17.425539762423142,21.395455621113435,1
38.524629050032075,29.063473506854013,48.517461916122755,2.4522652094984534,142.04568544840757,14.229259946052908,9.950598298347963,0.24471559702370094,3.8516326491705577,28.839010081350004,0
31.40512151742139,45.940088062556114,37.41336175488602,1.7519890375962077,184.69029401656053,5.040601565780357,6.332672504079243,0.13156530663935462,1.952375210702979,27.98176958688174,0
35.515737045891505,76.61695521005593,41.04734570647098,1.172160697935583,171.48866304543492,10.64391868969166,7.567053360156594,0.3022767004964485,17.955916127840517,23.99566462145036,0
33.97803551522588,45.18363901556734,35.31010090693287,2.4917335926869866,137.46953286493752,11.999490548807056,5.740635173995599,0.8950851727663146,6.9979092729479735,33.491796268307525,0
33.65984465068625,58.31155685984513,46.719199136612644,9.01769981484832,159.5332576635874,1.7217553106482064,9.397446179651308,0.9720534746234882,11.026347813256283,33.9104961419233,1
44.59515832128668,43.855663877767654,42.53163151900001,3.173831575315136,104.72337053116979,17.499217445526135,5.849603471840338,0.859324951070476,7.190862890400069,26.03917157510244,1
35.89646587000141,36.452912140920205,49.95893710744397,4.188441944954941,146.14482921481365,26.530302839138624,11.901539180374424,0.1100177211275436,2.5160467269210263,33.354538356702804,1
43.3806983276567,79.0386588775897,42.43094519271543,1.9481093603319986,119.92723866913354,4.552287388591573,10.464774522815036,0.9474279980597932,11.786632898954561,25.75923341394459,0
39.46707938995894,44.560040378902585,42.497977787674614,3.0012517427335323,78.49042046863414,17.934240402045422,7.731669847087965,0.423358027350786,10.502817035392592,31.052252477445503,0
41.922169553124725,73.64595222074806,53.579829968290085,5.673021137021846,155.26074108158858,19.942176147325387,9.049947525955481,0.009310290762353679,4.059871183823944,27.13913326321586,0
37.53955639657788,33.79727635346517,36.20357089945884,6.469774147860873,133.4696956023233,12.58004041257865,11.37939271351486,0.4423937407481936,9.037380893045556,21.838747347607743,1
38.65355826939539,32.786282241505,57.57237487979968,3.2081708274958993,103.79323729303871,21.0329276209281,8.878694962770783,0.04606916967546759,15.938950080312917,33.91901301855532,0
37.387765407282956,21.86804497307068,56.30659685977953,1.5195894330260549,186.7008785117946,12.32194630473036,6.221489404785686,0.5438779211611176,11.808522062157827,26.81144890066305,0
32.92864481697067,59.1000095225531,51.69511708066017,4.519295822146588,53.14011767400999,15.139118639323048,7.650923489068115,0.3385540274370513,1.938346541339897,31.017305604836054,0
40.83678172892258,42.11158062342567,49.83053925268461,3.107830338337007,97.3659726874244,0.2205913366328094,10.902014055208218,0.47343493359404876,10.960429944582701,25.50760721646938,0
34.211585436612836,71.86149499037822,57.30756245349131,2.9759853090682173,58.532209666646985,20.751603424040663,9.509491111927325,0.613170360743117,14.054765985791738,20.28321317864352,0
30.364739496471806,48.392594401493426,39.63325448821786,9.638765224421098,164.97909743324408,19.840280368341734,9.555070690336603,0.8688010958178203,15.854068115615028,21.50795538037754,1
39.68208443860752,78.09160567488331,36.97422905477072,6.546704373331517,155.3161181170689,1.1520263197903369,11.067750399819424,0.6619015764719286,12.582351572685335,27.443292192348867,1
32.656660191105736,31.13153094218727,40.98775424773845,6.011905988548863,99.70283281044755,11.047503221853992,11.257811402237532,0.4340488684781807,3.0531632908156747,30.349465356895436,1
44.106878765293715,72.11739007733664,54.86445696750476,4.741975931709897,151.34943533106096,29.370955223750023,11.438548002456054,0.8194278536703651,14.203465331803214,25.021029898689186,1
44.30892865503881,66.59581116750451,35.86675666816208,4.8604990008712985,109.39058392939248,12.622096877058503,5.663944352772093,0.9055821375731322,13.546836921630327,30.432326887664757,0
43.72296585330673,66.25531067864313,49.57017087708724,5.868145034542727,163.43806871336514,15.058362153955251,8.808882013741705,0.11975996643219722,0.4885376588126644,30.47953384147934,0
35.552380503831664,70.68699368701326,59.88593790478275,7.267868263324965,118.1275494105059,27.297904744791555,10.183566648528231,0.5319329775527915,8.234953351804863,30.559038609917465,1
30.231849247933013,65.66143945657993,56.392402345938486,7.319314865636465,111.84195917474983,21.517856275972694,10.298487915889098,0.28451195974244414,6.659004939247466,27.387827810307627,1
43.92477843881588,57.573219297884926,48.03614222608974,2.5452451693490463,190.20948732324516,17.462103933726706,9.247013413790027,0.0470611978769474,13.38824128507287,33.723292251822556,0
36.422762224759715,27.874692660943253,36.59102273216606,5.501014768689643,87.63186498360503,23.934140440232177,6.167511346285719,0.6685466951139853,4.322716246218414,27.337947769709235,1
44.49982228565504,21.951570769475115,55.78433785964275,4.7076228553069175,68.06710099948481,25.930987993679196,10.58194387759165,0.8627707774592256,11.817438459485171,26.753977902449574,1
44.45429965633879,75.2508708689412,49.974462704430266,8.834742696424458,137.68146698891871,13.706642152118006,10.04077933460462,0.16290265447739405,18.26411923628345,22.990712285159404,1
42.7951418320104,56.99901887124428,37.87332492648917,6.682770290965387,195.39827184262683,14.253250947955062,5.602950400843254,0.8124136576239005,15.956047444172155,24.614826310345048,1
34.416733381043784,67.79223745857058,37.346432120583906,5.792536597743836,106.67588205907799,11.581528069555073,8.246668772720634,0.8533957335369416,18.42915472433061,20.63501738777455,0
35.77646592902888,48.891341090753,57.740670485914805,2.0385517796102564,59.30551454431723,29.001184200553816,6.217841796652625,0.9143404426664835,19.5701193386538,29.503029404242554,0
42.76705007275285,27.038491337743668,51.73000657345196,6.450741003910703,100.89579009643512,20.914987628710513,7.362339319990803,0.2652850890860524,0.21340254012325532,23.72803615890639,1
34.75383007734416,27.511147532153025,55.73216998291889,2.054835151122101,125.88974814793377,2.496691986242169,5.126567645439798,0.9039530651898893,12.454825527549552,24.562328817281976,0
32.54239120029139,61.13391723373828,56.97447250705668,4.034859180091768,74.28845099483206,25.888788699390552,7.802309078875307,0.32066275473643224,8.25678795517813,31.56221782496482,0
38.352018936875254,45.818353693967765,49.294308801208054,2.2855776833289867,148.7153327084738,14.416798225088042,8.849138448093473,0.5523380134555028,17.197089806702436,24.90831774742181,0
44.04232161241171,32.0314836020202,47.93615879387603,7.22866282321932,199.6624083515301,2.062617192674624,9.337078149789608,0.05050747083228213,5.036294040182634,23.632938380197132,1
40.440446950124596,49.49567280448621,45.76068525802475,2.8562690245253735,117.76092139721658,16.491517654899333,9.64443241590097,0.043881088368743604,19.620589782301522,22.535866237005585,0
38.550917551340476,23.852536224508047,42.92366469477798,4.526734358692234,103.2092835095319,12.514928369271063,10.85403919171722,0.7203732127322029,12.274159390874946,31.622876032729337,1
31.457647406561527,54.91828411486393,45.86489902146779,9.061072998569008,110.10562502516999,26.332482145878746,6.5082403509301106,0.44447997797779104,15.870748044576619,21.945593869850402,1
39.22510840048754,36.13960426610586,54.34699139325391,2.8388474505907326,67.27192675928018,6.119838108281622,5.843372757069275,0.25629237536921756,1.7119910564553664,26.806306403755304,0
44.85080775156395,67.85354603823129,50.04808577537829,5.570245575629012,182.49104021393356,24.79393828476549,10.96076020328548,0.1904134960249102,3.669157695177301,27.603951741157914,1
32.10126022854786,38.621717535414426,57.313082248871154,4.7734449504941985,112.22384832820279,16.730660735563582,6.09628970424855,0.6699534908592181,15.168073460684063,30.310848690285717,1
37.77494478545605,47.31320894490807,46.08450035947969,1.1631163694115676,108.0911617137262,1.6383090964040714,11.823320569353367,0.00040154402533987277,0.43973044078647217,29.499252234994934,0
43.16059607891933,20.697232394486036,50.177239467968846,8.134823022155315,148.95354093957116,29.15535903976454,10.89776760579046,0.8058911691968542,16.337559717875656,32.16081009417762,1
41.11152926631307,24.346813267673532,50.78268882729972,1.6214131568313976,116.30501313966853,15.378457323095997,8.506136241227194,0.07924960612992882,0.27898037383822905,20.67127150889357,0
40.45523611492902,43.549613384401084,49.79242905765814,5.268295188792583,147.2350203211769,8.726305626947475,11.869949974454176,0.19148961490811944,13.142376781225467,24.446610871690957,0
40.53726125980664,48.796330083027414,52.56584432713791,6.0461046544505495,59.21694351961813,14.082205259677743,5.68163710375603,0.3862363952990896,7.301878404636117,24.202011781630695,1
35.392367268296326,56.001232887158224,40.93583670937016,6.655838109531284,172.05850155833411,25.73573350552467,7.121460328225711,0.4848587397161036,12.229897054383983,22.190253583881624,0
34.4038776639674,37.499754722558194,47.80909443864476,7.197684663770881,191.0755929319104,9.147093731551905,9.46757090528428,0.35499511581394183,13.920628139782274,24.33767380784665,1
42.140417332177705,61.69891316759255,37.605620070208694,3.2794514517044355,147.3148079239079,5.780291894601009,7.450048079312252,0.3207121649842939,6.849504383726083,24.646479712143552,0
42.15170092018771,71.60734383135227,44.612783191120315,1.0898089899260444,193.1848893288216,3.8721374079264437,11.498607863865542,0.9639160120731884,2.159248962216711,27.828266928912175,0
43.006084778701556,66.791059333601,47.191676715531614,7.510992961194208,72.7148471554945,8.935781951706337,5.459382617244723,0.6415796812433943,1.3929173549653129,29.95556718389384,1
43.69860828834707,22.377129520901427,51.30560648863681,5.820909394128208,121.61242842205306,23.401442611201304,8.845882824426752,0.02343295536738821,11.778720451250956,25.71650770417721,1
37.67013598291407,48.830416835469734,58.76327631465509,8.52505932886524,140.2710100918171,14.148790955857852,9.136063871765803,0.4301759084443132,10.41310707468223,30.79205346970072,1
37.522744420307994,26.295810705090492,50.016276663708894,8.392495266106248,137.26049711317802,6.824448110806199,9.56909686644057,0.8750086997439702,14.84402018242265,25.0424800786937,1
41.97442768450163,34.522700951751645,53.58984790441399,8.58993551009095,110.2192668633565,4.985549988292476,6.789663563322701,0.30145618641066796,10.194710200078742,24.354255159721404,1
39.74945896166648,79.19975559602878,47.65665148738007,5.365851939815862,100.71266140493921,9.981884295311373,7.551964992639052,0.09455634477438823,8.448915800617582,28.117820837855366,0
40.52950315886555,28.549732574090793,50.85260078440828,4.002655562531791,69.02360338256283,28.197731186571264,10.905763707654843,0.7583847715899178,7.9617435647246175,20.35574540458686,1
41.93689004154152,49.933289207081366,36.77330540334434,8.124023823322329,108.76136758434173,10.290801377700731,6.364599382791119,0.6060138319360813,0.5289380519533493,21.196836854510007,1
43.350080127263496,57.089344059087146,41.359789521046174,5.061647017263295,74.39912226582277,29.64372227863906,10.788074930213535,0.5703125078265039,6.711144033933143,26.269543153797905,1
35.069927352773036,62.147898232646234,44.04632733012846,2.6509797676309104,160.15485147383276,14.556913672960686,8.938587960319197,0.053576559607407925,19.520403150489884,34.143690670876346,0
35.63374428959916,53.578921009214845,46.812333875162835,8.69476617605327,81.3246403241885,5.374917548704526,10.335312578358575,0.14049900979551733,17.471111524541776,30.822676697651353,1
31.409729097613035,20.58625084515102,36.1412186375596,8.943038890951126,58.78479579268008,26.73420275380528,9.9952515638443,0.6225493962131138,6.587561340684354,21.321898542508364,1
38.67420211494261,39.58767849463951,38.50060243883294,5.196787805261531,132.85492067258514,13.810661194044807,6.452580467694153,0.2078238414588358,11.755908101327444,32.694770191713104,0
30.53913410695113,51.06269860308269,41.920357694782645,1.6812975457880872,139.28445990791025,21.290140305135733,8.98168915503711,0.5040700797484243,16.94593491070988,30.984511559122716,0
36.983970271986905,25.27198994869,59.28831727252627,4.490434809252381,180.7869591920758,29.511347496274553,11.074062069635646,0.5448816860293935,8.825486735001373,29.1641978855398,1
38.13966952061365,41.037615872550845,43.28367517757627,8.231838935163431,136.5472418626523,1.50526050959922,8.024813657613505,0.2835071902709394,0.3591572750030192,32.30439440913766,1
34.298118781924266,21.992186527481994,47.05102645280206,9.115966256916058,101.82212805851685,2.900836793627014,11.766135391563218,0.9484251555414929,1.4902092363728014,26.061647716144357,1
38.86249890853516,24.714709829301245,39.902442818459825,2.8312546824783626,170.45178222894808,21.613702243882685,8.165505700712027,0.8424641068355752,10.207854426974132,23.32251576280779,1
30.457503749085742,43.815396572095764,50.2695017768942,1.6027625082274437,131.04183397811317,8.45475009886416,5.999499456675193,0.7223735076327985,19.388787513517567,27.68035083663139,0
30.560222831238217,27.962945242583622,42.017080387899355,8.896154078195547,61.892042694678764,5.529041908502972,7.726042760543713,0.07799386640940908,13.864190844377354,28.232626333902108,1
42.33900840989487,54.05245089569349,40.17481446096067,4.504644450809877,134.877584046987,1.1808563945918849,11.66191684473376,0.10613001930901944,1.4183238287713906,28.07489558014868,0
35.40285962116894,61.367898148235945,47.91431571114948,5.87584867840807,186.20278181324935,0.6554013595860542,7.23804594537898,0.4927813458649557,3.7872175158372556,28.47610687220158,0
31.90590768977827,68.03520194654497,35.13764497901052,9.71259230845683,109.44689382473308,23.234568093593726,11.07668711906944,0.16071334919098568,15.426462864337001,34.230573773587714,1
37.83364890082207,32.009014654688606,35.19160081623063,1.5990825512280056,94.44887028497001,4.0330028210865,11.168754771773228,0.9782654635294741,16.828795199124894,33.53368434644347,1
41.54990329647916,30.048954935544185,40.476720227546444,6.83486206706886,71.520418552703,14.031618479134526,7.451305670323728,0.15852023402740945,12.353891723771817,33.13575554838409,1
33.237315412452645,26.274070420064014,35.918034062520526,1.6669488031738036,72.7168282903036,18.17690445538449,5.582803606354425,0.487467835463974,12.888463392596332,32.021252163629406,0
39.343357137285004,58.1858149726182,37.70064385326729,4.379220356198504,114.91572265127283,12.850554017065388,10.071905364111728,0.3641210568415054,0.5667490076676929,34.15142160897928,0
31.28021197490652,62.388543589214066,43.47151623346879,8.234330906741022,139.35197362422943,0.8131995700869932,7.180586093097903,0.639386421454098,16.57060519163017,21.47741962519105,1
30.775225817529115,21.895168689538522,55.06464198949532,4.90125009480071,62.09231077544026,23.505045077637266,10.480465299803008,0.12903640888942491,15.765504163416592,23.97684892168609,0
37.97031947352222,76.17273477462139,49.30121608423252,9.974641185126554,190.93528835377487,0.3153967362496046,8.098583937823031,0.4303164280423909,5.180702882066943,27.425839184818773,1
38.1095268241516,23.118277019088346,47.81669314891041,6.031533564519419,163.2700426167794,22.85669683132452,8.39686719639835,0.27470503280714365,14.173534399310139,32.69801739685108,1
39.5614485224731,52.47778011806423,42.33722058020304,3.8904593737235813,137.99358774254938,26.799134813643683,10.445365847239758,0.887751524671688,4.297092128499962,27.577485672840986,1
40.891370005839924,62.54363116705498,58.293842985820405,2.981001933142778,174.26580064084862,12.985197631715168,7.6765433174313955,0.040585712134695084,0.8066032210302598,31.22052109012383,0
44.63778119193802,72.25814742476513,44.92537603092979,4.154684808575457,62.028013521816995,16.066274192933946,8.1018914172604,0.9137274940064593,4.0227308518075455,22.084398578733744,1
37.74450522451793,62.84521592794567,37.17731916989429,4.352799463835957,121.52583165996866,14.309501778529613,7.633333281387355,0.8329941385530004,3.57257753508599,23.7862071946484,0
34.84434709411869,68.10368498418751,50.42666290294503,1.6184230995156488,144.5139690292495,11.676258558703164,7.57138360694096,0.29757071644081545,6.754959934696945,30.976641425565084,0
41.92779292153055,40.367011552568364,37.845959836915036,4.326167794840958,174.2979359177434,26.622736061110807,8.681626038310217,0.7892906546771047,8.368989943509161,22.47101013331586,1
34.062483768931116,68.88950682479074,43.6305785700423,5.178146677653024,167.52043400739015,26.818005320099715,10.661596111508054,0.03121356033874756,10.170777829954158,25.2703390198239,0
36.58457131058454,24.806890783080508,47.68529846794522,7.504639770149242,91.56038745700994,10.074490939246036,7.532378183457961,0.9668655502933936,9.535077510166563,23.97299386720357,1
31.17684572013399,73.68899936363167,56.85556311712939,6.910565362494472,191.13202543388064,18.45209262044094,8.669783043764157,0.5265949425897893,5.413492119305787,25.247925413337178,1
30.380261151231863,52.85554256922418,47.338664508502966,7.378890897062388,68.65187621463055,27.807226864375924,9.695091278098205,0.30328102606544527,0.5834133714814893,30.624860736169556,1
44.43972622016888,69.03786619774962,52.55646915079161,1.0752731368917139,181.27004279317282,28.861754968240547,6.8860761241255855,0.3625832125946771,12.102032444743013,25.517707717142017,0
42.53970180768309,47.13909707109801,59.820420974976756,2.9590065962248246,195.64103744069277,15.268771212661425,6.9426596343167475,0.06640535346049736,7.914896596947088,28.328949839119105,0
40.43961309140547,58.6146617117915,38.28722799744954,6.955158595598708,76.57302848339384,13.584744158529803,11.533891889164185,0.9893495140420392,5.973443147750994,21.498978155816143,1
36.13429416621405,51.58415965616679,41.86828813798799,5.3559043136177245,158.3099096305678,8.360829477855773,10.06474201331762,0.03929194515069245,17.338820856610248,32.07526539851942,0
32.599414801062686,63.89537130531991,44.86440188994116,1.0478212810151135,56.04282781669977,28.7661561957123,9.040306733563163,0.654907123147859,14.934866155963196,25.548329384721875,0
32.34655564006629,24.897798921835374,45.545704463470784,8.240451781886401,110.81342377087324,4.284429134186021,9.534040380944283,0.4427359277064583,17.155310967448845,29.728012385500136,1
33.75364347246893,23.621125039433828,45.27552688163864,7.955286159613037,127.44249487965111,17.39488728143175,5.205096101723928,0.9489162181887151,9.89965589424922,30.88084402492749,1
38.23839997059181,34.82619404060878,57.69027506391387,5.935772466942064,137.0967838864451,8.476508025559166,9.326720758931877,0.24599974030679517,2.6186250425355495,23.144913831675506,1
40.71893884050093,29.5726808067913,52.850816111671406,1.598169931986449,190.39058723728394,8.370248710433899,8.566562112569414,0.5320868239380113,13.924428722425448,33.27012477430025,0
39.90296065076597,72.3070139955321,50.197630352267595,7.8986354457932615,150.8376030941292,12.149057621285653,8.82024775845605,0.48235620858275297,4.121475598743505,29.243363774104296,1
34.19900845418914,33.15283924148266,42.734317946569554,6.253422289582275,122.19169268288555,29.963788074469637,7.515966787815719,0.7028664440501013,8.824593381834337,26.43087712627222,1
44.32297920994791,78.55191534914788,55.59475960553237,8.037639794421633,171.4512554398834,1.648989205194662,5.570317283990593,0.06801023195242051,1.30001577897777,22.735027753673293,0
41.068453750436525,40.213747506266415,58.876512787124724,7.765722931562564,192.57992314316135,17.356254546105944,6.353374635284365,0.19378913002335485,16.50616804845965,34.1345140685181,1
38.31531078767101,30.927074941321955,55.52995706375566,8.227018647620534,53.30992230234363,2.4771647410583153,11.655212992488703,0.21456482009284983,2.5188128209500116,31.326023061974375,1
39.17581119351529,67.38191042854875,35.039127629786826,5.6620725976416235,197.3781908384058,4.63562489971557,7.8608969358965375,0.7381507548416897,18.061950140986195,23.120368440998732,0
36.29400093641685,59.52246653005257,50.91003425458518,2.262920663741635,62.91982085955205,13.186888253186961,8.266782090816049,0.18913869632674007,17.284612045231142,25.065661620863366,0
33.715964842517366,49.89174298718834,36.27838453605252,7.040417260417198,172.1580168903142,15.313803940393239,5.368968528974073,0.5734917638909767,9.291655288784922,32.1451138713211,0
35.339590179768926,53.321813056257874,41.44018050834305,6.584264065467735,92.05021288271188,7.76377225093572,5.2629636068078645,0.2152438205009537,14.887364086079813,30.435164948230085,0
41.36769165696553,63.15210669633583,36.488117508694295,7.6802786847917845,69.82694866308077,9.493713926232486,10.020270129327304,0.8616249500839784,12.388901476363065,31.486764390735864,1
30.215902329446337,33.70728447987793,50.09488632373469,2.5289290544566176,115.97834595707523,2.609010607677992,8.76666264884778,0.9421854544896385,16.061512846754898,26.618016533193988,0
31.741089607603744,79.78003496340452,52.16474783731517,2.754776799102603,146.59348691714203,9.096593515327516,8.560941889513867,0.5184929749422404,8.63610201571824,30.7471439396325,0
30.69003963032629,78.487589728807,37.86219095164763,9.013685654973957,107.14277675352125,28.996753181416324,6.701871712958681,0.3523088842091783,15.716169684887,25.797405842958707,0
30.61093203478455,59.01954118081621,44.59597207612449,7.749800186068637,58.18481124240485,28.34122145017445,10.213255121409455,0.23405777501749914,9.24913634130296,23.168943754072945,1
42.831908760165106,31.972547055748706,46.40591272388855,9.174056398302906,139.9191709488075,10.04634870410955,6.177656053759443,0.049781001523043766,18.819315756855875,29.490155522620398,1
40.55486789070036,60.81369454587748,44.22632554402291,7.8284378904752865,185.3604914166012,17.12561808836285,6.32954320562714,0.2685000761974954,9.727442016502952,34.64020888398191,1
37.11260743630988,24.33190453875055,38.02562501212983,6.374397753912717,107.48230489208775,27.28786173332833,8.224985199437928,0.6542357799453179,9.25238543867459,24.659014570929944,1
31.46751240976502,21.839150132348365,45.47369475468689,6.887194633250863,82.44991664462405,0.18551467922690024,7.003959034783586,0.5336169313092108,15.701437231270255,26.914543883188095,1
37.37423812675249,35.46097331067282,53.779451195210456,9.00215131546009,116.3866018899223,24.320507110127757,6.732240868632024,0.9440412782809274,16.43155383521676,30.110020566047805,1
37.102076561708486,47.75737740435898,36.77519161333139,6.209260790607464,57.25440665731713,28.45108658366757,9.516663511873322,0.3962772624917006,11.089782286423414,28.12259423183732,1
32.59802804865023,72.09635032450282,37.004500352047586,6.691521918955487,173.07313767204124,2.739772030006712,9.55680221652981,0.6938633423283945,3.595956269901508,32.65141693563574,1
36.507774738569594,63.63014418597848,43.86928229589961,2.408290444032405,173.951121642528,4.843430580987631,10.771619488599505,0.4893227474751214,9.35516461915159,31.42614059704274,0
35.9775710159606,64.56239127199886,58.54314279047313,5.265290981044925,138.20006951444427,28.822389083140664,7.923959968810831,0.5125762159242117,19.36145005819357,20.874458057935357,0
39.237751470783245,45.52960006688452,51.714316168072855,7.44757400762289,102.96543334075842,16.12620430921039,5.511595637183052,0.2677743146041175,15.059723860783702,34.97631850885661,1
39.526404763014654,40.75609955281777,51.96674891681412,3.4384842848472887,169.9675046668675,0.42589903415171104,6.915664694450204,0.4549507768419997,16.223252077582643,31.28603680579201,0
30.679560146580666,42.262325779076164,44.047999770946625,2.820287624720814,133.2030537182551,7.728959962905875,11.860038242377719,0.47078499701270726,0.6565099763848026,32.9585497444117,0
35.61918921939707,79.25897382416346,49.84151978021346,3.82444127401974,173.88984628250245,13.498310228065789,9.173810026628914,0.7066425217489339,9.357189252683199,29.767965681430198,0
39.38789873571355,22.40655148474895,35.25327960069358,3.173505651935501,144.7188188874531,20.78726733074303,9.968159593607142,0.9406399991861139,12.932422673151107,32.84427692070143,1
37.54704387870132,72.02188976734692,50.902401160238554,2.934213733327563,167.66082098191958,21.994811344103987,5.051504807377902,0.3293212774825043,16.600653672561492,21.685744623930642,0
42.84734761782484,54.7205245143436,57.83217368940592,4.823657585812782,139.784448982664,29.862645387763685,8.627440125277646,0.042200468581298445,0.9854730716554294,25.216067533389733,0
39.88040447428418,46.31692515137543,50.31433670862048,9.170546624951808,112.12116023234992,8.625335981512771,5.262700602722622,0.4962951255006397,17.048777712837463,33.14631415406739,1
32.444016406221444,63.51545962490819,56.84246483665862,5.563536820648465,193.69187898892062,16.146603056054257,8.984611484640135,0.5444613321491686,10.968018734838234,23.024828169003385,0
31.058531211006446,49.200136485482176,53.09932638665234,2.691283427337907,131.1670737318267,15.99970643578815,11.445395947452528,0.16844055113191525,3.9462794115211985,21.17363147870034,0
39.63628917309474,72.40539428489964,38.01396041009225,1.6927450244278668,140.76342778108076,12.169357783417125,11.778933913502854,0.7604646062760667,6.345104328994,31.821784099178284,0
30.39766965812433,74.04211184067552,57.561332682146045,7.265405306241327,83.0731459122124,5.0748568152726055,8.783868727722469,0.9849291084414916,5.638591035031215,32.53229233464944,1
38.78663371910195,45.30325561240733,36.66109610889437,4.445188879927491,143.84761841409147,29.323696895515276,8.207433636765511,0.9457747170084609,10.617180685769515,22.43978327284851,1
44.10345362137436,36.60966783410309,48.3491868136941,8.396478519268234,135.74114742244157,25.59951559999758,11.615119659739458,0.19710603882365219,1.0337135982226364,32.81518974174073,1
38.632112668138184,55.541019715601735,38.55342809483644,6.935596917766931,77.72575969205374,14.949990848827117,9.715268823976865,0.8753632399007607,3.1707231699984706,30.301516933957544,1
35.82254889309783,74.74180073700145,35.2926652682726,8.166173054872317,58.93806460297156,18.097362680520895,5.454294956768866,0.7044936364116847,16.253860867515648,27.80124024824876,0
39.6493232766353,32.63973134033999,45.55085650319097,3.4475143547660387,140.65389795721566,6.817831606789869,8.260079043672484,0.4538465638069116,2.6520798149362212,32.453752891720775,0
36.87379335737275,57.37799501380897,42.37601769135391,7.231230302149523,164.55384040254808,16.313612111752406,6.681715129250128,0.540610994324729,4.667925389162539,26.288738739784485,1
38.18425183973903,57.89361320555123,47.15001234494007,3.376557862243469,128.51020563830122,20.849103993644274,8.28863025014077,0.8496001749824581,9.067412112083147,22.909909343350957,0
44.12197213164788,63.98678134491686,49.42999716836377,9.451616315052624,84.01589379794686,15.455010851597663,8.188259004044532,0.48013493963837317,10.34241776226661,24.272790149159206,1
35.79153956701161,27.894061107635586,36.09347680772368,6.7273685338003695,149.97829650395522,29.708555117548237,9.075013619703194,0.37320736910512686,15.272209592283172,27.577460274399723,1
44.41785845735871,62.949497880925314,38.07508237809364,3.920606201578079,62.01585899144034,18.340249687431786,7.497393432444759,0.4932474930259858,8.946648533323756,27.969961890097636,0
43.58025962934096,74.54195123993847,48.966059911260636,3.425606760630454,116.2750557202932,11.12921137776507,6.149893146191497,0.5791298040350491,15.797292420710775,32.08371239661851,0
32.93686702183945,30.78098653221452,43.579183829316456,2.718339265644792,74.50501375976303,23.164560828475143,8.526036042129693,0.18907765377834884,12.366926140909149,31.87029085478502,0
31.040419513127482,34.25259949543266,53.229337188736196,7.25176863004355,77.6688576589825,5.1138753474492615,10.811420190420336,0.9009077302669907,2.261994788476449,28.720498358068625,1
31.5116700206614,78.28370564249838,51.3072912147985,2.968440516981346,80.34409237373055,11.535474411187996,9.648085596473216,0.6741869488296138,3.1266287678567717,31.711782250482145,0
30.273327384773246,30.858617162569388,56.14010907474767,6.357729393347402,108.00605855659668,10.408768511327576,7.368575061476511,0.6332689173374889,8.740674508995417,22.876601874405065,1
31.416644411338925,71.26310560217475,52.31232066673063,3.381715242328216,57.67253084305965,12.954212853233319,11.548661159312001,0.09949622618063814,7.937787861780792,20.750967906399413,0
40.24510160124535,49.53667138688209,45.748276934753704,6.9577205031448175,109.66901613936473,23.45339477786179,11.385452998744276,0.6041739381725918,14.870885392745892,33.1045073395205,1
31.067829726903433,34.833864464190626,51.82416555986081,8.334457556864852,126.75611706720512,14.525190964902224,6.465438795688692,0.12096066223849233,11.614742795947038,21.13331740644154,0
34.78463445440642,72.24499407635068,41.884529356385464,8.002227188301879,122.49414274494877,23.820433507978883,5.275923095842541,0.07869767519539905,7.762661620044986,23.70032644615996,0
42.67312966454182,46.71831530015993,42.657837469455316,7.847661978377036,107.41761506045609,17.294667094195976,10.189160958455336,0.5273108956423933,3.4152056690077126,30.42978424436577,1
30.349079036037388,50.88904123578141,54.72462899801983,2.6895016512302687,175.87199121061286,10.26208303972666,10.793271829444073,0.402785534046495,4.536742046509903,26.141719064409635,0
42.217027238834035,41.55400216398594,46.160487910039556,1.7954645228606685,71.79900386307561,24.299362310504172,11.775051961659486,0.5888102701562232,11.51002036938118,33.144709548732635,0
34.227821621600995,55.57705108609564,54.95950851295881,7.290539456386471,125.85451156720609,7.148690116592747,11.228854758618175,0.0892221680572386,8.46877609799585,24.469696919934044,1
31.772472414324845,29.811432355101367,55.56055934170696,4.315124924149162,59.30621254348314,6.731489393993865,9.203743377444905,0.4309830628472584,10.298550177213441,20.178070200040388,0
40.45105748046226,43.46489219910564,56.4390584415321,4.891116037630126,60.67335183168646,15.135087721645073,8.710366374486666,0.17478671504515797,3.4135487060446734,24.50983460841116,0
39.43414270169826,78.16473934011725,57.91588089603018,1.2803418351405196,136.07987745156444,7.825477378862668,5.194887358838104,0.9871000859241166,13.258125046891315,28.671125737772474,0
43.1620802029058,35.48800596206765,45.7746305128324,3.3361880434754427,134.90276373317315,0.27261104853648965,6.726595127913445,0.5611502124351744,17.05077481711934,25.6390756310494,0
41.02606565705828,59.404199872477534,42.97167045802847,1.303087634870176,181.70502692666855,19.448925818964046,8.217303262130486,0.6874368609408673,5.158790135738012,28.023091336381327,0
42.05221395577273,39.511403853481696,49.55496866485285,8.912671953411229,133.68105134901097,15.33281464417194,9.399527300584975,0.3254182806826078,9.830284516636532,33.14897178252528,1
34.230518588569595,66.40838754119605,44.27931058594069,3.190570148966774,193.96865306072752,13.365534434794835,8.900762833228875,0.09473891477934415,19.510546580418037,33.68727581345553,0
32.661593156695844,27.85241964310099,50.02685417000583,6.016034526157073,57.30422725998947,29.00905543854946,10.198451927771835,0.9758708627835366,6.664834811014552,23.989610969811682,1
41.25922127461288,78.18926270471269,52.639646566095614,1.3508138859501737,64.70115271711116,17.13597551888741,6.958368516209286,0.2862590353831832,11.900926898475223,26.932107099048512,0
42.10252108900896,47.22737248301836,52.210125462303424,7.001626521750922,56.60987923555721,25.902947333681535,8.954668253567313,0.4238081851735742,1.8039140040048873,28.237160228621768,1
44.8575771300101,34.16302780078784,44.36382217550303,3.907246111786845,77.791527550031,4.183507086154805,5.616995703735545,0.649863921702575,12.120300049588863,34.236686853323704,1
36.1892651536714,24.40980483980076,39.17150504246882,9.081272682618993,131.19051664125172,17.07619389388283,7.895658665082449,0.024697297686111286,1.7926354660923582,34.97925978746577,1
35.580271286891744,30.185474305252445,45.76323346155519,8.993063700406323,146.8358272141142,26.039388801927085,10.251125830682208,0.8102591305172869,19.184708706476442,23.5311087326229,1
41.646194411129954,51.186436913361064,38.56485360204772,3.92761556525573,56.83777369230032,17.49317271839694,9.853805974003308,0.5365781900286203,14.313253041446227,30.90469807018723,0
35.11205310379527,40.22019058587718,57.25242587959521,9.108648061214211,191.8956334768399,21.540425343810046,11.934499160205252,0.27821718706882215,15.763195762714128,25.670465933497926,1
43.96135988405347,69.73300195295657,43.64693651844644,9.96541906148901,176.32480649755718,11.16130703436622,6.9452378819142915,0.06160798529246925,14.082087215432736,20.121622953293198,0
42.87619127764518,45.85325141970836,38.861493680583095,8.428740977115533,94.49187232356397,2.773485511111998,8.487325094217855,0.16249841547444144,11.794580721529314,20.138787836538537,1
36.43491041062528,34.92285635525779,35.63619399764377,8.60384212979706,61.5781295339702,13.737008853812142,7.306712896417977,0.8950338588534369,8.998255621710108,26.908490113433835,1
41.26306601687246,57.0286991962418,51.14555965716211,3.2410786249818093,75.48306098285859,11.834381725165725,8.084221798414223,0.686024223935891,17.167467595221247,27.32502369506502,0
41.31814311127023,62.40663301312675,50.92255793636858,6.190321589719807,69.0416620632459,26.01180547136842,10.998650909085717,0.24990172163688984,19.13671335086126,20.33854544860164,0
31.54685803253899,30.02251447405699,43.51510416453229,1.6053032257063107,68.49256689484203,7.319859070574167,9.789463526319405,0.06560076494502953,9.980723458081627,30.303911251614537,0
43.5382936001935,30.05715297729906,36.79279722119128,1.8542614313950274,127.78425329986008,29.002026826053243,11.177088339433073,0.6906153123866363,18.63070098310524,24.410050828924298,0
37.578785586717856,22.20028561601258,45.2407223723808,9.990033508299616,86.87711637401004,28.744143594134883,6.424577758323205,0.5724077259677651,11.66665819977035,28.39839652303924,1
42.39686199161612,64.18412090393844,42.78043737658484,3.9397532448331987,103.72095747937166,7.428949292143161,11.113527824890067,0.404519524458235,10.767683737928664,24.51378609748128,0
34.80074401545917,59.828271657308306,51.92801599337523,7.733655208439617,198.42580000764838,10.441558664319615,5.418335919248691,0.36361144919006383,9.089654659107133,22.507014723039607,0
43.432848427443005,48.477852544988835,50.14448123631726,8.259985477241347,152.6471373388017,26.86667222621655,11.220194963060067,0.2168142759291083,4.185755230602397,26.107606078983128,1
35.83802518101245,70.65022693815183,44.1148432049385,8.722209439065063,192.3471000570502,28.998666626883224,7.303516456225095,0.6696112565375176,0.07439321636118379,23.484100471857513,1
30.162564772204476,68.34020917700319,40.447313856374755,9.978654676619408,71.38348325496733,13.30317308508132,7.202113433898465,0.9706680277938705,4.830124537121225,28.022014653787522,1
43.58072964628896,55.12126186380513,59.70089915388979,3.1734683673118105,107.32092122488538,9.629911369226935,8.584620036890648,0.17571524583682585,10.194463432071304,22.9824279542972,0
31.369300151792004,72.09627683079552,46.35004052990287,1.3631574417372974,133.20977049235313,15.782820397546262,11.584831314062622,0.5971166200155034,7.599199045195051,27.626089649669407,0
34.78970456385622,32.350472602206096,52.20685589450593,4.700723661951274,61.5137092833107,20.633076190972044,5.334469552769837,0.4241850557459762,8.969704560052676,22.360677723033014,0
44.25092950576207,26.71517716386367,38.51382418945902,2.1707260284605225,50.62811654419368,8.204235461249393,7.465616825495217,0.4466887217446649,19.61296439128099,30.064620642286776,0
44.25910720406334,36.18497669101937,47.139742491484945,1.2018330024584962,150.56515006953762,22.094195238572183,10.99600392078335,0.2541472801278144,7.005447413386552,31.30906526662136,0
38.60156832184929,23.42521136535889,35.68841799673664,4.243841444273375,146.27292752021532,1.549720713439231,7.772381342048267,0.8251348756614191,9.043658787202158,21.655913513749006,1
39.477558182546986,51.87017168006192,47.63637794776125,8.053644259677128,111.61832149994177,1.4788347829324933,6.394098283179469,0.4852556041472411,2.6703110270563912,27.017036180560087,1
36.7266828296748,76.19634153769769,59.10043517794256,6.095626221025638,123.4466114048049,11.588631154366357,7.973559269319883,0.5434058521982641,0.9591546487397529,21.063075509823104,1
34.398161575470965,22.36061244011058,44.60516782464501,3.8150019028931865,112.31645008881344,10.604195761821618,7.698867510441685,0.30476091279732576,15.508190291849893,28.972736683130037,0
34.92996818054874,27.326594840601608,35.97490031437279,6.889078049434477,53.60075672673333,9.468996461014568,11.407913410266925,0.18180846566694975,11.413663501439572,23.96606446894468,1
40.08777684115557,47.13194169700611,35.77389477298359,3.0881636227792963,100.30574093261936,14.7305928800673,10.333540630201679,0.08591038820282049,15.214096120877901,27.914366852580617,0
41.2856179415652,76.0325010516743,44.69966899867174,1.1294330146487652,76.56233830959347,9.622007469347137,8.535808890208045,0.7141191409249159,2.9972559777310326,27.761915140764366,0
41.873685655887726,38.96936629860503,39.00062341157985,7.8791804779278465,64.7636283652053,5.767737554042758,11.918593967050999,0.19623428168785562,11.436575423653819,33.865315192907005,1
41.84427214191831,50.43408852130355,35.58380240820465,6.613687763776082,193.50806508340247,9.284086472658027,8.256942718931462,0.6900753541887977,5.072849486827511,28.236248338530842,1
31.368091545730355,22.494371543023526,53.90534034875442,7.86072362050864,139.90395875632484,29.247128184307048,5.407664815741927,0.3903764460469539,4.561236338000398,28.744977195774734,1
37.41630457053872,28.900592057725333,46.463075222047266,1.3504421501889905,159.2984426354904,12.333402509845458,6.835920252704894,0.41577480098965147,0.23052028105970512,26.024796886465705,0
30.863381400249665,79.19780737753081,42.23111929931636,8.53407665047587,97.30456148991763,13.341383305750073,8.052493361535188,0.4691774960927717,2.606814471381438,34.23619404774225,1
38.24293323485603,77.90712178616273,57.50207957541202,6.57573580032673,108.97206942410227,17.2963496985342,6.098318369022841,0.3677085081275432,6.185362229993907,31.657788641594145,0
36.62295752060066,20.296398856064577,37.90347400501314,6.070558156413761,85.53859908450852,29.500223052426797,11.632955884268302,0.10061997722259008,2.337575211818781,24.281079354542623,1
43.31556274137449,77.10870712539435,58.89797072388298,6.621526433030784,64.5448506448137,7.248038293072891,10.36794228472441,0.3096318100028458,19.71716880821875,32.66314378664348,1
35.26372518828118,58.34719626893002,42.84916793443382,8.779899221815278,76.85474561623757,20.438463315973014,6.878010402994409,0.6637343606939384,6.172652970479014,26.485945402776352,1
31.756005246414087,72.07509767120132,57.210091807717035,6.282428559030164,169.62710679447287,21.479540806251723,9.135631734625411,0.665784401468871,2.6064789340465633,32.43000715300391,1
32.144875230792536,47.28439133803155,50.07357191198654,6.228553418993614,151.63187077756638,18.219732503791978,10.050144099767003,0.28622430723999437,3.981646256559155,32.34332102440253,1
41.42265947576208,50.93576171475502,55.66768399353718,9.916112413591893,132.03933139782154,2.657350189099322,11.588952502347585,0.46010262655768797,11.75406456682953,22.833052801442815,1
39.27327094974392,49.33079481541521,59.6003290802616,7.810571503617112,121.2634809300152,20.306168274827293,11.171447444227875,0.19344722801193748,1.2808704772957702,30.517116970753655,1
31.516840141841854,60.01185545276626,42.21013594546864,4.980644249060218,188.36514254841867,1.9228413310852643,8.606345582967496,0.21037208152983577,17.248682602823138,24.359644539597966,0
31.26160209172496,28.379075285378775,59.028387135189824,7.366573000296349,60.91024216680026,17.884279486496908,10.422568338551123,0.023047088406607408,19.229993584742946,24.462390049890022,1
40.5145369718868,21.798415392360678,44.73704737256051,4.503074245226096,92.0901219856874,22.18743531665228,8.935013276793095,0.8967465499077446,4.934948413347618,24.44522115320871,1
31.091445095462902,38.47579649547146,44.63779761842306,3.059879162351491,102.49067803560712,6.329096718598512,8.86892723031878,0.2107066650749062,9.001905371817188,30.88352371339922,0
42.32790088935534,62.2808457641988,43.509677606362644,6.371666891989835,167.36387183191817,25.24866022628322,5.803193708367344,0.22753387693646332,0.4426890205899414,23.44739062688804,0
40.59363340734744,32.1112071273769,48.53519018368963,9.353638883025564,198.8771930242957,0.9106141659901279,5.882963606113065,0.2796014326451318,12.81420449454443,20.013587528691353,1
31.220231709628496,60.40594599949504,38.853626079462174,9.362255680139164,86.10057721357296,25.314385909749184,8.706735305157203,0.127408071695429,8.278521161051778,30.7285528022395,1
31.272565711277878,78.19472276643623,48.84278713395028,4.077147502949413,181.1461001205621,13.809871519282952,6.882030814853046,0.6392628831813628,5.401169322031114,22.567771157526877,0
44.799593677517635,25.634042947365103,48.5426203102501,5.749097195995255,174.5934140647687,6.527638197949335,5.14725831722328,0.07514295317758657,4.1367422123321695,21.56723592961752,0
35.614061936341805,60.356127093507574,54.04754531512175,2.904723087128751,83.698609646265,4.01334434981904,10.059874427301486,0.13420242632635027,13.080461553175208,23.5627418089109,0
35.559632206003364,46.62501315827427,55.841249048439636,9.960679985489952,109.89988702988339,28.599215027471175,5.227406176831154,0.6447567265900929,8.32434062064629,25.69850783484056,1
42.19199350886254,72.08853526265032,46.0110337578106,9.830061170811422,111.45093039387787,2.179967627434701,9.166937887728382,0.33966062048144274,3.5931857805982403,27.13859491209801,1
44.208728660757885,30.628987366843155,42.55833123378734,6.845580367367026,196.73310027898376,5.97280259807777,8.774356558891201,0.707947826701189,13.782181629736481,20.66855061068946,1
44.790015957343066,61.55755713356987,41.48337243292736,8.23972653709726,77.13378520683474,10.43467042299138,11.78170283404463,0.557424744670142,11.301445660733872,34.55859998941041,1
41.30067277888412,70.28691737888661,39.865595917621796,7.4359014515533,169.87369566571732,18.607045468833615,8.389491975433492,0.25602117306151306,17.173441098589922,30.74094580129337,0
35.64389378296374,76.6768531684414,36.44118955497562,6.338423971355214,100.12890712596649,16.34403255828295,5.445210054644582,0.6508279504893281,2.349517977529858,24.84791097986504,0
31.25251075048003,60.99488169737875,43.561199470867834,1.4801319729000793,159.63055186642407,3.7693047723694195,8.861815774645232,0.11627368029288065,15.713332038889122,24.78045885928096,0
41.65720373891155,49.83048584050564,41.75619230326958,5.092879082973949,113.00165064434943,8.691839512146439,10.887673194312711,0.5364103830800304,13.47033573634518,26.72813824052689,1
38.376063746037076,57.07083441207283,59.160434646660185,7.073076719506695,136.753964467481,7.162553132580722,11.97794498997008,0.43714810504503465,2.3002187365619564,29.393672341445495,1
36.36333013870465,72.1342990687231,48.9427206562511,7.097784524953162,174.89176599891965,6.406285634710241,8.012402215823506,0.2678735828174408,13.896414597434415,22.195595998834516,0
43.59531577642104,54.23658479832978,43.68192597576269,4.358103565801452,170.6248347475826,12.334330094399611,7.2420911974771975,0.6040049977395001,8.830945777596607,22.833947206474285,0
31.66796223459227,21.82322358181021,49.5116900248424,9.475227879922276,179.96347753095503,21.120943577749706,11.346573078663992,0.8713335923402825,18.899695711116863,32.891518742503266,1
37.38937656436289,75.85692173041866,38.479917533642386,2.5062132901310292,58.94259880169885,6.523587966517078,6.33869490353285,0.9989046997630767,2.8322270123579862,23.843823858336087,0
30.170304671511285,61.37160506189367,46.10109373005507,5.503235015940046,153.80758295596172,11.000366391089443,9.308002405230486,0.6077627687434245,12.85666781631476,25.702924969627663,0
37.02990962991189,60.59080314663479,50.65585803552659,7.217955788957405,70.99810650826443,11.727522805234868,7.840000969266634,0.40470587432917016,7.6396009092589185,33.06907776425176,1
30.84454913522756,32.94050914386303,47.222445794811286,7.2742222530262834,112.37278520276165,29.293695883062306,5.287576554688887,0.2252071002162016,19.136293411817554,29.94721744099734,0
31.782268744021078,59.53312821395943,45.044470016358105,6.83775061091934,132.28826225820328,28.639990706372068,7.431019320139884,0.25709608939511175,6.59949790580553,25.125678190125324,0
31.762893701656573,43.63186433924951,59.84620972249245,3.4775939210667417,110.41092271202461,24.00412748256228,6.856599657518722,0.4794549781497657,19.243718189836002,30.255493185869312,0
39.73815453174095,59.07397862248953,57.00786905372318,2.4058591181795976,127.94175137045113,7.249767624575555,9.802638077604408,0.36727770128070925,18.02971702201498,20.295248230721207,0
41.19067318898135,26.395581818479442,50.58514895398601,6.723462941440398,199.47894631979287,2.0411194227500906,11.641533483843427,0.9138145226249442,5.407664706213127,31.03463990017048,1
38.7505314764574,59.47071827618216,49.23443402955707,6.393719045254939,70.28259705692821,9.507124131618742,6.876330311650465,0.36829546765570953,16.070835536528556,27.305240607743592,0
44.43258822711813,79.96482354623998,50.5165119956146,2.6142040926031687,151.31840680046383,8.003836483014926,10.680261574061772,0.3734445911454355,19.91208403607012,32.19773220926692,0
35.62305869285556,22.89272233163336,40.03280269556083,7.34625231013507,109.40014495784229,15.177774004391816,5.387518718568867,0.38353451243397696,5.053260043425647,34.319564780097025,1
34.28568129422791,78.63045105327905,44.87844358160797,5.096547925602907,69.95146983609932,23.331837302033794,8.766847070278692,0.8366202103676581,8.735543386466393,33.886828242418524,1
43.0289869228419,44.41447764337224,35.986488322272486,7.009845324428376,73.81051450614643,25.74968816636574,5.493850445969262,0.6507883208469019,10.403614731335193,33.63897565183011,1
33.35393757779179,72.24520702023554,46.88865093717067,8.536303717931357,192.39096593684255,25.345922562315256,11.538230937914475,0.6141688503188927,5.898622716077286,27.682549339008307,1
44.44833809160917,66.94312904349641,48.57561459894158,2.5275558571923087,181.9402245067643,10.790266836692034,10.364458963901733,0.3341430223838622,0.3052967929205952,25.40213171208407,0
30.182317120347246,54.02097565920007,40.69374340258024,1.17230381197153,186.05629406225327,20.61703030382049,9.605649378432148,0.8179041768324394,4.402584883950533,26.97552987096009,0
44.548182400614586,64.30695255507959,59.10072117913784,8.011923277562081,198.72991637410797,9.385025925726602,10.76727467137265,0.038363861355701134,5.638737686835169,30.34844004970041,1
30.647398679258643,72.71093367808086,57.73636527343105,6.487276826373543,81.2473085012777,1.8271662970554814,9.532638568991143,0.8707971723381132,8.871994026363744,33.2599666530678,1
43.367146705471065,44.24841929906198,53.05358088639765,7.296756126599095,103.31590060460925,21.046957968088268,11.782610780220038,0.5127498997939296,3.4220495682680374,23.104794545001795,1
37.9155166362945,39.62198969379432,48.334665719134065,8.543394774897783,150.38285448873,0.29482657709363536,9.9977056350534,0.3982502348634128,17.465087133833453,33.77289737692554,1
44.894471941789504,60.05560313381508,56.749228991192126,8.225298413420504,122.57038097909708,12.275477623754657,11.472610267075726,0.4971672807176857,14.098222654626722,32.22770347954834,1
31.106948471030982,68.47075651647552,38.26630859558657,9.648281322359422,112.75843000675002,9.881378079062271,8.619923244074467,0.6674155305338311,1.7040095511932396,34.68284022767352,1
38.30781426601981,65.73710808659695,54.762744856872125,5.823415709669064,103.67168740033895,20.801326155565572,5.819450890873038,0.01276542651789736,13.001849022798629,33.20377659922531,0
44.53953803428649,67.86881893151806,38.12052034917121,5.396460693939148,139.06709479151783,22.98736418281137,8.69724404996112,0.8715518564582477,13.073129528112409,24.1990599453786,1
37.84646766255223,46.13499888877598,54.855266563735135,4.616984799016571,136.3390142960123,9.122839079138515,5.888109796441653,0.4467395253113928,19.124423472872554,21.589338670160714,0
39.44097957202894,69.0700529705013,41.894189206283926,2.3832193855978407,74.21867510963601,24.348810433345605,9.147454354234835,0.3429665197000782,0.060417427123224954,21.68361607987383,0
40.436230334769256,27.212543322236506,56.927264525454724,6.153465095938202,120.76097562776586,8.817502815148012,8.37745142369364,0.1382455656340571,4.958648996116144,24.36834977867414,1
36.8181159715166,52.669345877650976,58.60105234563495,3.493112718933809,133.02076643147748,13.389790799596836,9.358027784829472,0.43946537435844213,18.55582958750631,29.212755859768087,0
39.41337120126095,20.345519629887296,38.71989923512789,9.291767609916779,135.54304080970857,21.810555810424017,5.070328867383822,0.49632277128437885,18.64267830796566,32.064804891457584,1
38.7647146788465,39.47514979401622,46.56689012663484,6.248717238493878,81.51607893685278,20.787606876743656,6.363883441587548,0.4036466944934778,14.411728387412747,33.48875460472347,1
43.51737015736484,41.98769209228387,59.52468445406713,6.335561624572992,161.340708837843,29.621054169366,8.439313023384916,0.6786600938268971,15.315266420950799,29.356300765538492,1
30.681695705121868,43.770361496555324,47.085185899328664,4.194321947893091,53.779864223160445,6.754830726477956,11.653524931123943,0.420896528759226,1.8296591585929423,20.084469691220807,0
34.214447843883455,61.72803240139173,56.588688062863625,1.4679041677993674,103.2247783314744,19.869537406187472,7.685263282486109,0.9614175778465733,10.277516695564673,22.794751647778003,0
44.25617226114838,43.31348607622074,49.718288053283,1.2856938883568976,167.03189728034505,18.29045724827332,7.9706041823754425,0.5992775178235918,4.6316598257799875,21.49589305780052,0
43.35395675836374,46.921617357351835,44.38324769799004,4.810016297378778,134.58393815831033,27.452953634700897,10.002872623046354,0.807477935651909,3.6243608722723453,25.44986713353515,1
36.8348512917857,34.252647852459646,42.14458888814676,1.7610884028751408,89.17436487662903,4.690864249346252,9.226549301002827,0.10935590310947885,16.20606598246665,27.52026490450619,0
39.30198896702305,42.39510749776041,40.08057727715218,6.461622599861252,154.24296790145718,22.55394490760799,7.092483050688333,0.3972912929459057,2.7007627336109485,20.650957678678413,1
34.16071774471699,33.63617763578909,54.04495478444243,8.928757050756918,135.10864162341102,17.04805848806305,7.875714768971994,0.3368477014471527,9.373032739927705,25.227169636934832,1
32.82181739585642,24.39175542610662,44.6635126705757,8.9462333486685,169.4365414184581,8.239976093637162,6.523898592000627,0.5694823881365918,18.77156479172066,22.68769511937984,1
36.955476074099735,56.206915602882674,47.78188655501878,6.931408691190091,160.2537779284735,14.233047424415222,11.76215021391146,0.8611135200614256,3.716641111306851,29.706052493883107,1
35.30028342039079,60.092767913300975,47.30813700002955,2.901086483256379,141.5161883054352,10.013297912093934,5.914440670901518,0.07833821776200667,19.55986847476469,26.9640855398651,0
38.75484167776308,57.16942076057687,49.431975730828285,8.766971482229849,123.22665129662211,17.379402083653826,7.6028574919649365,0.07257479804471079,19.88575971522118,27.429764704008633,0
31.166019554474772,47.80964262803434,56.6394286406138,8.974840917818874,69.97731885012851,26.670018324439976,5.180872805540078,0.8503177081575989,11.112343093648057,26.415376820501915,1
44.6159221149925,42.78714681075379,59.518483589585735,2.769882264576628,89.19995268280756,17.07914953236606,6.552456443534824,0.21285008603835742,3.4028548035431583,34.340295657298505,0
44.79316116719404,71.80001897430952,45.18960521434542,7.636834771936095,112.8649209375628,18.95167254979752,10.463297968661085,0.6687532544498137,6.322097758817913,23.221026876823448,1
40.47242571029618,51.144907108173086,55.687973052657576,3.5786759403441066,139.8948930509583,15.562435413441284,6.408226626022156,0.5428781323608052,8.489856653530703,27.749963897658116,0
38.04144549516181,48.75091265778386,54.11319486636794,8.223762811176368,127.05617828229572,1.5349651933642772,5.560443817702759,0.8328935948872295,6.186484487164458,31.04026052548004,1
34.642914244294914,21.538523948386143,49.338223786389335,9.975141099132424,93.22767889392942,6.985756706282827,8.321172258911663,0.12508890983640353,5.612711597530316,28.352666197018436,1
42.20692529560423,40.474869657569386,58.90117859029833,1.2702340479645353,50.96965366845658,14.760051882962482,5.069784643141629,0.12978296572261128,19.44459418432715,33.93531328575202,0
40.27096758830819,42.811737127151424,40.01186288821007,9.076292792118387,124.43588328512209,9.307058512341143,5.593363080984332,0.5568183602783076,3.067296548314913,25.669525334619262,1
32.43925409017337,43.92936685381403,37.73160525774053,6.603674802387922,92.84389828433646,5.452907932835826,10.653381086940826,0.9463786533583709,14.666558174337245,26.95513708659767,1
43.663907767407636,54.81034215363994,56.349049173885554,9.760443572483391,160.19124510658025,15.12398525755315,10.400313414017244,0.41499775837075425,0.008205788783497425,21.327834728220928,1
42.33805864384753,52.016152803612705,45.978745415843704,5.185085657737848,53.591939790572525,9.68429380343551,11.405971742834272,0.32694210025469495,11.923653388047537,29.134986665778925,1
44.246998699378864,56.47430556760668,56.17422135517651,8.626491375142365,137.72417169586862,7.7432292952024415,10.981608051375247,0.6066893231978858,18.31886007908105,24.32317952672159,1
40.8857926258254,65.8929956925277,57.32725512988537,1.561546617384495,191.22113562590982,13.919562523211424,9.782228942678728,0.9304486005450311,5.75868188186438,22.404635592733534,0
39.20122793903685,68.7791443229656,36.56143984047679,4.017511450704662,76.16139006672492,3.9985277424651944,5.3663300011046395,0.8369278328446237,3.710519505154384,28.16796939356762,0
36.27364554435928,63.08738457358967,57.086619074651516,1.6031488397608897,120.7474236125893,27.832371992262217,10.479940325906602,0.9954836107332199,13.033595897568539,27.984653950698657,0
43.9909272503102,77.33142175729608,46.20797638423555,9.778088201311634,63.713298772570724,26.031062937577172,10.918575675883924,0.02256858320237709,14.252028145967863,21.13807461836071,1
42.990958342506126,21.093954960581698,47.76081222510581,8.352765165446531,143.8522868392029,21.22861757221606,10.59357502040368,0.11285814471276223,13.760610379039626,30.47323180241709,1
30.678280051592843,31.746679141012766,50.664812777330255,8.672926791213735,132.57975208943384,3.186414827653686,8.559353247156182,0.609467763366622,6.386337600427481,29.356582859762796,1
30.39550461745878,20.453772498688526,58.15956516825217,9.441687082905048,111.10482863192485,23.27631763409079,6.630312870546372,0.8205764393338497,5.044048043186617,22.83525924119746,1
35.64695050317074,58.84848284927618,35.4779023607441,1.7659313750780683,128.2065532210612,24.23871984327057,10.917309829821086,0.28524434230676654,19.118375999240882,27.041522932310656,0
42.158299961727494,73.88183293699922,46.92108670794543,4.47037833262,184.48619877035154,23.03293853143013,10.090139668180969,0.23921108803421876,18.46599016539859,30.8048437471784,0
44.80914193972417,34.608937794577955,52.19305106076402,1.639314001396019,79.44414534666005,3.418976613577235,11.865328220721961,0.7869757993812009,9.146332197856406,27.94153610811915,1
32.256253366552926,75.6220726877784,53.06767394245571,2.8971379139502575,53.38467675580208,19.317238712032943,6.08984818429153,0.05638185385323158,16.923877323087467,25.932336142753552,0
38.911960730282026,23.61604341737365,52.3133107884277,3.0642919933390513,179.24973270486515,25.029743872481955,6.579652081364385,0.3693826475825851,9.04646955268592,24.835076871214156,0
35.71336284946533,76.06616160833086,38.360878235203046,5.221964899428208,136.56756235818597,17.32060203659003,6.482587049170519,0.5058092225923297,8.487780361450207,29.155907999660805,0
44.548715967219046,41.09736123437806,42.484889709292034,3.4170595070827834,183.59876831927636,19.39222125684267,10.547778373349356,0.5603486743503234,3.135258951985893,34.08663047465361,1
42.63178384703563,26.085249706952993,43.96788813542534,1.9088029613598498,139.5417835119759,13.750904382789185,6.308351075150827,0.7286151567927769,8.528121129839457,30.07617260716225,0
42.574930570667064,49.15230555117954,55.11093019198762,2.5074198018469693,171.52416349395537,15.861219596521579,5.466618808763142,0.35484572343065823,10.74833877199614,21.121188554544734,0
37.030397396924556,35.40659406323048,41.96899681036383,2.3254800719688182,114.45100450327219,1.0313057505517564,11.989925646099401,0.6126843446746072,0.4500865485737293,26.910274602232008,1
36.22229253506498,37.092374117715366,40.26762409668008,9.757691181210685,162.47898969324032,19.16889065919854,5.173720480116044,0.5853754227909563,8.882260103508129,33.362361972659414,1
34.10110607896059,38.43739789557719,58.936200475952404,7.833632562266263,186.9562200334784,2.443416386734776,10.846708421112059,0.5476161006537471,15.627124367904006,21.416936387016303,1
30.845632449763908,68.1815538699598,35.221582127836726,9.709853187426058,135.81844455833095,13.050437830206702,7.557567890854569,0.6404832931422122,13.600921127485396,34.83313568206315,1
42.9708356438258,52.34967660051527,59.94552139204946,4.957664378571177,77.11777258435693,8.779652930022234,10.891308218304708,0.2594491710680763,12.7031397772787,34.23604090468132,1
42.19351513695116,38.67846194936022,51.92053247143489,3.5053163349639096,90.31964225452973,16.36283850635139,8.882343438478015,0.08464875358462898,18.19110856874405,21.17411721094814,0
44.99576509929196,56.6200269986551,55.71173248622793,8.18463877488268,79.79668653461087,4.002490065696213,11.311418606404521,0.11927167203974343,0.3606401965046002,34.00119980674332,1
44.94955255610858,62.969040453391614,42.36548490865483,3.936285262370321,87.02855413935994,20.749302059199547,11.483350904902387,0.22458238265390107,11.140951723844683,25.446988853891934,0
38.33147558403941,36.35744004401202,35.3578819416765,3.6944503633481345,95.96231740265546,23.85034610785411,5.063687268965432,0.5001979355227852,15.746976968194142,32.670637506137936,0
41.53481122770766,44.81294609152109,53.44673796403825,3.0925539298704807,133.27006801297827,4.900633492294695,5.527885231949518,0.8404427505460201,10.826707654025345,26.27575006569907,0
44.17148594823642,27.313165600216855,55.8536149250169,2.167110804018118,138.19874441957492,3.129392620556465,6.752511106995988,0.7012933420883841,6.477911051607583,26.612826690537737,1
42.74471086016117,30.86896097208082,53.51190329883798,3.3081675491508937,113.97496208627916,4.365464483620775,9.685207914544511,0.7890406042020471,2.725011301839557,29.51364636466314,1
33.71022152614796,60.86707123789897,38.57125718252097,4.1978777362649895,142.31311697312532,26.313826856955053,11.217905375580543,0.3509756239260914,17.751261436323826,31.61716128913975,0
36.7581620296514,30.886300861737617,53.83569805642423,7.065947873311574,62.23623884170489,15.845677852690685,8.21959365905774,0.40465374164855017,9.41524784775206,20.50683726422373,1
31.937391227272425,51.50980302002361,54.22306955269103,1.5630835799750642,63.16823555872399,14.017829880225078,9.248811813919858,0.3936818859906128,17.562303939714027,28.897339932907016,0
44.31076540888083,62.54277570334596,51.46351289175137,2.8945624569880866,75.77441905364877,3.2013545730706285,6.319498969568928,0.19187318440450152,11.717042448663367,22.800994911460563,0
39.0926195167632,26.41261538568463,54.15289831988966,8.281212762625088,127.71162470605171,19.486680202708854,10.634767837171797,0.06121665814357202,13.483842332300016,25.189242767948045,1
33.42964208255194,54.038733177734215,56.1480359919433,2.3222973122539368,82.09920180474703,26.039987756852696,11.771296779474287,0.5909160928272268,16.085223087569002,25.219529992328248,0
40.07551026608785,35.393767022081825,50.340102855936465,4.083806318702694,92.4926605238866,24.845576079703587,6.880192530402182,0.9892166834205861,13.183110892002688,27.035905103317305,1
39.27192360686844,77.77561251425479,37.21511784924198,8.78193029672326,110.04692542594911,18.78164126942404,8.463781661203825,0.16682970495026284,7.961096813578754,25.0120461781426,0
35.37244077049261,49.01273880319548,47.190695241680274,2.394327800290984,171.77991860155697,2.258361499550209,5.602812773544617,0.046684819899273755,10.27266767857302,21.610416776760015,0
31.703363882994434,68.35955298650948,36.94123336679013,1.744631520563709,52.07932038692902,3.3719108152803887,8.913956595240778,0.779531681823933,16.060910493517596,22.184431077881772,0
40.073597933891996,53.01359252937571,45.18857577581077,5.3608419557200975,147.40682303549335,1.4792696132947403,8.519484092926763,0.2525860066847242,7.473005927459684,20.501569783416464,0
37.8046155135569,22.60475197128915,45.17766222814069,3.7217756015068275,150.3314796561028,7.724376494774079,6.011055389085543,0.8296438053529284,7.762429135369942,27.053736279931314,1
41.58477587603459,57.989082535641344,36.65024610350604,6.070675280354687,169.7983670534955,4.069844014811332,8.094463491826525,0.7039366670345154,1.913802321160023,34.31671542279483,1
37.8024525166799,77.08420053239942,43.72051334923698,8.234244014351276,189.91294085904698,7.801441207573017,7.338732564605943,0.9456735370508046,18.291688704434954,21.73512835472175,1
42.7827225047781,56.09670920877987,37.774952469782875,2.2343363933746883,53.020677342393476,11.55174167156885,8.652816127136326,0.408927235756672,1.8207262989088346,34.19396739504623,0
38.278602581617285,69.15133156560742,55.20588025023055,6.226291760988564,73.06755582698243,28.28948352213407,9.099580348001595,0.6619698394506341,12.964183548971118,31.000422720981405,1
38.414069573030794,73.05238780090447,58.69220064911177,5.549578843508775,182.92569410839894,18.31128179345076,5.059469050250467,0.4648547808132707,8.263889576055954,29.562482044012448,0
43.14980403987518,33.68478631693595,36.80791188144846,2.2967090741187963,118.7777843280523,25.04921357048887,10.327041880646888,0.6305886973085435,8.112387805108847,29.679166329853444,0
36.052242993185956,32.7226903944936,58.877880182292536,6.615986369760842,134.68859584001953,21.31054502136997,9.991100043032185,0.44959890600773733,13.591036731453679,32.40091472594423,1
32.01022842675961,56.6588593310595,48.06441498341863,3.462763760746945,149.45408055847213,3.3750939157989523,7.564004703445655,0.18863224642407483,1.3418746525975744,21.60379796569732,0
30.431740144700086,44.66170818840229,42.48914194884685,5.390508866896113,151.85999067434562,22.077612191218464,5.3705515489817275,0.5078974160033809,11.874115659028693,27.571314853483127,0
41.32705883510428,70.39167817200322,36.92155188190409,1.7404509184935568,189.76106049747622,8.252966446773733,10.284527778495352,0.5285842014374423,15.440635719447096,30.45636707391138,0
39.304643270301966,74.00138740388067,47.51560670176045,5.136256514922607,199.54241261175045,19.17323540984119,11.686226123346927,0.8106038482601611,16.564255157731886,28.802306676103456,1
40.561196521488355,41.20528275816309,54.86288861226872,3.758171212385383,158.02361913964103,10.228859209289656,6.6810611721541,0.7355207057935812,3.410607787875506,32.49168606534942,1
33.19446242263366,34.21223353846892,52.677161931667456,8.401430900668188,93.08318138077263,29.930167897939775,7.264672296159265,0.6637916239414441,17.948381001563472,21.084075635170272,1
32.04557213380155,66.83153091463171,36.25565028659934,1.5128085429763145,181.96286034415155,7.906544384903334,6.286690226372705,0.11338709555257254,13.122921836948844,30.360515592487488,0
30.21816998501823,36.48836213288817,36.82254588419759,4.76746547426497,57.38313718111424,8.37391412322809,9.038552863413877,0.720616290663715,17.637096016413658,28.010415955770767,0
35.25881338209896,69.3568591108207,45.071832065815926,5.1258828171829425,84.66212793117444,27.920167666871947,6.083889762532184,0.5003051563545148,9.705614342203965,25.687412959699152,0
38.848765302819494,45.42429521892577,42.382262351198584,7.5250546866920685,184.60785761955722,0.7393321390896801,7.493357604229656,0.8940995361061592,10.84066690194404,25.104124733510464,1
35.883660676495985,60.052993957488226,40.8096080764012,6.168588175811899,88.42872716590324,20.900669636195907,9.879091097539842,0.9198709341305428,18.38076554057342,29.312489491612894,1
36.56212383035594,25.73211883008009,42.02511247271784,7.0049110347476296,83.09765894326227,21.759791722076343,8.92081188106544,0.05515659060178546,17.998190867093435,33.36493061966397,1
43.562380417406224,57.43155948059438,55.08706858242212,7.993443570865805,70.71879397103709,25.09135732231198,7.705237950295547,0.8206415603544788,8.96321746738004,27.44263889151673,1
35.22383200534951,47.10606072423374,58.230701340796344,8.759826762923698,178.8667636470375,29.23317931915426,7.9417472126527935,0.03769739042267062,5.488252632713635,32.3708474611538,1
37.70984233739716,55.19650779052844,45.12756736318916,3.8248794705022346,125.00873887866301,29.268057574699572,8.934776178362608,0.36716962569502265,7.863408691285283,26.03234572765951,0
41.75479519111715,30.080852464691805,57.652775053312425,5.842204348275127,151.2339804581232,1.9583027269939168,5.041053095210129,0.5422999756210791,7.755286570594995,21.535916941897646,1
35.94814173481905,64.21242469665093,43.03739253119705,8.5609727059528,85.85995761125446,24.655179682587075,5.549569079175269,0.14810079862712744,5.7373374996558795,20.922586046879577,0
39.331300503418106,71.7678246525937,46.910924658594794,9.905060178685508,163.70606315168249,19.38929800972144,11.168806474341082,0.7463138125690768,5.371592086659332,20.770015569855165,1
42.93545563120118,33.00438800544654,40.65072494539999,9.005673799393868,164.00083174431478,19.420264031192737,5.545152923639035,0.008354704172138572,17.22125872959439,25.70225212936505,0
44.24280935486463,25.742873331209704,51.0119010543961,4.343205363619392,96.88970373624502,3.850497798440844,9.947625173473536,0.16859904843403684,1.3972384136932336,25.05856626253763,1
32.206102213935566,21.418315162780182,59.47452787937022,2.756498654967854,111.60239495154244,19.5056149933696,11.440267148763368,0.5807968298534757,13.552223641991883,30.76905535433854,1
43.89881437742242,58.51829002659596,50.087327401084465,5.404532836659299,81.45354161453012,29.474477418037434,6.8947852301121175,0.7143875620372924,3.456401029129046,31.14232252377299,1
37.38174439619307,56.42564216532685,43.945352102838726,7.67477306652438,196.48415349843563,27.35455708618341,7.5934400594166,0.9166431026939161,6.890117867881265,20.762809532506097,1
33.87366582448438,52.8018447628442,51.19543614976321,5.433121636779679,146.84038655876174,13.173919824145516,8.982449840913013,0.7054966519346239,1.2308606826967372,23.316848943335224,1
36.88703634357392,33.916825766958524,38.07301696163469,5.3486277698230165,190.18158210732733,1.1984391985828302,11.171962787470093,0.671779270254866,5.399472737109241,24.113927752383496,1
44.700488629282155,43.45435975433088,57.21647700663497,8.544073789736206,95.50783154436998,10.868804700006145,11.593339110822942,0.3943411463506643,15.368421422344841,28.21417976214214,1
37.38927140989304,55.668580111170385,47.577098769495905,4.252634011604677,167.28363694953345,24.791709348016656,10.176942736778877,0.0012844255268014138,17.700306490945174,22.167728358604254,0
34.931274154312625,49.80601153155016,46.23374355099105,8.73815207330481,164.8787965827113,21.044973043954982,5.6063383259828585,0.12015925873562194,4.430543038047341,22.009118291000007,0
39.50101281475089,79.26713121289325,49.646619711337976,4.661243208565512,153.74834777998123,13.780309667818692,9.684079088743957,0.5345545447560391,9.270956785178438,34.15683333811937,0
33.6021842816729,28.18638515340399,50.619596569735066,3.9540979511050547,194.84584629002006,1.6530460547649328,7.872126053108635,0.6751298858444197,9.406480958744128,32.06304360946672,1
31.13794992162996,61.708673242855625,36.794395155662826,5.085909200797291,109.03330041594734,12.806841834699078,8.294906996437431,0.4174482838964625,17.471506115194686,22.709823531367554,0
31.933195828659738,44.259126086257524,52.06543053058506,7.862022628073816,69.60759853846359,14.070748191536506,5.344038732416239,0.7306790115283902,15.255981057516108,26.098517118582365,1
31.920687584366586,45.69197689553688,41.048292007888236,2.1340182507759486,150.7563288866091,27.85666598682408,6.337434975424507,0.5218622953321788,10.261544367360997,25.334329988863484,0
32.27854040268441,63.05586593949057,52.848815812664746,2.7677729428481563,159.39647007158092,19.232583107464784,10.533595252735534,0.07417619559431221,13.414944009435468,31.86506111098111,0
32.08240758974115,61.54616907946218,55.56336985960492,9.563003430967827,136.2590860188222,9.349587499639467,8.177711831335019,0.19201625096794883,16.947101078187337,27.65319374717183,1
39.61312117204822,79.4753596221313,55.098962688813,2.5794246464322166,81.02268397000944,15.759547933521642,7.1116356914180425,0.8399982232439429,0.19077908051089887,21.917746054902004,0
32.728201265987174,27.703657367247516,48.812524185197226,6.109545861379491,125.6683912504033,1.981659234664802,7.688133517754707,0.7249127466244395,8.057800621000972,31.084880947343656,1
35.18500924985795,26.24657896304998,48.00424730776878,6.213830199957441,96.82846048536942,29.177047069492104,10.980796593279761,0.894761987012495,18.144863345541573,25.953319673373784,1
43.45182614859018,63.46032902772447,38.571899033485295,5.406620158452203,114.11997922500336,10.80179705792178,10.242993121834697,0.11755724912093657,14.806260616879028,23.943863714482205,0
37.10942460394308,54.70321502038455,54.38365376007839,6.802707237191367,146.7827863766996,14.336020647394074,6.90620778026758,0.9902225346150739,10.856827486681492,25.6324793303108,1
40.013366077815405,36.44963999358835,41.78523451116786,3.068440532178566,161.78221140362518,10.658519227107679,5.822512881486613,0.2094067139499336,10.592890540702669,27.466348454103446,0
32.58479806802445,24.765162139339196,47.417385570448666,5.973960409990734,84.83370363520146,20.475351903486004,6.763987551508502,0.01177987628664201,6.955401952088756,25.14673274625514,0
32.88433528213006,25.13949497578583,42.106852323187915,4.349559297222074,110.798804097043,19.866964749887792,11.445295157383136,0.9974229390535542,10.41041067283029,23.628586588876367,1
30.613029243997183,73.6514524798471,38.34570907499233,6.955005336662701,90.37423564874437,21.45966931587407,9.071121864948287,0.28107388544511314,13.107663989269065,25.977530432059705,0
32.534025946082465,31.512039483124575,50.73894242229341,2.271011890358345,79.79474207928037,8.044296888357625,8.73436146121348,0.6680194525125599,8.36726076857586,20.287593661248472,0
34.17885508547938,39.40229372693125,36.3583008705726,6.137896751555286,167.50808299937574,9.47005443492198,9.17475519784723,0.1766823141763052,14.28306292784348,31.587467691444708,0
32.6551572641512,33.59938413361928,53.716130853155,2.6674331984499133,186.38790416554886,3.7575369328862385,7.562197860225607,0.5802285321991417,17.224644545207717,22.564173403513788,0
31.330538006355834,41.29977834991624,42.93966988152792,3.5077875680353277,105.5348278526865,19.665299155383376,10.64974914223659,0.9040349864545593,3.0936969636972234,20.65856920445956,1
31.809538066509013,24.1654305647656,35.00336732511213,2.968388202912249,162.69183865606504,1.1939138200695765,8.663003745101749,0.3201811674284386,9.030940456348489,29.80548039357619,0
36.91168152049089,51.14358745449622,47.77822848093074,2.645540018819354,184.54929340466165,17.930470065703773,5.8172353193815685,0.6702539760443592,8.160401825701623,31.609041932355083,0
33.095005776086886,24.056753815532893,36.17129771319008,8.431398564046003,176.91863157953475,26.090876545549015,5.90345587380344,0.1879035887984165,13.749296080994561,32.20743697389265,1
35.46404791572113,68.0213904693417,41.904238945522486,3.571368108948013,77.42200828088389,26.724964448689008,8.758014025518328,0.6247953987187252,4.997349305158587,27.402637739909,0
37.55125906282285,34.02272491462598,52.6744121863929,9.344114036780043,193.4437822270042,13.471132811098851,11.555991526495873,0.33645035181751015,12.805018299045525,23.08052277034978,1
40.35592242944048,52.400714876270634,36.56724054054665,9.729338728106718,106.50146606441936,13.779110646392214,7.158464851733392,0.21120825858795167,17.54978483462976,31.0584151587474,1
30.589682097616485,72.80474525368749,55.98346230890006,6.1413442294338765,100.88609917607545,2.309075490240521,11.086788182014528,0.31318205070363514,8.362631995872453,30.49569615731506,0
41.991155983635636,59.05264214283165,35.09549806646458,2.2870101039915376,59.36469909166705,20.122950763291072,10.348669106052157,0.17884106850779935,18.220313999584402,23.6940610115476,0
39.418505842363615,51.977467193080116,41.170596730047556,4.370934190416231,122.92604811573246,24.637782611185365,6.7346871003483475,0.9019161078378828,19.86327477866957,33.55111633794189,1
31.22638547923308,39.460025186922536,53.52260140380179,8.179590370133926,66.35204234613931,7.339651638141391,5.254385238213697,0.39718688631712884,2.1218409989590414,21.565571871242433,1
43.10367936160166,39.98011478349187,42.90675374323267,4.306516558273634,87.2809731391139,12.639026449000939,5.712930855996679,0.24527930497436734,4.661063759697173,34.74032359386989,0
43.8130860079772,60.16921731189141,37.547309701650335,1.7831549647250986,97.54139326509221,25.16518010295811,10.099457536932082,0.4484078410159329,19.007595029641863,32.90371716466197,0
30.916169397822955,79.64836167327005,44.0058479700107,6.011064198353692,171.32394852375262,26.313614029868642,6.397688166284527,0.32053616680649555,19.166553729627736,30.31847968218613,0
34.153164722208054,59.710351390962714,41.75983215961314,8.606087663464313,181.32329755938449,7.295399407926778,7.598896443537757,0.744419253813326,1.95414550773517,34.08124832419749,1
42.09301919689592,53.46700504220149,56.06779755401387,8.163337484291521,95.36994761922045,16.517119036240928,8.511894162044975,0.9712199118854944,0.2999700075427336,30.834667524855618,1
41.22389535575488,63.83903061435477,42.83369793962858,2.576108261173179,178.80471818668607,5.774794519074812,10.07827717915114,0.4380336566976468,3.222000465128445,22.85685495545069,0
32.76781529034566,47.91233673702309,54.72331179440018,7.0548815297122,178.58464060546865,3.056362924186696,5.792618562813877,0.8610333999722404,19.920255667644966,26.632342071692175,1
33.140239850050655,23.608540556047114,57.29680362026836,2.984538370920824,164.69764255773103,27.333615041758726,7.84456483694223,0.5658630735596195,3.5999923322137373,21.07254536497453,1
35.55708154187073,53.73780895267459,45.84543548941324,2.96386781096955,72.00426710227723,24.615225126963274,8.395510363998868,0.15723566509423348,10.050952134440463,25.84486133432173,0
37.26784477786532,77.45751707032281,57.7485785963598,8.866645959746666,153.54842703510934,22.801047054095218,8.785789447800777,0.6906227420813416,16.96835452861022,31.124045296058128,1
39.27382157295444,30.518176541459578,44.43295134907982,3.2470205746620713,191.75360968708532,1.4629895643942126,10.728524489766517,0.5134344971258201,0.4080322137641268,25.79665026396226,1
35.53370459354659,61.400293449239946,59.10196041225271,3.369226118662101,152.38107181507354,25.311863781307725,6.201747365302518,0.6506065232521034,12.08977964516919,24.954412632022013,0
36.93802074199722,32.05602131954339,37.232238113139324,1.005880516851696,99.7425273661751,13.141322277161512,10.654820162786356,0.889687412571665,5.540508977392486,28.930335837654678,0
41.21206407200635,52.14966106838487,52.17548166258106,8.83602130712966,125.08689761462469,10.27185369887579,9.850148993876566,0.4404345706560461,17.246698328794633,33.083067934983426,1
30.55024804335897,25.800586978803178,47.34535101142322,8.133353318882213,146.85875650265803,16.394290830761292,8.891095699392714,0.9011776232173556,5.669222985281584,20.713747888191687,1
33.78655416516031,47.02225617549111,44.69122013639118,6.645960415816102,126.58556130927553,2.740597281706675,9.896695092818003,0.7506690142816549,13.735114405638178,25.78205652049603,1
40.70024378826829,65.36979973371476,50.81779696871502,7.752391875449581,67.99294125964548,22.699396480571966,7.884124172661595,0.48860492587798476,13.484392648947939,22.37361112722894,1
43.42810256530799,40.85429145433892,52.59642729085828,2.3684371068204264,96.8096066978031,17.473052306648878,5.9687831017768715,0.6032221356579637,4.429870977192801,30.430313760978045,0
37.675161631734994,59.89470346923308,35.109081741257725,5.124912351288179,170.35940458304486,5.597702906195026,9.660356681857571,0.32558113251901144,0.6959839973670023,21.58586840646702,0
37.98170227897973,67.72699764738375,39.17382721867997,4.160974486139028,179.2127069143276,5.646965993071368,8.672706146799356,0.9835972997387742,8.184991475707946,29.972116378703667,1
31.60758017009664,75.63066916876716,52.826151265857966,1.8439887363131484,70.59500490733554,5.527459547180227,9.475623603799429,0.667351163050396,5.783863039317394,24.29271306196861,0
36.71118550235182,34.078524911327214,51.659635339455164,5.375174366934317,192.8580128598087,1.7100716265580196,7.36599146719943,0.043846852496629896,16.179554992274173,22.98375220605837,0
37.98925899682535,43.958954948558485,59.15118762821693,9.286656853083718,99.3233926772914,17.633953481150545,11.348066041378852,0.32662190574800876,16.007283769106905,34.04528836737478,1
33.63705755452094,29.144960799825046,54.025944756269574,1.3605320714562503,149.347060809608,25.210445327655243,9.111589080029038,0.6233144337590575,9.14047904385251,20.277868651189337,0
34.038648464240715,79.5490101295025,58.769317693283455,3.623148221444145,162.77377189350216,0.524946419621658,5.597817390036116,0.0563332777992398,12.13024450646438,26.566659078343534,0
35.65926244656934,75.62005807545772,52.563512538370176,2.867868425851331,171.79193519568253,1.4701393491382064,8.148627934931,0.023884191319142767,12.085190319738503,20.324404886926906,0
30.301067966665897,52.39742781683358,42.45130521598608,3.1433198829912667,191.86245533388953,17.183108300608374,10.29449238320544,0.45002423952780257,16.543162968552465,27.253895721564934,0
34.83118748374768,70.52199766258528,37.63412305627141,9.175910966914378,96.93793220432339,24.58487056158157,10.558941932125906,0.33269017969267,8.50004828246395,27.515710666916274,1
33.17172010494817,51.25747863632253,54.54559658362339,5.212621488108611,178.77596818273318,9.802166717059007,8.46217936934631,0.4382986080331659,5.5089335958101815,24.824937070921205,0
34.91246028266872,57.415141280165585,51.1037305368979,5.196694716458369,69.75303551543105,10.488431964231665,11.263232995819108,0.26269330988000517,5.30069836281095,21.982426662875355,0
31.79643197728877,25.347465926960997,36.2046503098324,7.8451807820975406,155.7561359530389,17.890394924903276,6.873679060360082,0.1647177469429809,10.723845585644083,25.64581306601713,0
43.35790921109842,65.31622522980848,44.00126164752446,2.390429836044332,161.2966594270979,8.22638667372441,7.874190880667866,0.6891433569803377,8.98296405464425,30.08394409898849,0
38.903886803310726,27.66280901811409,58.91999538710715,5.385388186900457,151.65848618019805,0.7982509823305239,11.29017837398279,0.5145711162678005,8.802415419698724,31.735937129666887,1
40.186534787167346,69.5640578151517,47.51002864275503,4.869866927089538,87.84721042027294,22.05685554304788,11.273797015301053,0.20015421124936683,1.8227467817941445,27.961259035822135,0
41.837568579110076,66.92168526022316,45.818228400492615,6.372196214919905,180.9564720522805,18.769497388243593,9.799989381772766,0.3195894262599983,14.372074813803913,28.847515916596336,0
37.47663298393586,62.52468186457859,46.44249012898235,9.996019329253947,75.32876950555925,17.422679971669773,11.01286382985554,0.5918079076633259,4.274733759638214,23.00924556686979,1
31.303804321311354,22.169622831485725,40.22206810012909,7.925040046738424,58.045218728124624,22.250523869754694,5.621412868693628,0.07222934827247784,3.9390726041744273,24.309954998414742,1
38.05659812727822,38.187701356719714,44.21767927161988,4.580791327156845,157.61974859178682,20.256925126861127,11.054964833454434,0.14745300926617955,8.255166405547868,22.428434150785378,0
38.802616770313186,35.78675419465057,44.245331399679415,8.447977470466423,121.32135728491005,6.1764596453496345,7.2443393458515875,0.07324560410739012,4.555566832356028,23.73943025006917,1
41.181592112764946,41.60818444829114,36.30887550468681,2.5363752698123214,177.36470299380142,10.574431408300534,6.248320586997514,0.8123173327141189,11.677165346160308,23.373301703382978,0
36.47489319344519,25.25856480583031,54.189190712947955,1.274173176780641,107.50957115873885,3.78330425035875,6.6755888543943245,0.7524092332120093,7.42926678668943,27.791731795868564,0
31.913704541933456,76.21746938186376,45.412610797596976,2.8400353521784574,75.24178827615692,3.895710402536431,7.9257795560972095,0.7533129318792571,8.978234451855801,28.440331336860943,0
34.25663858698087,53.22813444274258,55.554497170410585,4.063704005028336,175.46632887048045,20.285872390696177,6.758344032231271,0.716325343476028,10.743386432080577,34.17421131232257,0
35.44623444597953,38.33145863948141,56.258700027997385,5.595226817136039,132.33644474601076,25.758003209474946,7.243973102115493,0.6693854236698692,4.070710449636097,22.933559706522846,1
39.68875861997402,43.818891024457,40.29985136746645,6.536162264870798,78.37936885855324,28.88197751583417,5.944849402501495,0.476991915378175,3.115032457310596,29.62513565242244,1
38.56167457003368,46.83215243029014,51.43383705425322,9.195451454929795,158.05759978796686,18.850413526483333,7.07323735891299,0.642278163507115,17.608438057472096,32.25888903481284,1
35.34145088846769,56.03566000163704,46.80704510407455,5.588686085954119,126.66704577342507,5.5230397008287095,9.005986701794008,0.03836155478797465,8.674474056628421,28.403621956745788,0
44.79772873189469,50.94076566178987,57.003918448037126,5.511480801631564,140.64694733604796,3.1695103634679214,8.092975956637448,0.6214644226567846,8.241872192650783,23.825054787516137,1
39.086622290353304,75.16351839286504,40.39351697941135,1.452187088406839,119.13475073098728,24.385529146102733,7.427031328651378,0.7778777055368772,0.7122430054568296,23.938253450300003,0
33.558401876039916,49.817808974349816,51.94533000775111,1.3142039739060143,174.30634757270096,17.36269429079998,10.225164901999797,0.5003583603843902,9.959526051747865,20.588795796065,0
31.526737089306057,79.52948088939877,50.19380305631806,5.960439657247349,174.43440735245747,18.548550630411597,11.254569799753225,0.35751332842723693,11.083394432220002,24.581663398227224,0
32.29288708776498,71.08549746470575,42.38253693929582,4.9436075192351,156.4083232736579,23.443862662641276,10.297524560316779,0.2774267348009791,11.17681741909333,31.169055185050702,0
33.689365925767625,32.51063086144015,38.41502259127932,8.552623554822688,65.81020660946933,21.09831683197355,7.324004914823754,0.6428020501620825,14.140623386457687,20.712766358106656,1
32.41022059889333,75.83571287863498,51.290994011931915,2.4461162624066066,175.82807928561033,25.0337475856829,10.211095174862876,0.6928011986299087,3.5496366998202356,23.28942923757246,0
32.79850536076959,26.981983873128566,53.46493645330827,1.2247449590534463,150.65194707993646,1.6864171637963543,6.063861277318359,0.8709675998625426,5.044462684612377,30.59348747797673,0
34.27642753040771,69.04698250947149,42.890683594083754,5.0413489113711325,154.55362490064493,22.425619102395146,5.912225916639036,0.34233408246099073,16.214609304608253,31.73977344234315,0
32.600603929421325,42.837397608594806,51.12081510055785,3.1373070107703174,104.44742606058074,25.525582719662864,7.419389259253112,0.7697723073855856,18.94341233686788,26.829776150928925,0
43.451481369396376,72.67845922670418,44.87827269028758,1.446529360049537,181.891933423551,8.58405127374943,10.6539165833084,0.5613558241893379,2.7186549473464128,30.471115077179732,0
31.203506184924635,72.08340140644702,52.830172082065445,7.52138458162866,158.8057400352286,19.213418219797585,6.724437730696113,0.8828364906780791,9.952991090104364,25.81928252982338,1
37.86767084355382,68.35552400705727,39.98038187235133,2.0043369996152274,66.88856997937917,9.424861915109163,5.442773862290757,0.5278121082956208,4.2835250547917365,22.398698675361914,0
36.155952404844925,67.40182617842368,57.25537506590436,6.474875500069945,111.16670516092441,28.73913199447362,5.921966746444486,0.5176298283979672,1.2014633670996488,25.972242402843598,1
44.735679253629094,38.280748345882444,42.18523991163949,3.529447751502002,182.95705429402125,1.0027071730651127,11.01121477970706,0.5778770814409091,6.510066762522708,28.699517303047145,1
31.680583532520785,24.85515698307513,44.19464969390383,2.561464453195198,57.07950525460685,17.39378531498865,9.436482993231014,0.7493153551424344,2.873752503684255,34.22079922779335,1
35.96783398568613,44.178810725909685,36.45229880200874,4.417763706273857,194.21249294630744,4.995106411485453,6.7724081435898364,0.9646904788284609,14.198661468684925,21.03126428133016,0
44.54205649913053,30.41147089919052,37.787805308031906,8.213011986006583,151.8743852479344,21.36660615531476,8.88707077729727,0.07356335421576565,10.674508273428888,27.610911407674408,1
42.982606888409705,61.6970653341477,47.8965475678082,4.528842192141154,144.7063966465065,5.276708502559862,8.693057356977452,0.05343460239101716,2.8766894198062176,24.933796673160867,0
42.2560810642392,40.76598359226713,41.689816918199284,7.756926842899501,90.58388847319871,7.0614978569507265,9.588051849084628,0.9375503374073385,0.18483176811028734,27.624675414150417,1
33.8685424056741,78.53661205159489,55.88700564355486,2.129376671192356,87.31876831087655,14.831124331372742,6.632312880951314,0.5298756255182061,16.163140980484254,20.359631710647975,0
32.563313810850985,58.45832464071992,35.36733471637385,7.954942776985712,191.3087329232893,27.445048499906342,11.050820910360784,0.6149030145669361,3.5238881232849506,24.695380320523718,1
40.02964829886646,69.34883381806165,44.477351216798404,3.132399924159838,94.7408681351184,6.351431164439125,7.16557993456009,0.48242360159472886,12.12433284441532,32.298022212905074,0
43.94063983691379,27.951480364510907,43.43363866922732,7.096538168999855,166.3257945078499,4.3272006335431055,9.858921577833659,0.09365745260747449,6.738438261534911,28.309126007819565,1
38.351443395208946,71.72086893635736,35.48319077294003,6.092033993568967,108.96826973106187,22.769304955620917,5.112872524605504,0.7680893784186665,11.709718766300712,26.758737392241763,0
38.574190342048496,75.36543143080365,38.10920997501275,9.362302454905187,70.88811061770559,15.018585970017929,7.608599909259031,0.7472246450885869,6.31307253964648,24.282876075730094,1
34.19968640490426,49.22371512913615,45.34106687296588,4.485902661777827,51.60729465430384,27.353553371453142,7.4619687257116585,0.311703321492812,1.7387912138450834,24.47063784187034,0
41.54239399787905,56.37517626505865,47.32161461118616,1.595486699509964,131.63860055228764,4.3984367147952685,8.8043910000811,0.3062392452284004,4.459000171155072,25.746521503858766,0
32.80565622836285,65.88858805417973,45.10724368137173,1.1723993699612762,196.3668227823399,19.37783679069118,5.509153832440376,0.8378413809055185,3.761171329581512,32.533560649468406,0
34.85518854606366,30.490317635624752,48.27344196030235,8.441727048754778,105.37042907138067,6.986374384554451,10.530919616082759,0.07235725774132662,8.560387048792876,34.50819810212403,1
36.381546579246255,50.15396458780654,49.87829187264204,5.722620738952889,103.57885009895674,4.702812859549179,6.52446561237298,0.8811051483565658,13.165675668523146,26.579830720255618,1
37.614155680266826,43.919781666338785,35.24809552819589,7.977196466514544,101.61374267741631,20.502882454718115,9.739264704174072,0.2566616898959144,5.276121498927151,25.900292581216426,1
33.636145986226204,28.782439529734948,46.6023789863376,3.109830400103632,128.08157559572876,17.810538597261996,10.622484862708653,0.5929847477554939,0.24139870601235902,32.698261637297946,1
31.722552371088053,42.05206533749188,59.087481022189706,4.105753709619103,116.09973251364403,22.644823750869936,8.93313869369059,0.9359941790017777,10.378747285295137,26.403579809544553,1
39.15930063662449,24.090338563129613,47.975807003238714,1.2709348499018704,181.98719400905216,9.283877293385471,10.186182447053898,0.6781225015366464,12.11518978717944,28.28027258443477,0
34.32945829860384,21.54871441696922,51.93855668647383,9.65343092116701,125.82811875852354,13.439149691465698,9.633022185505038,0.4144298124670366,19.257409880036192,23.464124968981167,1
38.718573321339186,28.109977349289366,42.79659644792208,7.010811160307321,126.16367572828531,12.164150289912554,7.488708580064053,0.6895342089054152,11.789416061864937,31.152538036686128,1
32.315440729113035,77.78690669535044,54.34978445381906,9.398845789833755,70.7557392080835,29.522683918995426,10.662009773234956,0.3439796363163702,9.423451187562836,27.979824774061726,1
37.217101527822265,52.97177215370102,54.323037046902876,3.389467666861651,197.4109311365579,8.767468702181636,7.062909589198696,0.27725841634918613,11.468032517954077,32.13551825360513,0
37.98884148827379,77.94932966919319,48.03240119135347,6.503172501030948,87.49593363032446,8.844517150403007,8.99849042426062,0.9966832779346797,18.55801259724054,31.710990950430045,1
30.777353052336405,45.94987269980792,59.40034558198034,7.10649971463374,61.0046101189404,10.636446264858222,10.217784173990776,0.7507902311797877,16.567562912032926,23.225071524050428,1
35.04906417290881,38.70896798511558,38.13875536906633,3.857947302318296,149.47193734628132,16.937822438709645,7.652691368687553,0.6447199773818176,6.45957466727616,30.734533258366437,0
32.016220154084614,50.36851177041464,35.423691622239524,8.632983115140672,139.3049555235309,7.569682327912357,7.119373253321975,0.3552896432193188,4.745087273142746,32.00081611927057,1
30.950624557091515,46.37070131797461,54.253955293927405,9.52445316610223,112.27184809891186,27.458698211378216,8.215422071209758,0.04916082915504816,5.252672247321472,25.191608611735926,1
44.84940348584918,26.339881055704634,55.178888434122065,8.963696059264038,113.3288350821017,7.970566945987905,10.725744460444076,0.03105687603515561,10.08842079430426,22.58913669353412,1
34.83530767462084,58.44957888141237,38.00518072801441,7.6516027834543525,167.7595881569647,26.87447194680584,11.509452342019653,0.5541812554487988,14.880989024571555,20.039482333693822,1
42.148116687819524,32.96229095057598,41.63957082396515,3.497182117524586,79.35689601494735,3.1042519093975396,8.81558389001923,0.7620327210390511,10.064384143659241,26.763554796397223,1
33.81960982145646,57.175277293869776,35.438809084165726,3.5345443789506854,173.03799784173344,19.69688107198957,9.630263437265562,0.5373791904438551,1.3559279165622518,25.286490973082625,0
40.22254083335894,59.0120655438892,42.33271526951412,9.67024288401434,147.3120670842527,27.20956555314731,11.3229153556724,0.8407850719391146,14.471614008799618,28.323647507381132,1
41.403417898345296,29.12149118771889,54.32854684796679,1.0925604634212283,112.84546606692865,5.062483151946886,5.6898279598905965,0.03342653309322163,16.119402573419077,22.820616388831787,0
38.934581109117666,23.68097762664009,47.949013192814476,7.4444497591793,118.70429248758029,29.04980880297765,6.624550045063155,0.3667520764259401,5.789957302394393,32.894983214997126,1
37.073642828252375,66.84569516410639,43.702389829207206,7.356215462997359,88.49708107791437,13.586500812465351,9.962300043761077,0.23707039117417805,13.282514785667008,23.866328234421644,0
36.17761371220903,47.588025426159206,44.29348237265826,6.604205868548177,162.81714990454623,28.371453253230733,10.766211233386098,0.44727296815712203,8.531838021087868,23.39644407631475,1
35.23302399814493,23.489827730328546,35.0338406428867,9.910979614781793,126.93121134579016,20.30460130890141,10.999203198314046,0.07237639319412248,17.782387114548857,27.21071084726534,1
43.94293716371739,79.69197903018602,42.4950131891309,3.806914921873527,98.12818141247654,9.047606096206547,7.905750237984528,0.9541316415710726,16.904511163214796,27.482765356164116,0
42.45929111681593,23.466833659781997,51.16146854094826,4.059746774139233,139.40751736414254,5.6490757475131925,5.625379316043068,0.22325540106936093,10.508639966192845,23.226278431776393,0
44.47540365999769,61.702113731513194,59.35486109540893,1.710454626519,199.36016780769845,9.11205138675298,8.064470341097339,0.9223077754835848,13.83011091627189,24.077910900888735,0
31.864458352283172,79.02073551580482,56.176520674597484,4.9851832288936375,115.28934194848307,2.7905222778802496,6.615142131449376,0.4258931550366818,17.66699402044208,22.545578587328674,0
40.963012128054665,34.350806252955536,35.589874116138226,3.349436736113633,188.10371011679294,4.316038990299893,7.038375184976369,0.985524133255218,9.91434020156551,30.776902674847502,1
44.07510685231557,28.53496212123177,57.46401511687098,4.090480319598798,101.75252598868491,3.1398132103944345,10.40587289786254,0.5540583834602107,6.265014809776439,31.551335468811228,1
32.718495992484904,27.283096365345735,54.579960332465646,8.511146112300649,58.20990603874788,12.688306312246732,5.528689602181208,0.9308328641758075,15.073322758191626,26.934927461889238,1
30.997444010501663,38.196508854055736,54.509403089274514,9.419360621747462,80.63631595526434,23.867351287727594,10.793068522364916,0.005348988694222845,4.401325095693835,30.71130534027526,1
41.116809739350884,26.062748660638803,46.44989397508929,2.6715976480466708,112.80427149915263,4.241506626490206,7.993683600769184,0.7482388061809001,7.770622960120841,31.039030879061684,1
38.61709669769868,61.52968050164792,44.95013232386257,4.352580383981193,82.94523928918535,3.909612995170076,9.172447517704166,0.9030506531025154,17.314544742135872,22.07413291516713,0
42.62743165137408,23.737507887803762,42.57289322082981,9.357675059038547,50.03405573273833,19.302868485519923,5.627565618649753,0.13972056697895407,14.488446805386301,34.49267037251805,1
32.09658564939434,50.56532768898738,36.64237147385914,1.5562761462030037,187.2502306621291,5.915489459041988,7.361513548500957,0.09612585173215149,8.076220104949986,32.31547920644647,0
41.92900967789835,79.8018112311786,40.705884087342476,1.8312447530024065,176.58191168463935,2.9283011432697483,5.62790643310392,0.4245726071859556,4.294890048167148,23.06725191793735,0
33.02440980071617,68.83821617036114,41.16509087445061,2.465118902856064,161.34383472304205,5.005457346167329,11.730806060167767,0.9336789061329351,7.119367816644731,22.792475536191056,0
32.45483914298557,56.913166293860655,47.10192674275504,6.356915507141872,75.17218934690429,27.711941876303282,10.650831545283754,0.5423865601904387,5.68208298454866,21.88491718369374,1
32.463986968964896,38.3752172471967,53.68611016491735,2.354250439053977,68.05453643149791,24.644137583285726,8.217429280495221,0.5274564637217322,3.5217857588770785,22.075678438128776,0
42.21862080347073,57.43375017749831,46.845245709948664,9.712687433056601,60.14071242085747,10.621936870652823,6.565217838265697,0.14112611829932187,14.866658271313133,31.22242698543044,1
39.977958310443,51.6224878346991,36.446111236179014,5.020430745326683,158.60437831593816,19.674623019821784,11.534185736748967,0.0007895110932187865,5.041397737003431,27.044813854274352,0
37.84598137153679,45.565003033422286,58.9447450247051,5.513661643151497,189.3211941031828,16.118270210041143,7.412176170088802,0.8101400907454612,9.083349403355276,31.744012591098006,1
35.38245726185254,27.842622604411968,58.56810797735281,3.2199275422486586,114.58037313695554,20.313727904476917,6.126891021811623,0.08757456298623822,7.717188936722181,31.193823415253082,0
43.158008112196626,73.196252914428,54.62973857871021,5.238642271912601,67.87110079940723,20.48013457388278,8.942150719177684,0.633849818735324,19.641547572712618,29.069190702578325,1
35.88667661133953,46.98707892927935,59.783197539105515,6.957222693733104,126.85892310981599,18.862020451799786,11.606418842413714,0.9146164545151915,7.8218448829644105,30.295499098680192,1
42.24899159207366,31.677350709245903,48.612058320006575,7.760594232586385,102.32478611879452,7.983041056119258,5.026812033502258,0.208651913158431,1.599649655935096,20.275335865687126,1
36.587023628553276,42.06556105263738,59.069208756330156,7.784812744389217,106.22373865249966,1.1701926228845438,6.666873902777992,0.6652728362369108,1.7965150514416806,24.67666470207533,1
35.65416644137361,44.84778515173562,36.89012601541877,6.201020014246795,143.1995936233561,13.667003459703263,11.569133482872854,0.07869857670750946,11.815074427061296,29.567332688891153,0
36.940196785044094,69.65227373401245,44.14201870653429,9.139237974944715,157.80771698933034,26.729216540721115,6.197601768000134,0.603755143837613,11.987271034765312,20.140174302293662,1
34.52066811246213,64.01686283368412,40.63453170016915,8.356670625754983,66.59053983097412,17.084917755557278,5.792704161478739,0.16393172095320274,8.3751798096531,20.4946541552389,0
41.21414070264377,66.15829361848039,39.89582710335675,7.813433032287628,55.33853462097146,24.97173125105724,8.99131051059863,0.735953560515178,8.636873846240594,32.778319737055746,1
37.54080585138719,20.661875865718834,38.5200737223169,1.5004496951241455,199.14954540285723,29.748730288836846,11.03290676306381,0.3012312947939082,1.0786516568174243,30.260372925381077,0
33.48319042720226,44.96923989078569,50.56034103914992,1.0619016599768438,84.90925233733277,4.908486124148288,8.339768723857482,0.46339100880464623,10.330930207785245,23.98054599680516,0
43.49361859911853,48.88064909811942,54.533046393682625,2.9120254947592565,58.07457873626886,20.75332917425947,11.961949796791673,0.5994305420276217,10.094789507607034,30.319442601780636,1
35.75836832059817,21.151536609383403,49.45745998550902,6.9717123452210705,78.481299364388,20.22880721100074,9.754201896765949,0.17127341066623958,2.9909863711388907,31.886850037088948,1
38.15329291670983,35.58879252470206,38.674067739705244,4.700777399942912,55.84367695226963,29.398663420748353,5.518524350473134,0.7416378186176209,2.0767877222185516,24.601914246651518,1
43.597081664468206,65.6173893873281,55.27809424833677,4.621656333693806,108.77163419257576,29.56802201858401,11.949824921773828,0.30264034063681455,2.47144981198981,20.540560662487813,1
39.36356993870988,28.226582343739942,50.898867679093215,8.961281994066525,170.36026766769862,20.600358351723884,7.855259657461334,0.6623718599127535,2.0205649298251704,33.991686870316016,1
31.75347061062546,52.1186078871555,44.704142653174884,9.060065633186548,101.1866674636581,7.308443759465828,7.011817736918378,0.15828305069937365,12.194163910735195,25.177697574434458,0
44.09748185420213,32.91211232103425,51.85325738840157,9.182577376482271,116.62751103175498,23.95667514391797,8.9051542850452,0.6881176592063503,3.9296530480583725,21.597226449270597,1
39.415620796071266,20.727246478633596,41.49762448107082,3.8249026886352455,151.3380160351158,3.210874026331143,7.13015314274605,0.12818807281046174,5.0286030437492695,27.37785307089721,0
35.02358421985629,34.472087455972485,43.629805212355265,7.219502314653356,126.33411051048203,23.42097912514886,5.605202549841066,0.4253564962699836,3.4714428830287947,31.527016934962006,1
32.08908108995081,78.55242529460322,57.937146078299754,3.444698631469327,179.21685290319863,27.30588372434089,5.009998401554237,0.24720607373887682,19.15670608897006,23.32470971926339,0
41.91037783905444,68.09222671297937,42.26261264178551,2.715488497670048,179.90535125686347,11.485001843053057,8.147083470441835,0.7483752494281826,17.09234926303671,24.042350752000452,0
39.301091338927705,77.574598659262,46.74970670394842,2.661692116126323,51.48660432367305,18.919058849492416,10.858043955586146,0.26203500450687456,4.609896747030417,23.64072480197875,0
38.001916379644825,49.27124263558174,57.25352843490037,4.078968587772346,166.70694597247987,12.90428196290479,9.006206299410536,0.8817173063953962,6.55132587844252,34.87509579247517,1
43.40838874576436,26.58417192065021,52.69303375668819,4.869618578018395,119.11004003625108,13.132951649643854,11.994451092604086,0.8918202114066128,4.197856846099944,22.961056005958138,1
41.82895816836796,52.87756933842158,36.55508065411757,8.478542539495615,198.32608119554945,9.311126673243601,7.0079265195304,0.19644131522278585,9.837519189216476,28.63280325449186,0
32.27512319599127,47.26264007359765,38.68257610697426,2.079019841254409,122.48481138131527,22.86388861350974,6.963185453320387,0.6138459450077243,0.3922106494850719,33.87896962485446,0
34.67583101693322,70.66142496437695,35.19603976929792,7.614332626554048,198.03439180824464,28.085296924995156,6.11824622163761,0.08771764171996432,13.427360177935913,22.20344853316669,0
33.72733709721699,25.884954847054676,50.77304475572909,5.7830942277037485,163.18540418086047,28.222525777033834,6.148445117857346,0.3915370996016292,10.463162996352832,34.56281296801551,1
41.15919438859015,49.29446822130669,46.19183563526046,3.5915080840839324,87.29073269199594,5.243438546248015,6.996306172070335,0.7133217295012723,17.972778566022065,34.21215851593437,0
30.50298652103669,29.002919881639055,38.35687127255689,5.4353762607954215,130.75924689304367,26.242309489696982,10.54988031691469,0.6594232468499163,3.287853686568283,33.26857980587394,1
38.54834527306975,39.480555613403595,58.94835302641926,3.6994786279932037,198.8203459217874,22.122943242813665,11.340297534455136,0.624700669406608,16.082184921222634,23.218347819950033,1
41.43688028611036,64.24142464326798,48.2414930986405,6.364737597144754,178.62959116278856,7.585122020708678,11.82561018795377,0.2825408636624436,15.839220289334314,29.51082584016475,0
43.15148455142624,48.56108776212599,41.04733235282223,4.904595305697198,64.60503406868317,2.0185383876454366,6.626027578675169,0.378024949434402,2.5436237843377385,31.4133720944186,0
35.13122623073861,42.553297108746165,47.51508927886769,2.4796497617099087,155.95579952149942,8.03991800653134,11.16908281929864,0.10294614470028618,7.971184482882552,34.790418922946444,0
42.31885957008019,43.66857671420212,51.99050831837769,2.0492476710012704,101.83693788062196,27.36624710344577,7.297785624941359,0.719022820433601,3.403052822890338,22.706357331220556,0
31.65947605432811,47.5668061043592,36.90598044933911,5.920261138649171,51.04733928205222,18.99536024687317,5.789883811618191,0.5038887967912735,5.0944100091509785,31.490388492789446,0
42.696784376017774,67.10099263022342,41.8675953761973,9.12171729957493,110.52214535404994,21.631639826936155,11.09017447864116,0.7087656323456546,5.264923496610887,25.082017548906695,1
31.912329934979738,73.52508133641406,55.17413727209984,4.09561917901917,85.2131632587457,7.714570533272875,9.45273944250533,0.24894352479687276,11.124727880515454,22.634396983520034,0
35.959309358405505,77.3200811902357,46.49162176006653,7.597000965003609,172.83039057807073,21.581644667244607,6.153116272567432,0.3244382286350662,8.22821863520931,26.320654118207823,0
41.95943048669331,67.2142031753177,48.66442855080737,6.927952194457903,100.59959132686483,0.8436451883377127,8.008818802591017,0.33421533726011465,18.954656080126107,31.907538682229244,0
32.24876141023161,38.924413744880766,45.82040005523673,9.38399422878533,174.12855409307258,11.259640373190415,7.010803864139474,0.0257424097472162,2.5274028389401026,26.97274705556078,1
33.438770928489625,61.28808236519253,36.09749856607513,8.388829155692267,50.08969082521929,18.802600456269936,10.15756198097138,0.34104787283062354,19.473842697003974,28.062846503045726,1
40.833788525896,46.25618744332351,39.143744495503896,6.099447330149167,96.17287250391787,4.382896966239606,8.173913614369877,0.8033045735180335,4.612772804285279,34.92739115300182,1
40.80054804819112,35.28023732276307,46.138540968547275,6.9132744841069655,86.17478214616429,24.690107233408042,11.924959615744694,0.8972984957497385,15.457478727637062,25.98663949336139,1
39.61721449327946,70.45229476555537,40.2296366351982,9.085478199256315,85.03510416029164,7.0509389643575595,5.383214875817166,0.5182183156359275,6.779398523456428,29.231011320638597,1
40.4092266670065,22.3055809377395,36.24947571649197,4.595669061282413,60.22799296481941,19.568433384553387,7.485106862953726,0.45550169521922024,2.861627908346278,25.478663024230578,1
38.140866650213944,74.1057195281254,56.09124160129559,3.941152352719996,78.06864056157525,12.15591427725989,8.373301169769842,0.030824618699370254,17.1577837049248,25.891784694930575,0
33.77698588360429,47.68864787748405,59.5298132291029,1.0972997527167672,133.33243548284298,17.881307864329415,8.521934883238238,0.8792043375853826,6.177217984729264,30.434611301681123,0
35.18543990255879,58.232088608496824,54.82857184991849,8.438959667723179,93.70416092566168,3.223516578867244,7.211550756699458,0.013010213425872719,13.177108084536844,34.06830464142325,0
32.723965752021385,59.56123533234696,56.344623042616675,8.208826303630284,112.60921734937219,0.5073839976482197,10.104681743682976,0.9447500802102118,11.328873701732531,28.13538425738482,1
43.62675842000442,73.70706444239218,41.04942825792614,1.9400906629013623,106.53003205207827,27.286932821409035,11.123229514422823,0.48921624868809066,9.435126187817486,31.525998934231698,0
38.75087692149181,58.20018093003244,59.01567438782999,6.191716430194302,181.3857387499842,8.088900263015484,11.571035113845042,0.3419344935747266,9.916389452970781,21.338098382254458,1
36.012771251454595,56.836015085603705,39.923142611335706,5.1758352835019865,185.7948498515773,24.590310083413772,10.635653637596683,0.9242184348426601,14.644758281845752,23.167370561478904,1
36.93008705466199,23.999122433641396,58.78574525904581,2.0683818595820034,123.94354574837901,29.980509014166007,10.954061381146197,0.024390993110096737,1.7554582824688114,27.531974613792986,0
44.20925009417723,51.104481316712246,59.87048234914877,9.825114043546511,99.52339254734066,6.342937739967335,8.853817104339969,0.5814248948690871,13.363613239158102,20.30017585443162,1
32.3002710467412,29.0101400490225,52.79307014365122,2.932262987170199,66.02010560035454,7.955122235500668,10.781217584987703,0.5489325244993376,17.916242027971574,23.792824681438383,0
38.793447480251956,64.24602612328914,59.52859329479555,1.6051076208150503,193.01043190731426,19.88579362903997,7.124527364035666,0.21932040121138208,1.155763940397283,27.761019347374493,0
37.58833018326699,50.73331524876047,49.23849448917759,6.353626415517186,59.03404173504462,28.963459038018637,7.7893513347645005,0.42888743135021057,2.813066784673335,20.22441797384451,1
39.17181353151972,60.8136667525012,41.48854457940226,7.649800094197294,94.64754163524206,27.47443044572232,7.21839109672981,0.6522640059437702,14.332638734040628,23.968194293390624,1
30.27165275731261,22.500374036143057,45.92489714164052,1.2919910144246827,94.70993017550063,15.086265601967547,8.271711348135478,0.7271311968819275,8.745632964892351,27.710462292138043,0
43.08185863416227,25.087520962748194,49.83902338446965,6.9284587485432,98.06019292103224,23.85330847580174,6.999057313670455,0.0007168587065797816,8.070972416273767,28.597238719718685,1
43.981774237254186,62.97940328376094,36.827039050675374,5.79062688356309,74.64302649086139,4.072375592997032,11.731280095781127,0.9368534300910153,2.739332690884717,33.886275395829585,1
38.476997753838134,24.3250601599204,50.55858161543115,1.9293850798754357,167.47421463855457,29.32314552612037,7.189912396039677,0.1645253723928124,10.135400814355762,29.68018434875912,0
40.449762358153386,24.275403665915515,59.529445919057366,2.5527148925172587,68.37467929489839,28.930597021079596,5.686311766776579,0.2335804342223592,2.530906223927545,26.221037037949905,0
43.837490717659435,20.726508514093247,39.752691244593194,6.111768675844725,145.23599887297442,4.911868736375129,8.687720162352894,0.26347344569384823,9.532409126210808,33.955267656996014,1
40.60857951470098,77.39008389796881,54.81487790720958,3.6672185216195956,68.57690400587262,8.982693744093199,5.399693549116234,0.03782013655203531,15.272305979233135,31.773244750816914,0
32.28808564371392,64.25050156754043,57.697469844490485,9.444841557861844,60.580345638943484,3.004649925203008,5.773802164160063,0.12305212359032491,5.16528715774327,23.000133816691214,1
38.6443254025022,41.19508451012385,58.59253982050552,8.368662065356457,186.41442555288148,8.151527966945391,6.535725724373724,0.986349922944162,9.615723363594546,21.962635420232296,1
39.10072569574284,37.792134877259315,59.00339011013618,9.852104858622967,78.51931494780585,24.4786736824562,8.250451749174992,0.31521673737728606,19.840319387936713,30.137174536140996,1
36.36196006953579,40.982193784750976,48.0364909680368,3.3370375505537258,173.18752318395565,11.349468214957785,8.032756526163196,0.11530109033904934,13.733008467080746,28.398247483654757,0
41.04666353437084,66.47921187087091,59.432697699787596,9.727512695181794,131.69463066607037,2.6519090144027513,10.597843034019538,0.10699126117462332,16.827135426103972,31.845104206891335,1
44.01550522153522,59.68223666422487,53.93275517836097,4.881104828124021,61.67847794131544,10.266765743367136,10.176322577188794,0.7194599676699719,8.296952131210915,31.082075751180298,1
43.88352769360164,31.111734072048076,39.041785905924044,4.127669157823791,193.31722871571012,29.441500027238405,7.984228057934909,0.8545686640326409,15.357218462517107,29.378173007862728,1
36.76259057106198,30.44656012004506,46.92250266169925,1.4531457427241792,87.04417504878387,18.890507857776086,7.33592945302941,0.2569522995084699,0.8101834588264367,34.79573257443339,0
31.69857068761133,25.903738982803837,52.9582793843001,1.4748873207364235,178.94680180289097,12.484828392184733,7.21528148843049,0.02090951233523497,2.4582236508448996,28.00384595165613,0
44.772617984435016,59.61816318208029,41.183507895477085,7.228101303519892,75.32150086768462,4.9961554049181,10.417965611058063,0.2230900184453558,4.061411858401243,21.6965863475258,1
42.58347129668901,65.86235973330416,51.01537958872218,5.121360949906251,178.09143232127792,29.585303918510842,5.364506843548888,0.056515690796757334,8.03903849230439,32.42410347223982,0
31.869940218049003,35.90278569950024,51.66501197616548,3.0386946343249512,51.9843219357941,24.625470277893864,5.089751546574241,0.10339493663004151,16.914897566515265,23.777800435185636,0
43.81262823926058,21.25669766185477,39.067493595214145,6.525732756927094,126.7670684854221,8.444319073527582,10.568810743486537,0.43150811984764237,6.92532101575861,31.659532222158774,1
43.04844543093192,24.930300048585643,49.12713281131891,3.2757230642510007,165.4163869132335,2.1020608716356834,8.340024631923345,0.22991837086163258,13.092423870309258,34.356606440000775,0
37.782570856891084,78.07160209070183,54.29067277446519,6.1986857890998035,190.2193276239175,1.698766721326741,5.916167969875032,0.5159458785254234,14.186285896069668,30.45193270946512,0
38.86913153617394,37.72668664864521,47.47239161339855,4.232878722844213,186.38032043097306,3.611344485166015,6.6489615421615085,0.25349375325719037,11.723647081766828,28.940452414247016,0
35.985040558051956,66.15338887028801,35.30257791940269,8.411970039506372,172.94373043214674,17.42305750843265,11.527527671681678,0.9405373011029476,7.144839363402724,26.905792635125607,1
30.82142458233047,57.47981413125583,35.225961726982305,8.386265446901014,183.22870244919562,27.862902636164772,11.016520829374286,0.9059439679262645,11.541066834270886,25.46614798993105,1
35.027958624688516,42.91637837917375,43.92573359925031,5.296153583101612,79.88295287556147,14.902302840179534,9.968495351567807,0.566806105010466,6.845311855794924,25.295071264577544,1
42.042801728970176,32.341235731733306,58.154851710794546,4.157371984015141,92.6276443567593,25.288364473685913,8.375576612361286,0.35442399198738617,1.6774747710402416,29.545590585643858,1
30.069480345069042,27.283185089564384,40.71691949009022,4.263038169031851,93.34527873815878,13.376598595794235,8.6422653833397,0.38114688203473557,19.85607956372029,31.26909675406619,0
35.00248757536716,56.900778082331996,50.85909222179218,8.251430731013961,106.55808965025483,21.257506373034758,11.82671174698771,0.41185228314449696,2.543649072650218,30.177756042266218,1
35.97253040386415,66.47802683826728,40.55189676733301,3.953615345178508,108.99810055777832,21.956182118595024,11.76039310719001,0.727579322134944,1.446967676721147,22.97615151790344,1
38.060934044068844,58.63425521246784,43.041749741488715,2.881534363361614,131.68329869820133,5.21891117710016,6.50688332050084,0.4516389955188379,17.57061498414312,27.409807702152367,0
43.79783424619141,51.8181279949495,56.2010522400371,1.7621950768777614,73.98196450496621,10.836481769274354,10.677731964137227,0.8567299465058974,6.036693217857902,31.874601082745947,1
35.19518991548942,22.517073405898177,53.221536056748675,5.200238087959676,153.6869995678984,19.11906469614072,6.380698663169118,0.9440947859303646,13.005939481470152,27.135561172835843,1
35.20429802844342,78.10932665566303,37.384981932830264,5.339188890278577,75.13498089567597,2.1208982455309853,6.4947623451876595,0.33594615337893385,6.580114593244657,28.04934919603241,0
41.06251872164623,67.92285149927447,45.71755052466084,8.568178393626164,96.54627231568213,10.846205632888697,9.732651239152037,0.5606944813756801,7.829085415889423,31.567040722562332,1
36.78326911334711,37.56932220205788,35.72924409113161,2.991148268014576,125.5017695909231,16.043983988435773,7.835007690112839,0.09505653683256443,5.24225944033593,29.918979593976374,0
33.36907234409973,78.79821976153104,47.022253665075226,4.428921463015599,169.4660842285216,29.88673479133916,11.520810849745642,0.200469047766359,6.860880115860204,26.14017381323589,0
36.786592741990404,56.112895378179324,51.5608502925267,8.27565165004322,160.9203849858091,14.236006878673223,5.623068144272062,0.4134657667101601,8.214008011730861,33.431190667913285,1
32.112855305696996,54.94535949243479,37.96256558995379,8.412612496740762,146.83015346157833,24.48170271342971,8.580679485666451,0.20620271590177885,14.408321381846857,22.43850602995218,0
32.64580479759335,64.88439076577193,42.222123472729145,4.461499683808913,73.36598908702553,12.962018551998533,11.429650713101848,0.8765604907887176,10.230723884695836,34.93274672885487,1
37.475516591092195,68.70618728540825,44.945915637553924,5.132116209580128,132.05680184233665,23.891721678591267,11.328795623356536,0.15828625605909807,18.87130434313954,21.782788677143557,0
36.28388174256822,59.38871643989016,57.98827561640124,3.7295730176435464,63.11697526998282,17.86244404860325,6.095704493910189,0.45566082155309195,0.8376078767755102,20.224249566563582,0
43.7226885160215,27.685744781972,59.831375385574106,9.392993905773809,106.60447651949761,26.59786324507195,7.5664639006751955,0.6056992404598757,10.061366452640563,33.350283517231475,1
35.4359084867495,40.296050359669906,36.1227824748904,2.067793891674223,112.02747954349388,12.328276570503297,9.333849800326874,0.6918639081608444,11.684495776634362,23.67430262548934,0
38.70882525417065,75.685018419563,54.0251980873848,9.40374480701323,55.971715916863076,18.129132594644368,6.115764193399816,0.38306936972650674,18.40393972148548,30.945494411700814,1
39.48396431879296,33.476936710631115,44.29310166005858,7.154798066518089,91.09821492049576,18.900560418564822,11.77615520432017,0.8690990687247285,0.9831704724285517,32.16523062398104,1
30.196416848825006,42.330021430250795,44.811454655737,5.784149374180581,193.3474200899734,12.5214882540142,11.403245301093623,0.5683191510779255,11.46999169870432,32.88479586548175,1
39.95306058025066,45.92461297665176,53.85662433367557,1.2939315470604629,193.04489117445343,4.329361310624446,6.1686512532412845,0.4395077804475518,17.07259857055914,34.8739135349625,0
32.67053950304627,46.36429938166713,57.96066080363522,5.280365726398075,102.84905813788089,2.8067822073700666,5.848088228826898,0.06724063405203662,4.838554562384731,24.410595650599987,0
44.416054762041824,56.77637494967153,58.773214862563705,4.669732945024591,56.46501634224861,0.500146517988993,5.597859379657857,0.464689468445165,17.52584697047875,30.653650128908886,0
32.2299409162967,76.58455026468246,49.42806465095802,2.450969307776103,76.86424089922724,26.206027927356438,11.366105648256418,0.8207358408157303,0.38086818548583645,21.730997874212424,0
36.219361855905355,34.4415627099503,43.92802898251257,6.907686431505912,108.83266901503103,7.094247367160836,6.355366668568226,0.6145410182213155,14.649092582674594,26.10213937035274,1
31.28024502117966,27.290082578055085,54.68872714646948,9.740358166314572,192.16695469538448,6.345202478453041,7.913994499810483,0.8321624537291183,18.66226442337306,32.71957539968886,1
44.95311377768921,31.848229391596238,41.275034581557506,6.059699299580726,71.17985953057774,22.081062012781967,8.141959559564022,0.4940116705993056,13.143953232801245,25.514870690886625,1
37.53292515496864,73.21549401255618,49.101850720837945,7.4327794879955125,164.52737655023185,9.600483392621753,9.193077309494972,0.11846170509448184,8.78058487960896,28.86643070803421,0
38.930775259800654,58.74864875931236,43.96446153812183,1.616054073094151,66.30238090620381,15.181340772355098,5.502147406231975,0.01363984583588107,0.8976203294543605,27.55660165586951,0
31.006147160826412,37.15440735434961,51.4157768426969,4.759002962352953,197.18863660869152,4.875331958923689,6.587310321803612,0.3032195467185912,18.402276266452574,29.689272966680676,0
41.24940705598767,68.95681633811704,41.00997282233767,2.047226366480463,107.24247486637024,28.792371643859077,11.520432708432482,0.6979904714977925,9.405924453831496,34.593415840815425,0
33.148583896433784,71.68219978180616,39.789823643370646,6.515162519828594,166.2851808348584,25.547442000517123,11.358870750879987,0.7902599039416938,0.5799348867189602,20.836032897521033,1
43.470814341610705,70.79086032141669,57.95597716688593,9.446339423927391,101.38866242166978,25.9136886889501,10.469034531839846,0.2957528346203294,13.796421426575238,28.609422762524446,1
33.07709460723011,75.13559201837327,37.545092073738424,6.955999592244747,144.1503315738213,12.203212457160156,5.135808719327508,0.4956539208832471,9.636745071525164,32.94543168875427,0
32.860315809955,35.134461210401696,47.64894769337329,1.6912274348297938,78.8024127110055,22.870836411215183,7.289047379472715,0.4211189044340816,2.4869063488482146,27.220740676226413,0
30.548245017721424,65.3025157247767,40.52131957407522,4.191995844865746,71.90315289454438,4.3162846616934045,9.395711147400355,0.41052278435142786,4.2854361862051915,21.17790778912359,0
37.08100417664999,47.632369836448404,35.97324908314169,5.9559704149676636,190.7096209352197,0.25857007775340834,6.92633148241433,0.2313487132001505,1.2898136091169254,28.408090286251564,0
38.472616998939245,70.5199131734037,35.90047045728566,4.62886980519927,187.64709168566503,0.5991879773408437,11.367106865376442,0.13637110502945837,11.485870794171472,24.981108362357308,0
30.985629591425287,63.70944062969679,39.38054430264568,8.502796094276551,183.12034103193236,17.598052122136814,9.437226232827093,0.19668855823121312,12.440589585040184,22.324126780069037,0
41.63291425042516,66.58684678998347,56.66925886265001,8.332039042389903,143.815017524989,13.661847157438224,5.503347021215119,0.0553323871633461,10.114845967108888,32.7355176992521,0
36.799332521220414,59.36971026086429,42.06196859942567,6.506479180928993,171.24023168244173,15.540460467255592,11.363039121849921,0.19813074182357704,16.3420426600523,27.823992694866824,0
37.8658540399137,30.645726168182414,58.761479264382395,4.361121506194348,60.355540536706236,0.22389421251658215,11.704366607233558,0.009200897625379456,17.220176426160272,33.999146185686,0
36.61144120407342,52.7016151338163,49.54055732472984,3.2980273638691973,100.21835628360188,12.680598589722772,5.543986928742078,0.6272584006359783,12.312487933662533,32.090247569046035,0
36.01144591312989,79.0801843714705,45.91535474421915,1.9528688639181637,97.05546871357343,21.542044836025823,8.726521644029205,0.3163754073876829,0.2551295941486109,30.39457690660501,0
38.394604969623266,76.24328398982713,49.502220866736366,4.194079151378986,145.346798292892,13.280811059023076,7.123549975499193,0.9731447114269086,13.904593114954713,20.07538255047968,0
32.32860368896069,22.5904241478207,47.917459630656694,4.718552654869476,103.39366602059607,21.966576189366666,7.749873535369817,0.19371705077629786,8.359984338407031,26.41735184957375,0
32.728921957429066,29.888888943766226,53.96940634393313,7.082406325936662,72.27601724655213,6.9905689319050435,6.257558525687394,0.3458285703095939,11.31114966452774,22.962294224780486,1
42.92678431520276,27.903726407273716,42.06240164932131,6.9234384186781615,139.47006131203156,24.394260134451763,9.046504714086888,0.3578411586415332,12.981612040377687,33.66196866573301,1
44.19173193200449,63.55879459911773,43.82625979000756,1.6309732567713127,172.1575881003622,17.65293721360357,11.705855472742234,0.00845149606246054,7.004732286541535,22.618759770145402,0
35.599639744196296,69.0671197914167,57.35235756333127,4.55733383888042,107.31852416899598,6.322892982897187,8.521508201901263,0.8392079530394589,18.341970103435884,24.29090077488928,0
34.06117009715331,32.81068197864032,58.661412828760135,2.6360098049562573,69.84030726477226,7.101614275614988,5.580402069761368,0.03199446014432472,2.679497334995624,27.752551516017487,0
39.65999314858524,50.351161577109735,57.313955687161865,2.4113143478512513,79.50322959692346,18.84091393708611,9.340009334341858,0.9401798347292414,13.430236145620748,23.950454284971187,1
36.13101256647145,70.44218168067201,45.48619984893284,8.445719347635213,85.6224957754076,24.8981877963733,7.381560961158799,0.8920743510936207,0.08719159913160857,23.14797015918682,1
30.380795334905173,63.96809268597504,54.50913757517204,1.3772369504463178,94.98463894918044,12.468833460874656,10.991476327139084,0.5355219160859636,18.493022108103617,28.986489876541285,0
32.34228896049286,52.5342323295109,46.90839333252747,4.772645883119091,146.41926057594637,7.749012873827766,8.042747038215293,0.5435955749112921,2.25008266476183,21.333942841325356,0
40.739583432710965,55.420861427526376,47.438496303652556,2.5138329018986636,140.14182268065787,26.010348207318014,6.349877262595719,0.6537779229561563,1.8976846029514927,20.87251638081387,0
39.88385912865227,50.5016328149768,40.1170027264321,8.913971941106265,154.41197923505587,20.078048752525046,6.337739358838014,0.387050011934887,6.660152661044885,25.583679427791072,1
30.406439887552253,37.85290707912924,49.77825758146291,6.0133646194753165,104.37529767972697,13.442564618492295,10.381349265048122,0.6472222833978555,7.471325720781612,30.809966817617934,1
33.32958242899424,53.90131957154097,39.6533974438337,3.082425727391632,173.59964778199674,14.637005858379055,6.859113188151519,0.04476838868848687,4.286001446457572,28.32210137410922,0
33.46612194882107,61.33311812300544,43.28911747667985,5.521845584497388,80.61314917336404,6.127694038091892,10.370633759114561,0.05404762734972657,11.702433218542494,26.343147027001685,0
40.078391153980924,72.39937495164847,56.375755040498376,7.583377237328042,120.3561121277231,18.804078901945317,6.441211175366195,0.45723041961954436,8.858281960839271,28.486273463368736,1
30.29565806631546,58.177481238754886,40.176895230271384,9.623062080274904,170.14080823121455,10.76227531628666,7.251804580909166,0.5496223011060349,0.6835117808217483,25.481772269799105,1
31.561628729768607,65.66729222258948,36.77895712933582,2.9840140382087705,77.0237971598929,29.869355300230477,8.258408807077895,0.887817640335819,6.393041245106012,34.0421950314817,0
41.99874128059784,29.60429809727438,36.725189815320405,8.975635949164106,66.47946706111745,14.405505457856636,11.602370947854155,0.10466063390789626,16.20865827146341,20.823573363661616,1
32.678169930815,47.693448465187394,58.51961301257769,9.408737027507412,182.55259515319847,14.576568185688396,11.522119973276773,0.8226479271938894,13.794030697237371,30.10087218544753,1
39.79119161777812,20.559897189625598,47.67301094904587,9.247784900788597,101.43944941387939,16.975553622320156,6.448103127956014,0.2100473372920696,14.49741707159761,33.36923997241626,1
33.5727417157009,34.80073187129738,45.23530179542546,6.718729211757188,152.5805187363548,27.5026800935624,7.507533288701509,0.39408364851003186,13.962338481670471,32.058270631028805,1
31.491620891390177,63.587702906780294,55.27196452519796,6.668385889912369,53.80229063959077,24.02454299579251,6.0457957191764065,0.3166024348274129,6.219460427660666,22.7606155223217,0
33.64758286499181,79.5085970809618,55.895648197762895,4.628895698654405,153.50703326141746,13.533902093935243,8.56989555519448,0.400155272865399,1.9932784415355176,24.438895234704326,0
40.83400397783489,25.950685975232954,43.30477582789011,7.771580940734091,97.41519673204559,21.56097797918388,8.224077854862667,0.15049549807258555,5.44934368066192,30.75571908060657,1
42.835447021594284,44.08965895167729,52.34045143684488,5.781646165158388,58.36112803811626,17.58706496342285,11.305321137155127,0.503570074403555,16.635706003703184,21.264058387711483,1
42.45329796850487,68.00425812194956,54.27807039629717,7.096942641054651,141.47191423221756,14.771011461037467,11.510037644537508,0.8016425898313673,19.609415955661422,32.17792549748876,1
35.95775294427682,32.24213807773393,51.366267171648865,4.856121134639159,86.120572410976,5.769473183530516,7.684971737051045,0.44153401037889695,9.876940294831227,30.783604169071857,1
40.021277048559696,53.30509695813718,38.78987687000249,7.583468176388251,108.021086307782,13.918087903646727,8.442165601132926,0.4906135758981991,0.1940070984608444,30.944099738530138,1
33.07476443123731,63.98427776178049,56.89707708792643,8.420243658440942,62.08712184297704,7.37455761067724,11.273653744022932,0.8487675852813142,2.8008962426845807,21.50362055401387,1
34.3972159539152,56.95912701561074,48.47736381840022,2.317926309425345,72.0744876642418,27.44526449554964,10.646954654215431,0.7060581146380308,6.441611506325316,30.766408172243462,0
43.445037277816795,31.28148407692497,42.06181065925009,8.496367440168052,94.69658532437657,10.062204404890409,5.025594179412545,0.4904544085197847,11.571706971858994,30.19727187829955,1
30.19502885266104,41.323074121144366,45.63070463594235,5.862668786112765,63.46392508402357,28.567920436001167,7.240416949285077,0.25769564818917967,1.5018729161062794,32.46383736232776,0
31.28262796281702,67.02750706912383,35.939277259972684,8.60199318181202,186.6239397029473,15.991658702841336,7.952419693552882,0.8849267468449666,18.867145974197634,20.62393934384704,1
33.11829382719041,53.253590847921,38.19667003056044,4.881715357069131,50.90705647759676,18.94633136028481,6.6080139857826214,0.5770204016905583,7.3016734656880145,20.34666002701688,0
30.397983058107297,20.313776812574766,54.13866876289652,4.411364368447315,122.5790328296467,16.28821333467983,6.397001311271572,0.2211476101106934,18.251684358496462,25.59510649817841,0
32.72153152634696,65.65944560168563,35.00029086888415,9.235546592655002,68.48711871988272,3.8814185090010267,5.264491546169758,0.26911975263801036,15.610436055140436,22.231824257737294,0
38.745623414545385,22.118681296414344,45.414145712057305,3.2605234079356116,96.15186342169227,11.27463657023823,9.503588075488324,0.8031330889362459,15.108745450311623,28.375767163553327,1
36.32136825888747,64.74402696387392,48.06275452713971,8.597910927575288,188.90893397273982,2.974383368328718,6.837572033382159,0.04414556208745546,12.13439159564464,33.76023352260123,0
43.39007566615462,32.14883360991425,36.365860500024304,5.356185152584637,74.25418299109802,18.68862132550145,5.366430249019191,0.9920921870288201,12.535676341036892,25.872195955010234,1
42.26165342607661,77.48440880716282,59.32695407430832,5.626858982961338,194.8748479577499,13.406225856013167,6.616855173696445,0.13035167971479178,12.760064704324963,32.67425565908906,0
35.12726027546814,42.07644507812507,40.6531332812418,3.7762145334053563,80.86915654841326,23.339549147128103,10.613397669852887,0.7960685253969374,12.574427740511641,20.003613117767998,1
33.89135150146939,39.615896980284745,42.60496799090702,6.157379805571141,161.23491627002443,6.614114429981095,10.960424271525827,0.39477531677168287,11.074564627967225,22.527719651887764,1
35.69538612250901,28.93328301994668,42.59856280637568,3.9269007664859017,132.00158973459676,4.9369817528800475,8.38146371635312,0.49221618328746686,19.728280369657778,20.456353094811284,0
38.85442413772212,38.33625292941289,40.76041655293375,1.3534247281748708,182.67180913951387,12.189966928913034,7.912494692860803,0.8806505774645779,14.645811348513922,24.92220770772603,0
34.02095461234315,72.59904570969204,35.036845552157786,3.4479874480992043,133.09898832546963,27.797561496551435,11.844975854512473,0.41291118958921325,15.538927767850424,33.62284393544754,0
39.36223361773701,79.78006025763483,53.23361985219991,1.057411390659316,130.1838828734463,21.312654450372353,6.40395261711649,0.5374937536732345,17.449256301673483,21.454281853984817,0
36.1411747828686,42.098571830410904,59.17113749498213,9.80519308351171,79.31870005525998,12.56770874378756,6.507514979982259,0.04929966240916994,4.312795254516983,29.096146651157007,1
38.2807077127797,46.916637857272555,40.60733708212613,9.691724888377728,74.9344043077488,15.518165092629317,7.043070239254798,0.0023474738674531537,1.6760831819012156,26.772439086791664,1
36.54189793702975,63.32425629216422,51.576179795085565,4.556397677250745,187.47337266732714,2.52639033531295,6.209301227967611,0.2447998730017259,9.657888731971973,34.077023185487185,0
34.41698639312877,73.17174682790447,53.54740817396788,7.555337689056814,99.17572982750511,29.537276891283394,7.655559187429306,0.6805830929187673,10.281613912385463,21.837787138056406,1
44.22679960443235,55.58266005120705,56.21063447726311,4.112254885693825,105.81233824443439,19.992219140847567,11.375839588928276,0.1212648933591367,16.583635598998356,23.180417757533434,0
41.45408691239641,43.491541890669765,45.56572992534023,7.039838413773785,163.97354876425825,8.562122053902675,9.30743488440002,0.11376195880454942,8.875671585646714,20.4431295291724,0
32.10169763649679,44.75731045091742,42.57327264101073,8.248870387413811,100.8235223634211,17.57425182645733,7.883625840285846,0.4109606080359033,11.417060510886255,26.509028744470605,1
43.027019638468694,61.73708878980841,43.13237835057578,9.520806202230167,192.8093669958504,3.284470982069819,11.540875561998504,0.6478370386082265,10.541418770269166,24.167493493469813,1
37.31146797374271,20.193095816256722,52.815533327462816,4.601910482647048,160.68916534982003,28.975100064227508,5.339249627330756,0.7120719922479305,0.7640556751478211,33.04858900835481,1
43.41828340341137,57.17536024759044,55.4194866626409,8.049681846604429,139.614386386013,5.243549636500978,6.471933245313029,0.17845067409837478,12.30429793193828,29.074112197966326,1
41.99782883920973,41.329580626481444,39.54034919391506,3.393356055689069,182.13427408171287,19.440909541656424,8.961220235712313,0.07958814737204245,16.560865715485043,29.211361069635526,0
36.3782025670385,67.65183987662505,44.27352520394413,9.912990734142834,57.440886252422416,7.363633876167913,9.308868362352253,0.9403970339455442,3.1500109615160765,27.978660453219536,1
30.33703962480176,25.57943838938793,57.54850491872875,1.2319263888791603,88.5594038283813,21.526841479456074,5.276902545938292,0.26066638256210173,11.886634678531916,21.377755058438016,0
34.03016039077419,55.29213601690343,55.16733799236848,6.4317592585100885,119.75545013313649,23.304641017208432,7.821271305349925,0.8533464976087238,11.872210888928286,26.675280255880327,1
38.124513219913005,48.858373393167426,59.6214600690619,6.935553834861944,84.04678092072815,20.202591867342978,9.544077753816108,0.8634914504628183,3.283699281127175,34.99257784562775,1
39.50217329739221,58.53953155431364,53.85620649205202,7.19241001366716,161.58577809532278,18.434983807655776,9.88649382482381,0.7725225917625445,2.4692714746147204,32.52843936269022,1
33.868315281498035,23.891215668978102,44.82988002569806,2.083488209101801,187.88120465805878,26.77407281856035,9.466979317613884,0.16883360665257008,19.601038859529694,33.40188581250674,0
32.090341111092364,54.799027245687874,49.76594584986594,9.446768051258173,113.56551798963851,2.3588013296927413,7.243942570526472,0.8218014592542003,7.874383393060751,32.34839538869749,1
42.523953551989486,53.689075277571426,51.52535635618301,2.6306495114507453,101.31989001678424,9.927442973405856,5.654640865185367,0.7692505592415867,4.548434574470585,21.54562540146474,0
44.76603271055328,53.639605664970254,36.9613954079281,6.60478062915857,194.23260982063493,7.448624388925379,7.989787124935338,0.5967229901062171,3.426490889087499,23.411723810971996,1
37.88535273454029,56.20925999578729,48.61242397759663,3.0040847121077645,116.72786492413113,29.640418861962647,5.901281061576388,0.33720203516895275,13.352034271664701,20.046824770346145,0
32.575189287724555,60.58807623358173,52.73302071181524,3.764947753191438,123.35726006739249,11.681693390006204,11.63336560964467,0.2625086042665441,12.188905946545576,24.552651873171673,0
34.084609897790536,68.29933998084618,39.18303260002651,5.918126875553119,102.74748085128581,21.978380977211962,8.326196062158399,0.12188921208035897,12.871042459748349,21.62911103519739,0
30.275860148212,36.18924320769286,54.51579293563893,4.754740767081188,186.43227095182075,20.541754916430136,7.220814220498073,0.5097570669008714,1.7601205502290451,27.091900179523744,1
43.71448209840749,69.50296461080373,49.59431951285279,2.4420304087885567,135.3433224922776,6.362437124321332,10.3641284978323,0.5852608755098465,17.87069166996874,30.156912328608527,0
31.766266243352117,49.89534093580722,58.80554464243987,2.5384276217876347,164.32618807724668,7.169930406346539,8.485640148075847,0.3593389905157872,7.785327936180966,33.11757942557116,0
38.6477471327138,24.62349674805987,36.060557455172294,4.763303093465197,171.77100775263295,8.438536906591024,7.170238168087151,0.47535906768086855,6.267388128607159,31.238257476363472,0
34.110828310308094,23.513055754638753,41.63315343888667,7.8155468044795064,101.27735628758873,12.333818347781376,10.683774196735612,0.3635144573692667,9.247228944954784,34.07878393667758,1
38.3126700377369,40.05429912176365,50.0388469824956,9.081681821630097,115.054149698057,7.029751969515804,11.070065057007854,0.6410060573207013,7.801321314952565,20.80847435590683,1
39.77130582527796,67.09381862668806,42.41399780514827,1.7571489603344457,177.2707661609397,0.5895444824054341,9.711057164020739,0.9012592077965633,17.27154006278292,20.18269753124812,0
42.446127055608024,62.460856084454946,52.86060410178106,4.537935168034609,104.48830275137153,26.381791704215864,5.328750956853671,0.16392026204694488,18.58521950395784,29.92007170754319,0
33.096319076409046,67.31689788034438,53.97513206304828,1.9022100735058896,169.0902700177777,28.96829494142652,8.964260161165726,0.3814088099031234,6.069064328992124,24.340286153333693,0
30.164937429877206,51.03614338649656,37.56289910166186,1.149332325693381,191.14884838616555,10.247111610947039,10.343064383980971,0.14086860395086132,17.278716149199095,23.802515241586597,0
32.05328445103211,46.41193987732943,47.84636160516919,6.95546814379561,143.48155596020104,10.155206382764186,5.955521084585075,0.624943770407832,15.630462590661342,24.963306315406914,1
43.500279627721575,28.84715160237704,47.7222638897764,6.42204497769929,161.24409311778334,0.2127543832311296,6.600695259692223,0.7288705094885958,18.616153446895236,24.046940868385462,1
43.10835116343773,39.69156521655869,44.23201925538853,2.467172024333976,170.76459680617023,20.40752064991122,11.177465735476956,0.9319127325974559,4.915006243717757,27.67154609452381,1
38.961196532554624,46.04116197043251,58.3231215642418,3.104315497837577,176.7559473344964,24.763196872458863,5.1408520529715185,0.2788719262609649,11.539183002419582,26.60222670836199,0
39.0077529065048,25.316025780777032,55.68765799683053,1.2133697828006653,109.2580006785194,4.398249010800095,10.269089964781832,0.9502112058654302,5.490891694808893,27.686428270649845,1
39.97555011819383,33.236717162672676,52.43023454774092,8.514524851249632,57.689518876399724,4.789990481014522,8.31641304760096,0.0632626718206748,16.481889809687484,30.09070417250654,1
32.630569179351745,55.89351764382433,52.85816589337494,9.772215364436963,110.28144068551093,23.70249749914313,8.127405111877248,0.6030138633645882,0.10648381142128516,25.806957634567226,1
43.7161791888744,64.1397868543514,46.54290359532798,2.2191358311522174,151.06343446761346,18.48872245062434,5.04967572746421,0.057132719343329974,11.296383257727921,23.76961530713235,0
36.2815578733811,79.90085068357698,58.0248630274144,3.083276923887683,117.55255786711892,1.3458167288315104,10.73578761676545,0.8937741877619448,6.78406862543836,22.49300805213118,0
35.74707792374246,75.98679988061346,52.36488568133213,8.815685715522406,162.3444726290598,18.676409713868452,7.518774304455965,0.5298090570700541,6.453674141556405,25.242111792989384,1
37.78376557924256,58.55391197211149,53.224526541395406,9.338174181605664,103.54736442029957,9.267531685312981,8.7853594191038,0.6693483507627961,12.898126477298339,31.127097128692583,1
30.704489501625826,45.27488319764432,56.54227259468363,4.776646445261293,145.2116211656044,11.061754664125377,9.741104804349616,0.8315739259104525,17.02968898627988,31.350573651672043,1
32.494250531341194,58.17064188249396,41.851789733554774,1.4556022504216672,77.9629707280962,23.091942548906406,9.91840703506541,0.15031062248396876,12.183907827866525,30.003580800263155,0
41.07050424639556,67.13909708481393,55.176772596667575,1.3545265032353746,162.40541549674356,24.328055780178317,11.691860411782507,0.038591561938133845,17.06345957293445,23.51042262960312,0
31.241980018876898,27.10017145540324,39.8810150739123,6.165548794621094,131.85439532195386,12.01069880519492,8.719379672656263,0.8788811459128522,5.291942237620599,28.821293687820464,1
39.04728164199582,44.59429338177729,43.63354880612219,4.536055980038611,80.60965828199008,28.414588080190644,7.798036856820993,0.3149332274589325,10.390037095299622,28.56034492365272,0
33.680236645219814,70.38813713813704,43.390261356746066,1.2578718481988906,93.7866760246711,12.193881538562167,11.675925385441955,0.12897890792716526,9.01073078134152,27.263992971645884,0
35.83943421062965,43.02997711598264,59.463136709728516,6.249271530813011,162.29130628727484,23.1550810569033,9.494771645178648,0.46846123708708653,0.23289799006192435,28.249684795757965,1
34.3304060515605,54.31233627363119,56.413430593698166,1.1017228293012022,122.3901853492281,14.516317936927772,7.087052493935889,0.5983060756960188,11.136242862814802,27.37685948935502,0
35.33509074697424,55.26616165173189,52.52924653975649,8.086347623343457,82.40471605896083,26.92596979566252,5.885249717824998,0.030970603422510123,13.230486482923498,28.48184549111162,0
40.78568857776368,31.06857518801836,53.17641904038476,3.7578954043303443,195.09067855554466,27.23283730950536,10.89788151025627,0.2748956582570877,11.8382880883814,30.73258931931693,1
34.456825734347625,41.734126499137304,49.05181986006428,1.362322027083089,157.2687529725332,2.6225042361325155,7.5352712195590605,0.03279987427689601,14.72559797566843,21.644422916051596,0
38.49606960445346,40.07067732451593,58.67726667771298,6.29516998884838,193.57022488096942,28.09479993930677,9.623288049551018,0.42033538919549895,11.426790569061541,31.244386282235354,1
37.140756032986495,21.571802511923888,47.40646882205904,4.579159729897492,114.06575680405149,24.76604524561247,8.295714935561287,0.8951000290662443,1.3350050970151384,22.038292251913912,1
39.95506748043972,21.451505833481313,44.51294274674736,9.764203720214345,121.26505110375807,23.739321429380006,6.392508458565269,0.9826524114935692,2.3289104816942285,20.99941997615562,1
44.05244608987137,69.9018226205464,39.075883423289774,5.89778796253332,184.69328242775288,6.027340190565673,9.211806260343256,0.6370475535036275,11.929491550879048,34.64119529332201,1
40.98858145815375,36.38424859836874,54.655141306526446,3.477152629333075,128.7574010368077,24.153576262639948,5.424781482654776,0.1616376937845918,5.499583839472804,34.354876533056625,0
33.22410567886135,51.084725974328926,53.36109830188978,7.384949781705773,156.0918367858501,25.503982040551104,7.893397219098345,0.9058493899993058,1.5929025806953168,20.906548174108462,1
30.46774702591927,37.92353441532639,44.60887596310337,3.443428022884402,87.82593162432948,8.674510033624529,8.826304577645697,0.5162478232000605,8.592054868970935,26.64880162212443,0
33.93396066449738,76.44075470692043,35.629835348980734,9.138189622668087,117.00897030539608,28.567802350869712,8.052328818830054,0.1537493121029181,11.086451961673108,22.79367407449662,0
38.92616896050382,35.55780553194643,55.97493319295027,4.372497734566387,68.51747987155326,1.4958043919749275,10.240705226756937,0.9217266694516614,6.5749197669921315,27.28017345701627,1
30.771387202263757,45.779408764336104,35.28544958635184,5.948817064985847,80.89700538154425,4.49727759741419,10.795474681817186,0.757469050723103,14.408674044515559,32.45265864499381,1
37.445493708018546,72.36381502907611,52.592494490726274,1.4551579344180596,50.14151229014466,16.12743414154543,10.398701518232247,0.7317052727231516,12.875412162024894,34.259176621143354,0
38.952642733753336,70.51601400750852,59.25642774315143,4.835091141570077,55.889757747299036,17.273774133669292,5.2716906346826145,0.7091807037944047,6.656367221833439,29.51378980177306,1
35.01365836225441,31.16608507077664,45.941533203705085,8.491271856948956,196.5925734765394,19.354502499027102,6.358901393121806,0.20033982109644233,15.097450578171212,25.308585008177253,1
41.56368305618733,68.15859858774263,40.87433512489882,8.250839248270077,86.35305427051435,0.5090738794639937,8.75625256484642,0.21100669170752606,12.973900850660709,29.049883484668975,0
31.59897379700658,47.49121320427356,52.62177525108454,3.0188670296817364,149.4966064256003,28.811003238663908,11.543754283106608,0.688292998427255,12.748907574358041,24.680019591626756,0
31.127066726037132,48.97813232512131,55.428203550389625,3.034711639095064,175.86495481994172,1.3376427820243197,10.844697425364817,0.21972275011039688,11.06855401574136,33.6473546124809,0
40.92283134305405,28.008798344956627,48.660757901946184,8.35574780991913,132.59906888548466,4.291858581702072,10.897741558462611,0.43867169680304885,0.2277933617710559,33.05600694658756,1
37.43236974309298,24.83609082542748,59.175881881403654,9.37358578152393,72.97167501259344,0.4204355257817094,7.1224573563177245,0.7820018255939414,13.930143669537783,28.373476254194912,1
40.32603594641604,63.67635841842591,36.29171804144903,1.858248291457032,159.21746560042496,17.005752998822842,8.006135279550918,0.783952518097841,7.5208358221831295,24.87198373070541,0
36.52241007905619,49.787669141317984,47.6198899576132,5.050527754836027,140.03771151493746,27.968006517629167,8.294941631211561,0.45326177252585964,18.852194203173113,24.400845133744674,0
33.6960304985866,46.21104215691077,52.96134868306375,4.0370885106780605,159.68758840210626,19.978414982413927,6.101601083449372,0.7921899382752451,16.359695421544107,20.501269920575893,0
42.286534765113,63.7704937191438,56.566011778729475,8.836196099116954,165.46199342856306,24.67972405441282,5.217476911711194,0.8386217961980568,11.753889390626245,32.23731276537943,1
41.99123818453469,65.93077393946658,39.48139029769475,1.751724232120169,196.31155515271178,0.39843610375740246,11.628320296223619,0.6547757512842602,5.043639636385389,26.75574819558512,0
40.4204470628164,29.534490060161215,55.000087044092034,2.9001334830223366,136.0344920040065,16.260458954391783,6.684988099644547,0.22842585230842016,4.074347865553332,24.876993926003966,0
34.08217705844944,56.61350896865848,48.81767689296363,7.772215038278449,101.24616690359028,13.786889325165657,6.679642326065419,0.2740117803855475,6.8076967535509825,27.06665532496631,1
38.853460003036304,28.12124493666113,44.91384204974908,1.4616446408309403,147.26968353503557,14.969038326623792,5.583653376381317,0.31484115540873536,9.531358871600371,32.281069856819784,0
35.4146084541004,65.08250516174274,38.29287571447734,5.432818426428604,60.26610638639392,2.1663955600556384,11.49955426360645,0.116804107733952,5.921310200778942,21.86921311561282,0
31.373731099899512,59.41730937602837,56.63239397272281,4.9789633121174806,184.60959774823795,20.533060832079222,9.058159804578404,0.2731596203699451,10.298589907849657,32.864839823627406,0
43.75970363193364,77.39687726500748,38.93183020449288,4.009610610898738,67.90715170072951,15.096612445759034,9.669257999877477,0.20951922431253212,3.3074085102637185,33.46263252662531,0
32.05227946378442,24.13748098138527,42.74469648022748,4.551150837870314,99.17642568287275,22.95446549583792,11.381038210841368,0.45532874980860216,19.554256256509998,34.20061872550832,1
44.253560307312036,23.42328326907526,42.25113829906092,5.769465282372097,172.36180709391812,14.558719021851461,7.419341182305526,0.9084375478722649,2.1584910992998774,25.962319886339415,1
36.69008659436933,36.93122448159201,56.78535085477136,2.452306225495448,139.5968567496068,4.481449086792963,9.350551177966588,0.10448031675395808,18.63888279308744,23.25710606056508,0
