eq_magnitude,seafloor_disp,water_depth,distance_epicenter,wave_height,wave_period,coastal_elevation,tidal_range,shoreline_slope,warning_time,target
6.49816047538945,1.3330981797737884,2308.5284186795298,201.8108982626694,5.719958782835928,14.840888006936051,32.4128477038911,0.1939972736444373,7.202679239473956,54.814680684161694,0
8.802857225639665,2.9385542632026116,2234.8939953599993,239.0044191574117,8.054323292999863,16.835891484375537,8.619318105258312,0.9338626411556467,6.872830044131277,31.52162890916988,1
7.92797576724562,4.428256261443837,5531.272902605184,75.1403696377497,7.60160929790159,26.36368483005451,43.619728167740746,4.156229025449712,0.9575419866335766,43.494616310165064,1
7.394633936788146,3.7950119888430254,2247.7309992475302,187.46222988209968,1.5389990469377368,13.500109651497304,30.655811953462077,3.8338417816916786,9.225724049058,26.16289787835527,1
5.624074561769746,4.129525165376524,2359.7486306431547,171.5237949431246,1.492494697414739,26.741242120304282,7.8601941778477125,1.7532134572857343,5.684722021568196,37.80207465254629,0
5.623978081344811,3.464525150198228,4796.991312089818,249.84911303648133,2.6817436774491332,7.203360774417288,48.116902874060344,1.8840531388710624,3.6372552113568424,20.43455624526712,0
5.232334448672798,3.615244540330336,3248.6992122527,271.82611814437814,3.610747263410372,24.41996093021577,25.91827316676603,2.667772167767897,7.565385834953067,18.06954118712672,0
8.46470458309974,4.321380432043936,4883.552784775906,3.6470314432160422,4.084555814084826,26.188690826368408,3.6449225935827503,0.0012050234256727466,2.5736545840163405,34.69378717017082,1
7.404460046972835,1.6235060398663368,1326.8307878219262,202.20597571763778,6.796972168333452,9.545441320933469,31.34164522075336,1.2062216801901393,6.935098370463204,29.88778045103882,0
7.832290311184182,2.702412336394132,3437.8559683669214,15.550739735918706,0.566804321658354,15.75866330930501,12.65994535064051,1.0411590430410722,0.3971120757224722,34.772182148998866,1
5.08233797718321,1.49544248818821,1168.0680009164132,164.65759952320678,0.34672704226066386,9.13749436659139,40.18467259386512,1.2524147337488172,8.39408037609272,17.199634877221378,0
8.879639408647977,4.944506035984912,1313.2660172767726,86.28981871310346,3.9191056294390902,22.665103224855443,40.891103678309534,4.029529212667207,4.481708470213185,22.017469909019717,1
8.329770563201688,4.74826702858976,5532.187266722055,92.03297985664236,6.971636921379805,18.383694201541417,48.94736779273309,1.3983692827322158,6.3669291435794175,5.033877637734559,1
5.849356442713105,0.6774206511582765,1696.226855587976,105.88755103570698,1.9343534295648257,20.883083667708025,25.093476551225187,0.9576066102507408,2.212378198066837,3.136582336332343,0
5.7272998688284025,3.675088276320598,3662.1034113760857,186.38773471488304,6.415044812562517,9.912174173905278,22.747843986386858,2.5213173039651577,6.770737126584479,15.207427780380975,0
5.733618039413735,4.663617428370496,3055.478013003533,100.21498970063077,2.5982813794029944,10.293646551310488,37.67378027232403,4.32822518186366,7.722402758932766,4.454811559832745,0
6.216968971838151,1.3125890530730009,2736.7166312942136,219.80971517708412,8.860861088135163,6.037433137747659,6.623532817096328,1.2067485191874994,4.732131868843988,6.226482518084442,0
7.099025726528952,3.0557535374868325,5499.166728436362,121.35821567216091,8.956899442666165,13.051688379893243,27.34577568965621,0.39268121396399347,6.177269240617943,48.775704323636226,1
6.727780074568463,4.619697339146188,1109.1169838774474,20.505960092987586,2.9728720428132647,18.99361653334187,27.312380006542547,1.7820236792483235,4.563259238223986,2.332421821001358,1
6.164916560792168,0.6527569036360947,4318.948430877946,235.12795274523216,2.2999375396324053,26.44837284993322,4.473656140519361,3.738259122824889,8.940913692578455,39.53656763608456,0
7.447411578889518,3.6383912026107796,5816.972171067752,85.7274973778118,4.113039720662313,21.673186186467017,20.899204275345678,2.753452723473973,4.978691805143192,16.35346492892403,1
5.557975442608168,1.8380705331764784,3800.8409173092095,129.83006387977878,2.405315851801487,15.884908084993786,42.6642399283601,4.0839668478717375,8.41808709028819,52.29274084248759,0
6.168578594140873,4.6597828791943865,5684.112310165459,205.63316496657046,6.723838432917036,28.828002859853445,42.80768109973302,4.79796073804617,8.013520582702485,29.099537074649973,1
6.465447373174767,4.869762103244155,1261.2893964301188,99.7368471446136,8.260646845482855,22.981130014395795,4.96188324598405,3.963312383758085,4.105048213483565,18.334587559669544,1
6.824279936868144,4.749199201010453,3093.9665953708068,16.97569684401469,6.73092130911217,28.25413007156375,4.536044137391543,3.019015394218767,2.30084491857475,31.058336141366073,1
8.140703845572055,2.633963974958587,2300.7889548102557,112.17631410384408,8.243504472493495,18.189699331804142,13.134773850096765,2.4667079402619025,4.0608213255977095,22.91748114271613,1
5.7986951286334385,4.379191929451911,4654.1048249036485,283.33457480829105,3.9699216220747413,11.472606869828489,43.73830312769967,0.20034543174133335,8.262173757752201,33.85806388018981,0
7.056937753654447,4.300472293407816,5906.485452486233,192.52031918956746,1.5631697070886086,6.32066715911805,6.445129253674947,4.921609894070206,2.2763253581939233,6.871972099580894,0
7.36965827544817,1.9359521295946505,2282.650312221239,201.4437446001621,7.379509473975921,23.15212128709626,35.99984013137231,1.9174056128752126,5.244363458577493,59.819430168753065,1
5.185801650879991,4.230119633678048,4270.873007370372,189.68464609129197,3.604745051415539,8.032574950138354,5.0582809806551605,0.761141069584334,8.060967479607475,25.533352661803054,0
7.4301794076057535,0.6665343562197168,1990.4881637987005,59.69764168783104,6.712708252291325,12.569378206799179,31.15689268739127,3.3335442769822836,3.5347747512837877,20.89383838244212,0
5.682096494749166,3.1832144531692386,3826.6512728580497,125.50015923068403,2.7064394198176567,18.311772697097435,17.80336495595724,1.4214414454772966,6.422096370026974,42.612590898975895,0
5.260206371941118,1.5350397677946637,3319.662433441681,225.28193950899546,0.8122963480667267,19.11041469449369,39.44569814829335,2.928891354655238,2.4563157404881455,21.83396438971995,0
8.795542149013333,1.0425509859977546,5860.0266481576855,30.411869265947743,9.925817954877633,20.0145799246784,11.68452244126818,2.933839539222956,1.0927944536815992,49.99645830172546,1
8.862528132298237,0.8462894073314412,4042.636363482333,83.35583282691368,1.5620150793059928,9.156383258742515,31.960091469497993,2.228649104514346,7.943842250928563,27.256243461625516,1
8.233589392465845,3.633299491451629,2747.5318604340937,82.89573253975608,9.884209939634811,14.49343512054122,11.784126728794247,4.180593077725213,0.9896862340870682,43.17350479592609,1
6.218455076693482,2.0294373369562977,1570.478924439667,129.6056782783518,9.772799325664472,20.429855677924166,35.68301415560769,1.324835307777215,2.7138139507958456,6.447192986513192,0
5.3906884560255355,3.7614504718794266,1756.2341436746729,294.1106222826555,7.938181039080396,29.245471615844618,43.68390172803744,2.243162958088671,8.5510942199744,50.767151133306704,0
7.736932106048627,0.7941035335952407,2126.584649756175,20.250764005146582,6.594229620819975,23.190778442492217,6.3400899563380015,2.6884606429548574,3.464692870786672,44.14307920668659,1
6.760609974958405,1.9188065202377464,2254.83330670149,155.61029831417852,5.778070502510847,28.065093927348947,43.329784429775174,3.318123603836498,9.73045349514161,12.703006707717941,0
5.488152939379115,2.9277108156890175,5253.080289205689,53.80940460366313,8.661015453778347,24.055301457854426,29.678762720714897,3.9198592525279476,9.797343347738597,8.717160584747198,0
6.980707640445081,4.058254241775336,3806.1139414126246,291.2029636229232,2.894395216194879,19.792924222310013,6.355524543351199,1.9740364143912803,2.682760204535567,18.977540923537465,0
5.137554084460874,1.9343862631943147,3616.954556871832,33.99105141823926,4.67681212484877,9.800584228408614,21.3770927679856,3.23023472048298,0.4097822224989045,58.56423516191426,0
8.637281608315128,3.316511193966541,1573.8443593460875,121.08030070847737,6.193899693665019,21.667141297312828,8.043014674254895,0.7530547653425956,7.050632842053791,15.409894474023517,1
6.035119926400068,4.486899867062842,5300.698466747175,221.36549545038184,4.1119047586949105,20.584489148997676,35.01739444332848,4.663240502712393,4.509865026483437,27.367632536798,0
7.650089137415928,3.2713843468203705,4614.071516042419,211.36632840823358,4.27486454090268,20.061729261431662,37.943406720897485,1.9152940321050176,1.0075284395957629,1.8012135430401788,0
6.246844304357644,1.548317636391352,1338.341809500008,126.81859106817967,3.3028466750208443,17.244646699706017,5.2898260136399475,3.647607109882192,7.075228189780428,23.83365177397395,0
7.080272084711243,0.6098035170044211,4539.175486148843,103.95725038581547,5.64231816684536,18.21641509973189,25.306992634732218,0.10170540941088824,0.31174909111921223,34.27920092598617,0
7.186841117373119,4.415444932554184,3717.6910867132306,119.28371356586118,8.50574528015116,13.361063177952602,40.73125280129586,1.025935714524035,8.701966904922422,57.187476750477906,1
5.739417822102109,0.5957123488267422,1408.6267287338912,79.28287894759178,2.0152837800631285,17.982817316057577,46.80815207754983,2.4354127216178902,1.3865252911330372,31.004162696403867,0
8.878338511058235,4.4361575270788975,3291.503207643282,61.599881612039944,9.344330387534415,9.938897641961956,25.6758933370885,4.391262338661733,1.27311878746725,49.146439570661265,1
8.100531293444458,2.8802171031224537,3423.4814356502347,144.911909267667,6.8908765374822964,25.12935993400942,47.513961180570355,2.6362757497533855,1.7567229796858452,32.82765855413403,1
8.757995766256757,4.725804643308033,1828.8727008163787,80.56012682028219,8.232732126800302,9.644423867467696,26.78444852280149,4.649352411469395,9.602663584920666,2.447100806131086,1
8.579309401710596,4.094524560981494,5728.490735001412,86.23849946917504,5.561906926300116,7.12415724723666,19.709524729995398,2.4189844829139817,6.93169360253846,18.900496511386443,1
7.39159991524434,4.990703497400019,5249.876857403309,197.02681904236712,7.795167014240635,15.906150658928935,42.41015642764477,2.4522454836797496,8.013715354636368,34.53297046986619,1
8.687496940092467,2.0782031695326957,4345.111686645541,290.56119950996765,0.1620039733946721,21.457685987651548,24.64913552290445,0.5987339425026594,3.97634985732753,57.03563795586746,1
5.353970008207678,3.952347300190071,3311.477805003036,181.09116016781252,8.183804247795353,15.942920623338534,23.595125528226152,4.013281220761099,3.3631272750495556,51.547821585074,0
5.783931449676581,2.3086891112415895,3058.8277079225427,23.093840119489883,0.4013885908536652,11.918853298782714,24.515624470491414,1.2348270623353126,2.3448400678316994,13.701336850730858,0
5.180909155642152,2.6594402913675896,4254.8673357547705,22.675084156220095,8.899133763628624,18.95427959726102,42.339250093487266,4.498062446861575,4.806480283124089,13.20658980114981,0
6.301321323053058,3.323774584482665,3727.1593470345274,285.4269662536698,9.919627472386432,13.675058385304999,41.597077084402606,4.5541211016519805,5.518287335341685,12.070378026834046,0
6.5547091587579285,4.431547013838524,1311.365529409428,89.18723709220009,2.940674621767778,28.32169225316583,20.17599962201056,4.716550559370749,6.317748436527554,55.34993377815019,1
6.085396127095583,4.928375611396828,3562.5132438516584,27.62009582474263,2.1031855628579366,28.0661284900893,16.66499299352625,2.60115244551545,2.571185039986945,51.15996918610324,1
8.314950036607717,3.957230362390332,5032.0180861641975,179.71337614511447,7.653633638580407,17.559295499302387,24.596401201956464,3.385468923918222,9.486540809029906,46.493005935176924,1
6.427013306774358,2.379950519753002,3296.19938798479,187.09463348707982,2.530263409202532,13.197099850456462,28.638625486855453,3.8925794003083176,1.6975849820713584,23.564106853453655,0
6.123738038749523,2.396106510246816,1259.782887771342,194.55144603560643,8.655623831722036,23.42831034891598,11.916860531399848,0.655073093252328,9.656531747664124,30.262842257926007,1
7.170784332632994,3.8191203571500116,4931.390996920165,80.22060835726239,1.028425921574767,5.917823587076666,39.697754235779534,3.0047859749874863,0.14856122507503788,27.859904687709168,0
5.563696899899051,1.5744971559573604,2006.8189106798718,4.53320526434251,1.2595519637935826,16.869225151091282,24.324138286621142,0.17148950651655837,4.811256918168456,15.203886453562358,0
8.208787923016159,0.997133509091276,2293.1041744401937,289.50461083634156,9.791515551006157,13.408084856758338,16.70227742099798,2.4878304169436296,3.333678381165628,30.301682768926018,1
5.298202574719083,2.0957997093834946,1823.5317671614794,75.26791370733075,6.738388982700046,28.013397127563866,5.34104964819953,0.774213408101137,4.491234139302508,1.8297928711652678,0
8.94754774640207,1.7925754624433679,2651.0753243574877,202.80788641576424,8.468872244289528,5.300075681817064,11.942258020180347,0.9146146298104235,5.70664578980789,7.90862240984755,1
8.088979077186629,1.8333865420519553,4783.757528443175,211.98896096361287,3.2432937735151803,18.820371892958725,47.46405858779919,1.8252378334630075,4.35589158012709,53.195375770136785,0
5.79486272613669,1.5512348797245947,3596.9292975196868,183.0022251238457,6.764837495206044,23.51658952666565,15.25498434097633,2.162185833582515,4.14846850301595,45.1007860218854,0
5.02208846849441,0.6894193533636285,2024.4063707535627,93.87221826409447,5.942418273085972,17.125449688101032,8.442964468351766,3.1158621226609364,7.327234154133065,25.372104543545223,0
8.261845713819337,0.5804327063003621,5389.150390760205,81.32887612921974,6.03150120122947,7.135075754068041,23.03363958274966,0.3721420921925783,6.8587627508646465,31.029021737032632,1
7.8274293753904685,4.944750753812142,5397.909274757646,179.30048481081093,6.825324595377216,29.311534750697554,15.354387168012435,2.518458806187223,8.332712820358479,22.199933157598647,1
7.916028672163949,2.4249791018113807,5352.892125230034,259.82869008350747,5.753591731290985,17.95026078440245,1.7579625135597077,0.9131256512655056,2.4995898123949556,44.44679202964035,1
8.085081386743783,2.2294699122185673,2193.9810569076963,284.0201186770187,4.290623693026659,20.354656107975284,16.157260863970862,2.8698758751587095,6.095285097540636,47.05123075392478,1
5.296178606936362,3.5584127721188143,3256.1967209049403,31.77174132112729,2.7592269438054684,10.915244567687683,27.20543119697343,3.1870230613059176,5.851947853928539,45.797111412189544,0
6.433862914177091,1.4821424953927886,5924.948280704375,46.44858377931595,7.68581330913202,17.087452127670097,27.585618600998345,2.783546282764269,3.6973781087268875,43.35670349006698,0
5.463476238100519,4.774825327776014,4860.062381549951,283.4208776349239,2.262724300031862,15.728737298958047,17.827946058844436,3.691477552391538,4.860575419026809,12.27026032156775,0
8.452413703502375,4.038552564869985,1135.8371061277992,220.96056850043777,6.923543061544142,6.872396050049593,22.36513781263003,1.6780462212045066,3.1378214330572876,20.278198754428725,1
7.493192507310232,0.9023495104051678,1326.0229563024602,264.8981474489319,2.3333282264932667,7.65400883868668,48.27589591173832,3.8255329581656543,1.418443976169852,28.190726099020495,0
6.323592099410597,2.379113491032178,3319.6568840616637,60.78979024060295,6.253301699544539,25.936812990469363,18.86742386151558,2.1638354085409683,2.138012106627328,19.847579485659338,1
5.254233401144095,4.456032384029741,5546.101029307801,176.27576133282057,7.470782671290289,10.995498805164756,12.911340662999148,2.420922491612984,1.0551364640120109,45.29641200949974,0
6.243929286862649,4.7512941003113465,3693.508989763571,210.3418783252421,2.187138889065392,9.873956787465763,12.173352203338005,3.2405106363053573,6.830695751901241,19.76121145499728,0
6.300733288106988,2.6033068006244138,3489.062540171451,204.0335656340918,0.5994330086130828,17.622786281253482,22.888230635206707,0.0917919199961198,6.607273931091515,8.29392520712023,0
7.918424713352256,3.2603512514481845,1527.3684997831529,122.44550726000944,1.3097374299417408,24.218678284062822,37.9760074358472,3.2699711071012416,9.506063715798728,23.942427122898245,1
7.550229885420853,1.2516527574143386,4283.900523621471,4.618467507392543,6.059969672710254,6.548662964474698,10.29940920942366,3.092925745360577,7.296784136472413,58.79486596694282,1
8.548850970305306,4.960258817616395,5110.515803001127,174.87781704127894,8.494464062257356,19.420197990956396,35.464806357038405,1.5492355837663996,0.5204583875613145,13.552884776014553,1
6.888859700647798,1.5425226562254952,2902.1000375378117,75.93046175388262,0.44996821235424367,7.9802610710143345,1.0574911674708143,0.4289714244974474,8.842451739289542,36.72951953659374,0
5.478376983753207,4.742292983608065,4878.059254626638,135.0762738428671,7.341512590416462,5.911526270640461,20.9466488991973,0.4546772495652057,8.626751629457258,25.97838299038238,0
7.85297914889198,3.423409920465658,5822.383269504058,287.27430452514517,3.4131864595005212,6.318598804055435,38.793253260139345,4.616118734926143,4.4332032077269865,4.261474058959598,0
8.04314019446759,3.234815576954866,2018.8322956384454,119.71059529273042,4.785283699195225,25.854102705211034,16.936647788721572,3.4463966061291855,5.858630505279216,29.27259635988357,1
7.245108790277985,2.807098299574289,3616.6481559737067,251.94048199932803,9.288595498455656,7.9493120907015395,28.186855072269974,0.635513068853702,9.760783324725189,42.12985971889875,1
8.083868719818245,1.538014152729914,2435.6897904228776,56.56218172477534,3.3197150473584545,6.128784110307299,10.24896164129554,1.7836158465445318,5.323043638481662,30.793198549669125,1
6.975182385457563,1.2943761440247872,4964.272095169197,201.73814940750864,4.65336933939486,15.947497178572807,37.099769556308615,2.962414969507982,9.053218283760899,52.32636382479486,0
7.090931317527977,1.4921879408157892,3887.9668294057874,293.10208633168304,0.13682414760681105,26.09983679855062,2.613955163437981,4.177858525453243,0.8303875781018644,17.33622099945496,0
6.710164073434198,1.3389721796491454,4172.912087751519,30.56793026188104,0.8159872000483837,11.560209412232549,42.627132243775016,0.21830464356504264,1.9105186870868285,5.174950278237896,0
5.10167650697638,4.00813013105039,4989.5707980794705,2.4959826681576036,2.5859159113478403,15.54281543814791,9.909819321083408,1.1831656573500444,4.407549434413179,56.19393669948037,0
5.431565707973218,2.0755636662502854,2979.8523633122745,130.0748377897843,0.27852240821074403,5.9980633140937805,43.71990158541654,4.4487449514769,5.847568083373047,22.69178097169314,0
5.125716742746937,0.7602920445352837,5575.450342035216,27.78764491541016,6.3137532604825095,16.226962853371894,17.626462065025866,0.04582775091908242,8.162278518628002,34.584333087218,0
7.545641645055122,4.860961835633651,3665.1443362307,224.51530490286942,4.263983568016226,19.44032701592834,36.13417872372433,1.006995513969437,9.882621151431868,47.52018756781176,1
6.257423924305307,4.477036482335416,1789.77411417674,274.36459915456766,5.48145202728022,19.272676343803617,15.961264889309422,4.79512087986483,3.888514964741164,19.458819832534836,1
7.034282764658811,4.674885274378458,4479.495590844012,130.20629181262765,1.7464718589632955,13.310667304359129,45.29558356173238,3.0670092326108556,0.47415636140084927,42.96987229065667,0
8.630265895704373,4.977085201908959,4966.306752191273,77.61349264663228,2.959320294366161,12.888329516578388,6.331856275918718,1.3083568331875322,8.011715032953248,8.125130989069682,1
5.9971689165955,1.2825286214876928,2583.8083853376334,130.32099570198292,6.638244748527251,7.665590473414947,8.925989463629936,0.33495547197923803,6.0438071908280815,17.477624832330317,0
6.641531692142519,2.2830890850619645,5285.896284993765,217.0343453550003,9.653027236303998,14.16995801615671,24.651506257940113,0.1409567022361108,1.9854285886820167,8.682638168191195,0
8.022204554172195,3.912073140668411,5530.716273828832,2.7162484741112936,0.504167736022092,7.487366721824117,4.096921951907307,1.2237253981846363,4.948284566214202,48.67383350408147,1
5.91519266196649,3.632092781242065,2384.522436889045,176.83619684540915,8.903843208552662,24.164898617801292,9.799009235088096,4.4074290979445525,7.4231024553372436,13.358954113607123,1
5.3079196393151715,1.1925315785293478,5917.60736357611,183.98750546621372,5.768812013112084,29.156857443704645,47.188319110600716,2.079568271487547,7.704117870686438,43.044213324312615,0
6.1590058116550725,4.17124906245778,1703.557640243792,191.30647406878066,5.639195667556237,29.251861416667673,48.82448305739436,3.601666845829965,4.99618411998762,56.59790383473916,1
5.644885149016018,1.509982573264973,2010.0783420124499,72.60662399426316,5.002785352077604,26.626777484384846,18.812966466521097,4.591425176899789,3.0521453012885913,31.666332544132622,0
8.718790609370291,1.5071792667018038,1921.1241961901305,214.21581701343803,0.6939408590418339,20.019803733490477,46.164301050696785,2.040202308014083,9.737425820384935,32.40175153564126,0
8.232481518257668,2.916384903020361,5469.948550039352,27.41744589953292,0.8987685173616067,22.521642431097,27.241233783671586,0.9563868551869853,6.633626109564928,27.662014085868723,1
7.533615026041694,3.168229706787664,4271.462761624809,59.78110094004025,6.009120056590861,12.130145067010352,13.487123293688352,2.5855896542845973,4.082375193462987,19.553408603618564,1
8.48584236075087,3.1103879352701505,1760.5214161113645,263.2410139963446,3.409585714355583,20.76926050431552,35.119936054029935,4.540418435299272,2.804632242046524,28.539301855495026,1
8.214688307596457,0.9116907682898969,3201.6170918417447,221.6169452179699,9.172680665776806,16.391238735996936,32.94509032874286,4.021872070688503,7.311029830035621,36.16845193600557,1
5.746280235544143,4.448573881836712,4076.49012534901,4.123666203403575,4.065905373594722,17.050433494423313,49.45626595543667,0.3291492168157689,2.421834455937677,59.15949433023956,0
8.570235993959912,1.6952001916491772,1417.3204249469163,74.51287811094006,1.4328145870264108,23.94441400937895,13.252364370464164,3.462864000387909,1.7170998897368817,56.26587355909345,1
7.157368967662602,1.0828171457726188,5412.081842036694,64.32194489794936,7.14718833502036,12.04795888993129,33.60297513308677,2.8594876122947688,5.298338889620703,51.72917749758731,0
8.22976062065625,4.499366359410397,5018.017677207676,81.24189841109177,2.9335342144100984,12.950990292362997,2.6011877514723447,4.537315881732128,2.8998739264414186,53.3478321422915,1
8.584365199693973,4.80043174203389,3526.0338678831913,74.26793108396592,5.2547030735589315,28.116044778215915,5.68230193483597,0.6124070842514862,6.28905144923615,28.070950997522576,1
6.2720138998874555,4.379574277694528,5835.633076295852,18.75788872285372,6.978327855051701,6.405607371274306,0.1959187475546631,2.670180566023283,1.1793867487423348,39.446659630647886,1
5.440207698110707,4.142822336261951,3088.8048963754986,137.6821549790461,9.002641112020704,17.14085746033351,49.97303405298366,4.397313467559462,6.5494110456732155,53.70400337617285,1
5.911740650167767,3.4485889128755978,5920.551595182489,219.82004243584953,7.921911948016761,27.820020010196544,40.11368485737389,2.050118933708715,2.832965279977022,23.577045899481185,0
6.708431154505025,2.978858167741127,4339.5999940181355,182.01951741523092,6.763610678727241,20.259075195453924,39.33615073667704,2.409974588664335,0.0024293443451273156,57.70574870072813,0
8.272059063689973,0.8914404196013457,4173.356366269707,201.86150057942393,6.796331823951435,18.660176855303302,25.486303764408984,0.35230338833479147,1.2693605767417637,24.94716372415098,0
8.442922333025374,2.338039458818144,1829.774476478925,24.344753560871744,9.459246440320864,11.24360448073388,15.003354145271997,1.3907182022445541,9.33615377835094,36.06495992359294,1
5.027808522124763,2.177098326555413,5409.63879152322,285.44721305303614,2.9582409749653604,13.581887226611206,7.563214223133796,1.6225332458447368,8.673546391153579,42.58828279634231,0
7.042989210310263,1.668892026921468,3137.4484396030757,251.54755015290746,0.011120941961874076,26.301210395117323,14.233736942323183,4.725612243724434,2.336090320362368,57.0355207845563,0
6.669644012595116,3.755390511598632,1811.1670289123967,241.5270955486988,2.719545593981987,18.980453294211454,18.798561096456957,1.4133368027057953,7.783719045454912,14.676976443135963,0
5.888431241882921,2.7314408078544687,1063.0375998787952,246.89514151253024,2.17891379626744,17.868554843919497,37.8155048490147,2.30434367634826,6.085715931739743,44.767858694318534,0
5.479461469334732,0.8647079715844157,3798.778418191913,279.8131524398284,6.618345851139981,7.489492838500723,26.98308944515762,3.356522117821399,9.709047114498695,31.24893516864493,0
6.350460685614512,1.490824408774151,3636.9981106133814,163.27618983410932,6.337115997655291,5.400703911378078,3.874181327774134,0.810916862039387,3.736056595340591,16.113428437238465,0
8.771638815650077,3.574664436468182,4596.768111845793,60.08460536028777,5.934613827047238,29.092129717176228,0.901450447945612,2.4322119357093723,6.8146061251717125,46.596410387783436,1
6.292811728083021,0.8425888677063509,5451.290265089011,185.03508235576234,0.162434432094537,14.424654182171041,5.116608976703158,3.692695197379538,0.6353572242391858,33.13333681043079,0
7.075162486973465,4.3304311132194595,1397.0329232151475,222.8644481003817,7.287780544506475,20.080326552487605,20.524935684868968,4.33427606513533,3.9624734681640597,39.658429238980546,1
7.812075835580711,2.7281593715628842,4657.482451701811,221.37521800620763,3.235304124854915,6.992876829682125,46.659645852450915,3.1312963733121335,9.638176611881805,19.374064114674063,0
6.454518409517176,2.662639597969916,1937.0597204879111,156.43470725006404,6.650559890066311,22.077857143076162,31.87012406046108,3.3452675765847397,5.389808744501206,28.8764371096563,0
8.887128330883844,3.165835030967829,5290.88526578582,20.537615800073418,5.565784285021533,28.314167717649024,40.091294993775755,0.6314173629228448,2.878795033348446,37.041255059284026,1
8.849789179768445,4.211064346663171,5095.31756930828,111.33388152903835,3.4273092542790717,19.391631324935492,23.318729725227428,4.728882486231736,1.2027096312860686,24.29464885619064,1
6.007129183301457,2.0651414355598687,3703.968774927722,276.2299825390072,1.3457626710410775,8.152883059385264,18.08330415975214,0.6628703874224118,7.035283401815304,11.90235239086208,0
6.988994023569542,3.551072686515786,4551.2139931165575,175.3346729272278,0.9441889766048095,19.543038186836917,5.420018635831136,3.8733646859089914,6.448560434297268,57.69842953891824,1
6.203513239267078,3.04579383798106,2571.750565918742,161.49958297671404,8.315183331122235,24.15868032761631,43.79665110931025,1.324081608891594,3.739387136037746,30.688052402557044,0
6.1393619775098704,1.701627215762396,3355.8394946640733,80.65605431465805,9.18397542081558,15.160413414350467,39.158001451395144,4.667965718506258,9.509413518658343,44.03522221726203,1
5.147547789418131,4.453834938598211,5108.184488552359,110.53467597497367,6.497880467642996,26.995943698536696,8.405904879886256,3.5997976968473977,0.22202812987850318,24.662831613363487,0
7.438257335919587,4.088417097231177,3296.3259858660695,268.60382674595076,1.0343411486048337,21.217073833934112,25.613028193813026,3.7690685648918447,3.037238516318258,21.30790584154298,0
7.010716092915446,3.4630332559629147,2788.9913266272088,199.93891425805072,4.020272168882407,27.481222957230063,24.368740396062243,1.0952958652994167,9.210694862995814,24.4298579080275,1
5.205915004999957,4.327617780924088,3471.0622362514996,236.21610802569987,7.2893920010515725,20.58763278118343,31.25457763432643,2.215199883175804,3.2093543831944036,24.551798627138986,0
6.114585856946446,4.402823904319111,5141.246262186091,136.30362692029655,7.798208840100681,8.282199300120606,47.30934469956306,3.089065972946432,2.522528338551704,32.650806956517215,0
8.633063543866616,3.6876333952176568,2676.0402368543637,189.07416583684738,1.182186222910886,12.742292777629729,28.98857208812398,3.8498680910330045,5.3422040993124735,32.60819219888179,1
5.958247562667889,4.266559977636524,1868.807965678719,74.51508262296225,0.0003071884538241587,10.044873706311423,27.01086333893093,0.5197968795619479,8.238017499205379,29.8292289529723,0
5.579579488364892,3.6386215775117763,4560.070101653904,211.63824908504589,7.12137045880605,27.720662442921558,2.516146646733197,4.811826582272642,1.0314676087836105,8.087147095046285,0
6.9578110411102525,3.560633472921352,5129.891063540409,128.2804001110012,3.5659617598620565,24.010001682187067,3.1453738009011967,4.45110335277278,9.430207096457362,29.76452871003187,1
8.942601816442403,3.2837512019683293,1503.1873926176668,132.76365444442368,2.5448133161826023,21.90995922275015,9.367339566339444,1.3517429524779216,7.95072881181164,10.146234025239089,1
5.968221086046002,3.8872248780093854,2199.370563779724,194.7966973730645,0.1289746978952544,12.524157990790542,1.623538584587414,4.11380121516166,1.8125025555155194,7.56814717774591,0
7.688542189623514,1.2137229738188315,1709.8599488049695,280.884186440678,5.402994067614997,9.601119301255338,37.167644778500616,2.591619615199117,7.120079611981627,55.95874304047007,0
8.04647846131487,4.4639184163951775,2739.707057910833,19.201903982586277,8.511507354259818,23.911277199722797,36.16651519969815,2.3090324078100934,3.8495872263755713,36.297000788862256,1
5.950550175969599,4.423295874853544,3251.7548945270632,247.42297120410228,9.57631646272588,16.853948646976992,6.802811721582147,1.572170529057027,4.022946780763187,39.56940348747506,1
7.912865394447438,0.6316127736555162,4744.1316848165325,87.71493312365793,5.657449506132892,10.644738803765728,41.803945039764045,2.9048429331579624,7.832900924388664,24.107620220001827,0
6.4711325308770125,4.216175377541433,4255.73792440837,133.17583635191335,5.144613277398942,20.415549454131877,7.7393017423055985,3.649445588517989,9.627848079807322,54.538853514891855,1
7.5292233223743175,1.0799144036305033,4104.642837392155,6.573998632502686,0.850563854892411,6.008346303461299,15.05877934986794,2.0546645248137914,1.2665587284719393,38.27582937477993,0
7.534118843043579,2.0080348441661386,2761.874733048272,90.31382335029392,5.488728015425997,13.154256353206337,12.44884495806825,3.1460959650414604,4.206302368788194,46.15019217141525,1
7.143098736299034,3.845787153312235,5207.2377654238,150.78937278903913,3.7997907896539465,16.713924864778367,18.61535492865239,3.496564605776519,4.809416080843035,22.113748141662832,1
5.361159080217633,1.2234195322173869,3356.4358369908227,16.852823204231704,6.071352808835769,8.698958352735147,12.733188294498094,3.5556090850764295,3.7631181695499762,57.60071284914753,0
8.341209982356952,4.18085160853578,5895.524690075773,147.32871881494955,3.887263478765467,29.61636193977099,24.4475463219226,0.25983049065590125,3.6318912371622503,49.2276774094989,1
6.283120259886943,4.244603800809839,4170.710691478684,278.1331886575282,2.4029912345036673,10.227434114740356,20.37039406773427,4.298739028425334,0.5226866756159654,51.23690778087262,0
5.746074041599417,2.783604801923763,1631.3237078225138,31.617965432341567,0.949652752283765,8.258828251081638,49.328474538966326,2.2912665738252396,6.855386205626233,10.331656045545257,0
5.163100566219056,0.5287364227257512,4380.887810377169,229.3322184226513,3.1491844458889573,10.08837184717241,2.7963175064112833,1.3120804084810722,4.362144171200454,16.25779247227317,0
7.363571772752968,1.7916715992871075,2625.520077158495,122.90131601279779,0.9664483428775228,24.226528328993105,7.109068819367581,1.208822537398408,1.9479380264392676,17.137595981014623,0
7.71025744736913,3.27617113269084,4431.635983430488,196.5521143573014,1.7689695082398393,15.63764148179607,2.6412946954301244,2.4150705642197523,8.160335023020684,16.25455339481227,1
5.066351315711424,4.915337801123406,1348.2057408120286,78.07097939556881,9.87336158579546,19.13539849381345,31.29205974911879,4.434157697344796,8.025607481516278,51.324489726257276,1
7.048372233197124,3.343160871575008,1874.407185879797,47.84767876240748,4.4410355690661865,5.525228924659019,2.725463870685979,1.8917379084132346,4.8639162808889385,1.9130877125155266,1
5.905983100791752,1.669116114788719,5278.686294528931,48.13878428136793,5.3187176650501655,5.8607827143328635,41.821986868806164,3.7486287339177164,2.984506611477605,4.565999338846458,0
7.5806911616378,3.353025663948251,2135.897785117574,21.147583692943396,8.736185287372153,16.145638745675406,25.59693153409639,0.484093654936093,6.380927257964524,16.434892237794223,1
5.697465716019966,2.92993420872135,5185.205626214701,55.69401147037291,9.955689004906878,25.416381080040587,26.350381229076685,2.3802835107553086,2.8815213577740306,11.992378478966618,0
7.763750952409864,4.009304278180146,2396.3804422720523,199.2658154966905,5.8271444934468155,27.13097196768913,28.07972538560971,4.958430701963678,2.3600793032371206,13.911576832970901,1
6.54694138520215,0.9814128747213129,4214.409550293538,264.5071835530524,8.124738210441716,7.167664189891005,8.540685315310537,3.852189013961685,7.305146540263267,47.876591355198,0
8.746919954946938,3.924625561259126,4470.752867549155,244.23770567734854,3.2694102433667527,18.45907755252557,9.884515155724378,1.052642442203065,0.403252397209507,33.78759563352281,1
5.550083776583973,2.935699604042496,3563.2737657252646,205.54029296234523,3.057439574472911,27.830742156981763,15.940866143650235,2.5072073684895537,0.9476847103459396,0.3462396775780796,0
6.364265404201034,4.8334640173654755,2526.5533834836565,33.1295590233308,4.027037209945602,14.699318859947159,29.67482079109257,1.1681238182428326,0.06788174023589777,25.759365942251716,1
5.453894084962356,2.0384247471740875,2063.2218818554807,86.75623388878495,6.725072626736491,25.739145785709216,10.505888797010726,2.0478046363125464,1.5294318647542615,24.473095611021535,0
8.698774473114252,3.3467985191027667,1165.946772812131,92.9420625967407,6.821916892550988,8.342391359985905,5.816586356663062,3.9004201186748237,0.6899000871045946,6.836716166672612,1
8.509357413523924,4.694126474795079,2519.7320062036188,74.98708391928636,3.152394346494508,28.384862241694968,48.50584432092161,3.8561240764520184,9.958023677799186,40.56850731608743,1
6.031766510860622,0.9612937759580567,4265.8139526564155,154.50169791291694,1.3320992413662869,23.785582938282566,1.0990907404811456,1.1405018895119257,2.888099699540896,42.12583130276946,0
7.639936184136716,4.71752819256403,5691.524092242414,160.66614446390176,6.323962564655085,28.53335981967254,40.13487026680108,4.611116590774301,1.4926801266924727,43.25359314312586,1
8.268888800804863,3.59548575035366,5356.02241131526,107.06579255133306,1.2832586218876452,21.91543083881266,39.4017574787511,2.962840913824134,2.4099625799591795,43.708256733515526,1
7.22080324639785,0.8052667659732735,4830.323882676513,106.1367476209308,5.7849250822933005,14.085098299985676,14.8607056922548,1.8996214548100725,9.361255715401347,0.003169615937808068,0
7.1186023134240255,1.854336051260673,4942.236716266493,248.5666793718244,6.93422128056309,28.454529313118062,6.78133080036567,2.5096779039043033,5.201602230243957,57.23524823080333,1
5.967409163601807,3.686774398903767,4324.924517379976,236.7878544959057,7.006114963944516,11.889169407729462,7.2814323352711705,3.0253562671887186,3.648180963078569,48.852526023279786,0
5.372411071223597,0.8030777066094726,2301.434287830015,92.3387495042237,7.534721106595967,13.304313051543314,34.87158086185963,2.799452659228927,8.733914579092193,54.238901795357116,0
8.588863031813307,3.11976707079323,5535.975153529149,274.1365331619778,8.728594215656646,22.520210450043507,32.140329554308686,2.4320251776808908,3.9499027054903246,0.9385977184460481,1
8.601672228653321,2.0564737562883053,4353.66155952917,285.8445051007518,4.999589919647884,24.132907488134656,39.137283712569335,2.5246640204470006,3.350085699576958,56.03152774714437,1
7.532405829093072,3.294119829953647,3802.2031549022,98.02276260901225,7.302491895295712,28.235087096228845,46.874058619955235,0.8820595521394309,2.072825225497356,48.587311721286284,1
6.356119164194803,0.7058391521563079,1554.9473460674053,106.32748463791646,6.191727353658367,10.120060226405236,34.5963681633296,4.063664521523397,3.7779682390941147,50.233148577521916,0
6.396838298450644,4.421915627685693,3235.277719032127,151.69024602658766,1.8663993979768256,24.9499508804806,7.792576827572173,2.708801599705077,3.1668435601692604,5.59724308331811,0
7.903822715480958,4.880700361298286,3301.7913560096313,282.33624376010204,0.2568964486940817,23.463651334924087,12.172130838270533,0.6553993085235155,6.7730395929814105,44.32668173511586,1
8.58844103981031,4.8599503487856115,5322.81804761335,262.89582994269347,2.845413856769338,6.594863906339947,42.10968654365573,3.8307855079138897,2.895827046707271,57.59500137852546,1
8.54834569706047,3.873433242843161,3733.2411009389425,30.77038877507694,4.430337063376194,14.680578530255174,10.46530379171043,4.662219891886754,5.771997464225614,40.712840485089636,1
8.119502183430495,1.085388080587844,2902.002744852048,117.81922298142487,6.171059444286563,12.069136426502464,3.626115847724071,4.73653449618481,0.658921650319727,34.233684277476385,1
7.568126584617151,3.9121843816806017,5884.001642553297,166.01135692493156,8.499593305032054,12.612260608850761,35.164002702112526,1.8450886620558637,1.9128915669651436,56.73778066493982,1
5.336559859980195,0.6106411240646068,1553.6029666315785,150.939741765462,1.9624571670616564,29.57367198886752,20.1263177745071,0.6775843678037702,4.074052716113488,26.57622730406616,0
5.646514856378455,0.5995559818804876,3112.742141559723,58.1589203810678,1.255497898984771,21.069435336998197,46.00200262729518,2.5919981331653257,9.369492539086954,35.95761397862872,0
8.594216754108317,1.9562459861729355,1210.1233758570265,257.6450313504464,9.634799474743275,22.941903944837488,32.51275355468308,0.5630461467461034,3.7725198571569543,28.580297609661972,1
7.42571623863836,2.698894356820996,4699.520603834651,203.0822348990512,1.0804455937640711,29.415440932875228,4.520948889583037,4.669937092563086,6.640741211998341,55.97077328161795,1
5.036788206466518,3.9668333801350695,5590.382760995753,251.37251245554108,4.784910701071892,14.430044561440967,47.392828362683034,0.91789813677573,2.5508722242139816,4.565083605930436,0
5.405886171464129,3.5748291947292734,2400.1866477524472,257.62928380484163,5.8556372879330185,25.04600421132015,12.927863182012295,1.2638292997558205,1.2703357597323173,30.06718204952089,0
7.654007076432223,2.5065621786953676,5291.708383995604,224.50675609972194,5.413744209074382,15.863274082612385,16.86062452031429,2.0331826344248523,0.5853660008005013,41.2171464831263,1
5.020246335384875,1.7313199982674965,2461.0911523094887,131.7631803749152,0.860321570329432,26.738341795374495,20.1130206841771,1.915822342795629,3.0541349854275133,47.51439230533421,0
5.643232205669994,4.9870602507097,5553.850808219576,183.16402650462737,0.5702691400361937,9.51643853278258,2.5612148202156626,3.973314461989445,1.5766102679690797,34.98111884664818,0
7.194935157466345,2.417815860061878,4769.80951798392,48.109621835922944,1.0548342746103567,28.69215442660699,24.825771111530244,2.281584102754812,1.740104480161242,54.53506464728724,1
7.767580790770773,2.5312416094835397,5024.533884207193,202.0936252424723,5.855876838726125,10.469292710271992,6.165924553764612,0.8538413000166845,7.6075930838695,56.5194868130323,1
7.607845038010402,1.2363071953625113,1090.0327780022726,53.775976721784225,5.443448876343211,13.155512674523289,20.048516334417588,1.3360494774303704,0.15838070944874216,3.859153391615011,0
5.89707723784224,4.076642969374682,5814.051785370129,208.18487715304704,2.3374079203674425,23.90480585266951,17.535489399604216,2.54556692593761,5.578101257354344,24.14223237248246,0
7.848716885390143,3.621570016016699,4633.354960351617,68.8794482261906,6.377741418455916,14.843878539135167,38.64200417132517,0.7372695871306745,3.794613805934648,1.4075413032692663,1
5.9489963499872,1.4934632575494218,2523.7554769306666,35.26539004506599,8.200675020556494,20.205284419161167,40.15852558163655,3.0582783782300704,5.065499999085472,19.764999442466575,0
6.301598792637071,0.8707147052712921,5146.973324294235,49.58534704288723,0.41578959846593766,16.11433752673571,7.6706441194544,2.8287365327557294,5.628302372146029,32.21209307823613,0
7.985965620472097,3.562246859336209,2407.6059920746497,0.5976405657210804,4.981299435480424,23.559248427244547,18.32755936896131,3.5735115819112884,3.133676944572782,54.64769583059693,1
7.598531596188859,3.4453004642651086,5363.769197830639,215.62188535605907,6.893104121026903,10.708281309215272,18.667658051591584,4.688523076896838,2.951088601842853,50.79325934792417,1
8.396893641976712,1.729667871491942,1562.901952059685,219.72031471751373,2.5231192706968706,6.461449680921925,7.570522196804252,4.561272805505778,7.334018493349057,7.6499836003191435,1
7.630451569201373,4.778886030126847,4518.429887303979,154.48000497397783,3.0777090529314908,12.498234936826655,39.92267525255953,4.730378090344157,8.712769881211571,5.581822484453742,1
7.2732344133418865,1.1797605130140512,3703.4923832245518,48.40884031661511,6.136379029893838,16.857716621710757,35.36141641677116,1.2235779851185047,1.9258163245852788,35.35604032540002,0
5.37469907131237,2.4455066046917087,1482.6723509772041,25.066301253206923,8.979352934437369,9.200501304816964,9.519089314851737,0.6578265331967731,0.9761876053514895,31.92707834752696,0
6.4708632122377345,4.746271640754195,2209.4691412941947,5.738689931186103,8.099244203028993,13.869932241409717,18.33609542968995,1.5113835024822424,8.977958063920259,15.98265848580143,1
6.060809470726902,2.38877292616755,1062.020181386574,49.72445308956621,5.831302190995835,14.999575457339214,5.290251242825711,4.475425863831573,3.4989546364739867,53.96718507323011,1
5.975958573516334,3.373366764488385,3343.8398273225293,267.256660494944,7.3022171775724924,6.434796092206838,31.410329854652197,4.860267373117441,5.5131739066281416,55.64198456769321,0
8.892042219009783,2.289174790832574,2506.326303800002,72.46105251050453,3.6482247020779868,19.582681204605116,6.068596227430984,4.29662475535238,3.5954314452000347,24.15668630040976,1
6.572390898667042,1.7339684105690152,3991.7874214887943,106.2813981651647,6.409655280987577,27.108585699282187,49.29670843124589,0.550088605637718,1.2580233634605131,53.418153426811216,0
8.568186220708453,4.927899415819227,2486.189038543086,31.603645344399954,4.6618159112755695,8.79357282382631,39.03410373439311,4.7371399902989655,5.893316449477281,23.03693365577836,1
7.524554503989052,2.3420030284176936,2499.5955575349235,66.70839142445108,1.8993613645756091,19.94520033503785,19.511927479199752,2.11679013675393,5.251408517696296,44.20900990978201,1
8.179245214166594,4.523446416556105,4715.965993658017,155.76737123406153,7.017382738772572,21.618480122771157,28.92819661396772,0.046551453811768395,2.029935591911972,28.55653305286345,1
7.010548372420768,1.5347957265098877,1240.7141798917673,182.32580492869576,5.56464637348822,15.483367010482208,45.56709081082044,2.211968703740968,4.518690446522778,7.35498939043098,0
7.307615538505436,1.4589711681128748,5514.474975959936,73.60569424986332,3.586215819535914,22.52743968410675,27.704964019791305,0.23034584837733796,7.969475040156459,55.67605207422129,1
6.970070775275456,0.6401033729803012,5261.319371955908,17.319647767535162,9.113391900786308,15.2682885872753,8.72492431989776,2.7193896058055875,5.904261031078914,27.245795602652198,1
5.780971951192178,3.432500714191483,4339.023416132033,117.3098607382196,0.20934117826733267,17.615932199435875,18.935167779057966,1.6927701371852566,0.9691732706699485,44.06922241934422,0
7.889808461046021,2.1583685467569254,3966.1078505369214,70.26101127790024,3.1577315124949603,5.1838261138606745,42.15724325148727,2.367174667970244,5.480214972291351,22.03042886587753,0
6.123089449763423,4.389612124278367,5461.512490698261,65.86617696894058,0.5688139777764656,22.29300285336722,32.210650799480895,3.065851803715585,7.027382992895869,1.1328527145740797,0
5.097263865725815,2.629444580112007,1926.650897643572,287.9588408140366,7.6652731622162715,21.53356697361811,32.536219216690014,4.344005479089102,7.927034057807514,6.031821521510155,0
7.581889183628672,4.856870425616248,1394.845810954143,184.8901457777172,7.021074541137926,5.960021933158614,43.34107428442446,3.309507882359643,6.291175786342667,29.773168769395465,1
5.708442717628196,1.3348648206640452,2197.5508495476906,167.06353295162876,3.31352218736317,14.206252684878327,44.69865287312523,2.1702443423909035,1.5265816454078374,41.397861427581745,0
8.761834337411656,4.4088042558002485,4972.891393500951,124.73253105699658,6.75662902207073,29.475796019791684,45.98962858897181,4.0971392683518255,7.101732665901607,20.084119594756743,1
8.81571430801035,3.994685837562838,1173.3513336324165,128.68330002904327,3.9593722619594987,15.51841406421542,4.742459662657805,4.527910687865661,6.773418460815163,41.72930755065902,1
8.659457560881794,3.969148300898234,3914.0341754174483,162.27150115142425,7.562537914224343,17.54863512829604,27.206300098155044,0.5987998321609861,0.2442688294063322,41.918135365917365,1
6.480634801021777,4.301524526525995,5977.18758095655,208.92894211083217,4.5418366273670605,27.748253953992965,37.02547606091593,2.6596648877639573,4.117476675902432,42.23615443966985,0
5.06182646611547,3.924607959243495,5278.480469187697,210.64382885454884,4.122797278316655,22.93154689664391,37.84634225635069,1.4225597987122207,3.329502469623733,29.551311241230504,0
8.713274250350901,3.3179914473413694,3607.2284452179474,51.50817231163487,9.347299154883009,19.55175327810559,30.335810098500193,0.235305989384737,6.694120642536435,54.89316900729024,1
6.712736593269257,1.0906019495707442,1318.2045464332118,150.0338256229881,2.5087909989070023,24.945117033526813,8.339366759183708,3.3427334755699265,2.161358123109207,29.351791078836936,0
8.866619276174678,0.6463678077106336,5156.867571928549,123.5874285102306,1.2044733999656543,26.609156661399332,39.871027697083214,4.313853887296128,5.9087192297425855,27.01591160979829,1
8.85447990835701,4.643815315170591,3994.8925408860528,261.1580898808153,5.845431132594582,16.42220179343167,36.00556667574729,0.8145132723869702,9.132059618141724,11.96284914063762,1
8.41203782186944,3.2749264153433213,1574.6649852978342,189.4256763655129,9.693218122841788,16.877709123295887,4.306788577451814,4.0620682881195025,7.9780237220860775,18.45930524138019,1
6.177795568278343,4.084417809392793,1469.286424116781,159.75121992479455,3.7783921372718665,14.651273391295895,23.190491233718813,4.266978667684708,9.214577362165304,2.5400695510982008,0
6.540390914407701,2.666850581806475,5548.134097182962,34.618392653675215,0.6203676362878152,29.167653500461515,8.69886997609018,4.571702213332418,9.7850596693269,38.012117616970215,1
8.404546686067427,1.0278868503307752,4346.001314690392,181.69136679702345,3.3930526730956743,22.42915635725876,16.873852285648596,1.326425445430262,0.10670127006162766,14.912144635625573,0
6.26768802062511,1.063336064911477,5146.433996583778,35.16117170407003,5.059316543195584,7.080576655201807,0.9040546102842717,4.519765325949447,6.227412763774776,18.249315269127905,0
5.67797098674437,3.5850437925303713,5394.894501411337,101.16197266972561,1.619230066322137,26.573990582825463,20.016493420537913,1.6033137736821612,4.128393977589065,46.248871299859275,0
7.227205049833401,2.436376527047582,3858.861760241611,42.85258944429956,6.58102218056492,17.013998520906704,27.493846057810522,2.761690067277514,8.598544903351218,19.633270989687233,1
8.744619096643124,1.4023612701515153,3587.2317587752063,207.62209410731066,9.977493890102005,6.7188476605621865,30.97912964135434,0.25253735416141065,2.518147020091317,14.53175352078853,1
7.784119186699892,2.712175460336466,3152.137051604951,61.875634150845784,4.517394759814438,18.742931379082776,33.17451725643551,0.21940544184371802,9.810294891150761,10.143464948022345,1
7.28024468035746,0.7889402168381034,2584.732938955596,117.5578119564078,3.5472855673021266,15.429106974392552,41.814565655123,3.6018660636610145,6.137079695437473,46.491504130917356,0
5.388705975083074,3.1188713086147946,3172.979804293559,268.7024332856336,4.007041668344666,26.943735121565624,10.773145363786501,2.222399889888955,7.935374022288309,7.782375479401614,0
7.460028906796679,1.7104703199579396,4869.398278650782,61.29491501969109,1.1514617839520114,10.099865090234683,6.024091121923397,1.281461876846088,0.8559955282276832,27.225225615021213,0
8.960215400417052,4.089015952867347,4009.617155075658,152.34151918763374,8.832736014262238,25.661615237304574,42.57685859489628,0.952067480124551,1.8345788475886504,30.415806964631663,1
5.560336060946096,1.896628815156082,5462.61644977423,125.7814983498066,4.1482565552135195,18.942217279636317,7.830640744632494,3.3497674542960905,7.5840367303420315,41.24339476114287,0
7.073318609454947,2.548490670868105,3216.9000718959387,5.43721231371892,3.8727441142484134,6.365257580336726,48.738004066809765,0.002007720126699364,0.21986522039323608,37.99700893997973,0
8.509492287711822,0.5522924295864529,4035.44789359377,237.82743407184384,6.596902729304743,29.296132533137115,42.12691146993185,4.0294558459842715,8.168779858937828,48.64324037671049,1
7.963074471016817,0.826010995075515,4156.537765459943,20.713771894379917,4.420334209311235,17.815381102579998,25.043830294479957,0.3962480306496441,0.13949018691911452,2.685086035574289,0
7.788062963981072,2.266221003830082,3958.4858115316274,142.27650629308607,6.482334688078461,12.271921355789562,49.07107124610126,0.9574480745405972,6.5711883906127335,17.786443486763833,0
7.8099363359484375,2.659724756227056,4513.168865427582,168.20348848168499,0.6144629013078751,16.735171049731452,4.868836455400211,1.931181976495448,3.6509392023180585,16.808047126522784,0
6.437964604879021,3.2000924665368666,2187.167341874031,188.5279369843761,8.137233437222275,26.446444587937226,15.153288058755082,2.424293698580518,6.1149485271919914,8.761014335526493,1
6.1743673770579734,1.8124816041918645,3561.818887728953,206.5894887923627,9.405039528794026,12.622578109626588,31.911220752030573,1.774975579069709,6.960314069891137,17.350695231386588,0
8.237444621914054,3.6274184875694413,1521.1240140417385,75.98171505681452,6.487653861593859,9.816909912167507,17.500343423658936,1.6035608249214695,3.4247521918630417,18.585918848574206,1
8.240453578716723,4.370550787351421,2922.5566382240627,2.993632997534812,9.545659288588107,8.226781173272038,46.41862759903959,4.819580060365942,1.0796244811083555,31.313067715648696,1
8.468289274320416,4.009329450020074,3438.335343106322,217.0330987064736,1.514323143699633,12.446484959755281,3.281304408890878,3.2078984062169713,0.6964586774826564,39.82226873557536,1
8.652962210225885,0.6782847140676072,4261.121297727363,160.69697980427358,4.774161894803537,24.501202176001087,27.470591603048227,0.11716477683694104,5.889360225625478,22.866030816708843,1
7.045369595443751,2.66228126266023,5752.655262931017,250.83531096217462,6.018067339454473,16.79065912988154,29.543313369755726,2.150879542221566,5.206553537341115,43.168213878802874,0
7.006065178748798,0.9721858028817869,4003.2553327417795,246.41650887020828,5.817366474211867,10.6870400923385,32.63640618886121,4.375043498719851,7.422010091211325,20.1699203147748,0
8.1931807158671,1.5892025713813736,4717.969580882799,252.99785033636496,4.014617790890433,9.154624990243729,12.783311166590721,1.5072809320533398,5.097355100039371,17.41702063888562,0
7.599855723111061,4.939981669702159,3531.3302974760136,145.52839799386206,3.380844093662614,13.318236912759478,18.22832137599322,0.4727817238719412,4.224457900308791,32.47128335142146,1
7.807867509030814,1.1412299430568096,4170.5201568816565,100.0885187510597,1.268240225504188,28.49810932214272,42.184026483248886,3.791923857949589,3.9808717823623088,1.4229816183474364,0
8.183170677744403,2.744996690531102,1354.6610806688673,237.467460777411,3.917424505622782,13.57566781475061,9.747138448507991,3.0300691596804064,0.26446902597667465,4.787347418040023,1
8.560021367270265,3.281700804431536,2271.957904209235,135.38823390877647,1.6266081510548513,29.703101898865885,41.343392358668105,2.8515625391325194,3.3555720169665717,25.078172615191622,1
6.351980627406143,3.6610923674484677,2809.2654660256935,55.032658921030354,7.3436567649221836,17.130761394133906,28.13277114513712,0.2678827980370396,9.760201575244942,56.57476268350539,1
6.502331810559776,3.0184190756911136,3362.466775032568,256.4922058684423,2.0883093549459,9.47909795725377,38.109375559704105,0.7024950489775866,8.735555762270888,43.29070679060542,0
5.375927759363476,0.5439688133863265,1228.2437275119187,264.7679630317042,0.5856530528453385,27.278502294837736,35.680368313173574,3.112746981065569,3.293780670342177,5.287594170033465,0
7.313120563984696,1.9690758870979634,1700.1204877665884,139.89292684205103,5.523661378172343,16.508884328370673,10.37557476924395,1.039119207294179,5.877954050663722,50.779080766852424,1
5.143769095186968,2.8297023952312013,2384.071538956529,22.70991819293624,5.952297327194016,22.74178358761311,28.440636821693644,2.5203503987421216,8.47296745535494,43.93804623649086,0
6.862392072529841,0.8953992461517501,5857.663454505253,116.34782697507937,8.719130612805055,29.592789580228793,43.386157640254616,2.7244084301469673,4.412743367500687,36.65679154215919,0
7.1705785388303065,2.0778211904413135,2656.735035515254,241.061297838781,5.769816124176819,6.25438375799935,21.605811840096468,1.417535951354697,0.1795786375015096,49.217577636550644,0
6.146165008513138,0.6494139895611495,3410.205290560413,270.5322085638686,3.4548085372344572,7.417363994689179,48.329538511165836,4.742125777707464,0.7451046181864007,24.246590864577428,0
7.363333042276043,0.8536032371975933,1980.4885636919648,61.04182274927875,8.030118815263204,23.011418536568904,22.610755005085903,4.212320534177875,5.103927213487066,13.290063051231165,1
5.122000999756198,2.2861547429071822,4053.900355378841,20.092083607581458,5.402788931874211,12.045625082386799,7.139281833394234,3.6118675381639926,9.694393756758783,30.72140334652556,0
5.149392754996858,1.0972208931937715,2403.416077579872,263.2051359398516,0.7928028463119174,9.607534923752477,19.47173400388366,0.3899693320470454,6.932095422188677,32.93050533560843,0
8.290402242638633,3.0539338171770116,2034.962892192134,116.82148169366259,5.6585056031324665,5.984046995493237,47.58512031952686,0.5306500965450972,0.7091619143856953,32.29958232059472,1
6.440762565645052,3.6025923611176958,3582.8631422298954,162.52828928026898,9.080185454216624,5.546167799655045,15.98604246699271,2.4639067293247785,1.8936087579186278,33.90442748880632,1
5.508242050607539,4.102640145990873,1027.5289958021042,290.4197436152277,3.9631262549822055,24.362140077994773,43.40490799335314,0.8035667459549284,7.7132314321685005,56.92229509435085,0
7.0889730402192175,1.4006760991016454,1038.3201632461266,19.969418374266855,2.9632580189980007,8.36083568423875,44.06253408409449,4.89132731764737,8.414397599562447,54.13473738577388,0
8.079974212394443,1.253671620165814,2095.3440455092887,194.49540223562866,1.4346945701802005,16.69301539927877,17.509326216598055,0.7926011701370472,6.176945861885908,52.543022193536366,1
5.863284109987372,0.9705552815048011,1183.6068125041056,22.23162677246012,1.5144552193535732,20.147420379487073,4.1628829025316065,2.43733917731987,6.444231696298166,48.08500865451763,0
7.491561903276001,3.363936122946365,1540.1287706534567,112.64067853995012,4.327714843418189,15.708795014221156,36.22789545794091,1.820605284207527,0.28337450383384644,56.60568643591712,1
5.341389859975072,3.679140769191055,2694.303246693758,241.14436355803403,5.956798241615296,5.677666308405827,15.5756149506993,3.1969321072704897,8.285302595815086,5.909678500764195,0
5.206726884674431,0.6421376517153892,5012.928397899064,130.0416698266903,0.8061540516960175,24.587537564697723,39.14618071287862,0.6451820444471246,7.882752081708296,15.907395686744369,0
7.1254185262725915,4.712955108096605,3860.2432168465043,299.1547061708851,9.395685890251658,5.262830613541337,22.132742413021656,2.1515821402119544,2.5903514410334716,29.703356739275094,1
7.162540486440426,0.7338707764316259,3563.338629782082,167.71778548398066,7.55133617445196,24.0472473594371,24.26333711713108,1.3735251640357182,7.086767199655069,50.79206958740431,1
7.549719605992826,2.935833508854817,2467.444116040608,96.34864579078605,5.866239182836627,27.33261234470307,38.89547033742684,4.43875762335844,2.148546064249981,30.30994269136395,1
7.904365334890646,3.6907723375291237,5658.768597164082,66.03339777142594,8.284386709389908,15.820998026429308,19.118166553081394,0.20292856067347542,0.4033016105151299,44.88208436049532,1
8.903408317850138,4.419361056857385,2985.0752061859585,105.15616028584854,0.8018675681211329,18.388561827444956,22.156367266145725,4.5686374700322965,2.0113654259037728,8.337594314934973,1
7.065201393204781,3.7133911945959253,1435.4638339788576,111.75998212786524,4.768388777331244,16.924584815441342,18.809523438481108,4.164970692765002,1.786288767542995,15.144828778593611,1
6.291825891764984,4.107776373814064,4085.3325805890063,20.61410331718829,6.300931268616634,14.730215465585971,18.367025763864,1.4878535822040773,3.3774799673484726,43.906565702260345,1
8.180744779074814,2.0275258664426272,1569.191967383007,110.87225982803194,8.286529061182893,27.185613384259007,26.297328845072972,3.9464532733855235,4.184494971754581,9.884040533263443,1
6.083329005048297,4.166713011859305,2726.1157140084606,139.2715559217675,7.834695600492677,27.34833776674976,40.43997222505754,0.1560678016937378,5.085388914977079,21.081356079295606,1
6.755885682822544,0.8605168087310382,3537.0596935890444,216.8213256716414,2.7706924971339966,13.395409116038364,18.088415596128293,4.834327751466968,4.767538755083281,15.891975468814286,0
5.313825525369063,4.526674952272375,5371.112623425879,197.01884541648238,9.408801695592043,20.37674385036745,26.212736026886834,2.632974712948947,2.7067460596528936,20.99170165334871,0
5.1014029736618305,2.964165692691813,3467.732901700593,212.62969656874628,1.2434584143087035,28.172689053646604,33.53636627213004,1.5164051303272263,0.29170668574074465,42.49944294467822,0
8.8505936587117,4.177839964831222,4511.293830158322,2.5091045630571296,8.751336186211521,29.05146247353379,13.47197231518275,1.8129160629733854,6.051016222371507,22.07083086856806,1
8.343920482048823,2.535432280332351,5964.084194995352,65.30021987416082,9.709402496046186,17.72397601055119,13.876140245119629,0.3320267673024868,3.957448298473544,33.31579935647641,1
7.783896824374792,3.3960996283843623,1657.445599489908,198.50528651995694,1.7715352322262556,16.320620132108168,46.67065635117274,4.946747570210196,2.986721573875497,5.995912623264578,0
6.6358117776570795,2.8688119742125093,2373.6576275975976,145.19681045392414,7.220660642037853,11.967357898213145,36.17672866655443,0.19645972575346227,8.669410428305124,48.301061594077666,1
5.693177280283383,3.7921528478989934,2972.880377988232,1.5940427005037838,0.40285518777998464,28.97179682976025,28.859333811165445,3.2745356157392953,7.467433077981598,22.19331753888749,0
5.625748170684345,0.8673349191376531,3109.1408926941567,241.3483927295467,4.0542282513915495,8.570357611821684,32.3860027210306,2.2136796385322914,8.577655483724422,38.912049542000545,0
6.000971592658381,0.7715843779575371,3055.1053763277287,231.8428719871012,5.162832991976741,19.495739401193127,1.4649721551709183,4.7445810909435755,4.94982794712461,43.52337609970996,0
7.196906658824481,1.611964553045659,5538.055012782775,164.5257488980688,5.806452259096341,12.063756687965972,30.905148278084845,1.229998701533976,1.3093125212677748,12.579655326702024,0
7.858383690800249,1.2179510605093475,4570.163222334282,19.938997732881635,9.359372482485595,11.975207258694915,25.475443661210097,2.6604341196900565,6.962214361212724,53.080499097201,1
7.6407895068709255,4.423026049664907,4039.526070453519,229.9545148597754,6.722506872941947,15.124214684404711,27.287483988971783,2.411781042913765,2.0607377993717524,36.973455096417176,1
6.119735587783771,1.4864629431111993,2546.8635893139103,175.11407631940918,4.81277951219237,29.969823395391362,17.971191341540855,3.5143322202505067,4.412296690917168,25.723508505088887,0
8.819461122652775,4.891393651186091,5118.9519211064735,234.58799314738775,8.096750362658893,6.374157670995552,4.073694885647095,0.34005115976210254,0.650007889488885,10.940111014693173,1
7.951587666783074,2.0160310629699807,5775.302557424945,225.52409771875213,9.50532820954409,19.463545455088287,9.66696168060261,0.9689456501167742,8.253084024229825,56.5380562740724,1
7.217416210045602,1.3195306205991468,5105.991412751133,240.90062158735114,0.22066148682290843,7.064303950881929,47.537235660633584,1.0728241004642491,1.2594064104750058,45.30409224789751,0
7.4468829849374085,4.053643282141156,1007.8255259573646,155.40241992138743,9.825212722560387,8.863020749762974,20.4349781135467,3.6907537742084484,9.030975070493097,12.481473763994932,1
6.67840024971116,3.4641849897539423,4182.006850917035,42.097355458054494,0.8613213906368034,15.989073544322467,23.33415779154321,0.9456934816337004,8.642306022615571,20.26264648345347,0
5.99092395800463,2.7418807240391256,1255.6769072105037,201.3472420139066,8.143867792687614,17.761503283661032,2.6354894926719497,2.8674588194548836,4.645827644392461,48.580455485284396,1
6.423890714605046,2.9991359792193406,2288.0361016686093,186.14213551559118,2.803347525514125,11.4698102091131,1.8783114771990295,1.0762191025047685,7.443682043039907,41.74065979292034,0
8.031384441857476,3.736408002225187,1297.6235017388585,222.67595615972616,1.3217965775387175,12.911428271860405,35.85907235233788,4.308124750419892,6.194450738181533,45.94705756294346,1
5.0575739545190235,1.5280463359908443,4018.9772647469385,50.964301815220594,4.398556397138349,7.174175506398326,26.904733206055564,4.710927272448193,8.030756423377449,26.472066132775943,0
5.464290562027665,4.9835026222553385,4432.949567463034,58.492559970086766,6.4395657944761355,12.580494596106263,25.435299210813334,2.5924648747112022,4.31805100785912,42.98857575853001,1
5.184010568087011,4.886569229660524,1572.4381903295257,267.12285516579857,3.80951845023475,29.1639609845136,12.156226521133433,1.7615444210458913,7.8580848424435,23.189623371834823,0
5.16291520927588,3.426465588561216,2919.1944152248975,224.99333953562123,0.5456540828269896,28.617684541812043,37.23753658149611,1.1702888750874956,4.62456817065148,12.675775016291785,0
8.42184233604403,1.3979410291811531,3281.18254477771,272.4685466100969,5.994611396587166,13.371957253424625,8.411828955424594,0.24890500761521883,9.409657878427938,37.9606220904816,1
7.814631437520095,3.561027090940811,2845.265108804583,227.61459634917622,9.024032761106747,19.27134840696904,9.496737183051001,1.342500380987477,4.863721008251476,58.56083553592765,1
6.896695316349301,0.8248928404062913,1605.1250024259652,179.14659179709057,3.832153659472517,27.739884777773607,23.035608567413774,3.2711788997265896,4.626192719337295,18.636058283719777,0
5.391336642604006,0.6379362599261273,3094.738950937377,196.2398211083621,2.1633277763082703,5.154595566022417,14.313993105597046,2.6680846565460543,7.850718615635127,27.658175532752377,0
6.966463500467329,1.6595729983004617,4755.890239042091,266.738377182003,4.425773459328154,25.267089258439796,12.373149061657319,4.720206391404637,8.21577691760838,40.44008226419122,1
6.893887083122262,2.5818033053269236,1355.0383226662773,173.64202635358217,0.4836271104878087,28.709238819722973,32.26188222766658,1.981386312458503,5.544891143211707,32.490376927349274,0
5.692807479640061,4.407226274337712,1400.9000704095172,189.71739729851623,8.204875844802748,7.2831433583389265,32.54858726092723,3.4693167116419725,1.797978134950754,50.605667742542956,0
6.735406596951892,3.772260813948386,2773.8564591799213,46.943014801080174,8.263408109501867,9.036192150823027,41.22585348999646,2.446613737375607,4.677582309575795,45.704562388170956,1
6.594018937589494,3.8421793453999147,5708.628558094625,142.1763660348308,5.880004634296284,29.018657569283885,20.885428348648794,2.562881079621058,9.680725029096784,3.4978322317414223,1
7.463400392208866,2.4147200050163393,4342.86323361457,214.91913358742968,3.5310288893838946,18.438503591008658,3.654254551307512,1.3388715730205876,7.529861930391851,59.905274035426444,1
7.540374603470575,2.056707466461333,4393.349783362824,81.28280949490963,7.997833644457834,5.354915861793092,13.683319246072884,2.2747538842099986,8.111626038791321,45.144147223168034,1
5.181216039088178,2.1696744334307123,2809.5999541893248,60.676254157360475,5.546870247883672,11.440799969088228,49.000273159840845,2.353924985063536,0.3282549881924013,51.83419897764679,0
6.498450458505885,4.94442303681226,3968.3039560426923,94.14804246732467,8.259323085500162,16.24859185672149,29.812928761635106,3.5332126087446696,4.678594626341599,39.071862725720784,1
7.5034396628569455,0.6804913613561712,1050.655920138717,72.45018839785004,6.314587925830207,22.32272277561919,35.48685424005102,4.70319999593057,6.466211336575554,51.377107682805736,1
7.01254503432035,4.401641732551019,4180.480232047711,64.47379111091875,7.844054732127973,23.32900945341999,0.3678914812707268,1.6466063874125214,8.300326836280746,6.742978495722564,1
8.42595936475329,3.1040393385757703,5566.4347378811835,127.45525286042609,5.985629932177599,29.885537823136403,25.910286609126043,0.21100234290649222,0.4927365358277147,20.864270133558936,1
7.6347745264757805,2.4737693863531574,4062.8673417240957,272.35155416506024,4.141410682156662,12.187779984593975,1.8764328765901561,2.4814756275031984,8.524388856418732,52.58525661626956,1
5.651737708325719,3.7636594718681144,5368.492967331726,152.11789402161548,9.579458599261375,18.45550254671188,28.4615106045724,2.722306660745843,5.484009367419117,12.099312676013534,0
5.282274989601719,2.6900102364111627,4619.865277330469,56.376114244596906,5.411138248788447,18.333088696490126,46.038542481803766,0.8422027556595763,1.9731397057605993,4.694525914801364,0
7.5696771128252625,4.430404571367473,1602.7920820184513,23.091500814262222,6.050895185405384,15.141131486180937,48.420956525020394,3.8023230313803333,3.172552164497,47.28713639671314,1
5.106045242166488,4.553158388050663,5512.266536429209,208.84684354137758,2.2048763941474925,9.229047346060504,27.027633769446208,4.924645542207458,2.8192955175156076,50.12916933859777,0
7.343102325093853,2.397744170930549,1332.2192217788745,114.83962933091635,6.256507894272765,29.436414079596062,22.9102402626108,4.7288735850423045,5.308590342884758,9.759133091394038,1
8.76092096569983,1.7457250875577321,3669.8373627388187,246.54928397560778,5.716076494829439,26.33292966666465,47.2508547124247,0.9855301941182609,0.5168567991113182,51.260758966962925,1
7.301896711503516,3.16557647867013,1710.6856189672883,197.85323059223106,1.8483839794702495,17.458325707355932,33.68049159983475,4.3768161995038035,1.5853615849992353,41.206067735830175,0
6.552679704826088,4.605635055275109,1058.5330536545202,238.87243516241057,0.5958709735314371,20.081135567100745,3.244963976920473,3.5224681820584234,8.126930433757824,31.204960992995034,1
7.573152873769413,1.4479798505254995,3110.171300638195,81.58381182553462,6.043593197147711,10.681526338991556,23.286278883374877,2.269232819034558,1.3260399074681106,49.8150115668831,1
6.8330115619660665,3.3033496260356725,2475.203538270781,207.70767673831745,7.636922693503205,18.59467675979367,12.012250923215195,2.7030549716236454,2.3339626945812695,25.154954959137946,1
7.18246715726374,3.3420209904163425,3430.002468988015,79.21859540811563,5.234013709220083,22.374253328036897,23.490216072434077,4.24800087491229,4.533706056041574,11.639637373403833,1
8.7658592351061,3.7990086008687642,3885.999433672754,281.7205438350875,2.2677262531964573,17.87917570966472,22.773278600318086,2.4006746981918656,5.171208881133305,17.09116059663682,1
6.544410551203097,1.0920545830726691,1218.695361544737,190.9122844600123,6.665219766930349,29.757129264623533,29.1072401407371,1.8660368455256342,7.636104796141586,30.309841097598888,0
8.844762255295656,3.7212123410693985,1615.0164756187282,97.35354005260263,0.8010572660960225,20.283541406193155,17.838524517462563,2.466237465129929,4.473324266661878,31.879847560390544,1
8.621402567824255,4.5906463429953845,3793.2119822521267,80.8535586876818,4.418337048019546,14.274342814804227,8.213522472796402,2.8956490201752456,7.898646210355388,48.33484958647402,1
5.783164539157186,1.3085739899160889,2715.8367658632915,57.277975521493055,1.6336675839842019,24.303800690395953,25.185971729497815,0.9453882688917442,6.183463070454574,47.48116341914007,0
5.277445203500662,1.5689449621574494,4645.86743774724,208.39228766811834,1.8445905105988336,9.26156278954105,41.5101442172881,4.504538651334953,1.1309973942382245,34.88199343227449,0
5.403112005509707,4.871277923187378,4261.4582429596985,65.61468389937819,2.0229394915820365,14.612895342656664,33.200611403380115,3.370934744148069,1.5633143839283858,46.84712900192858,0
5.072887302606199,1.314396287192704,5228.021814949534,178.59097977824672,3.867070570439779,13.673973759439646,16.918393296260792,3.1663445866874445,4.370337254497708,11.506407497620259,0
5.377771843023714,4.344732920163106,4462.464133346126,79.39050807760721,0.5115020562039763,15.795177377694431,46.77615113794286,0.4974811309031907,3.968893930890396,3.0038716255976605,0
7.732027093665428,2.7152503540161566,3149.6553869507406,198.59068343816057,3.977934409290982,24.544495648218156,45.61037856245911,3.020869690862959,7.435442696372946,52.41802935808201,1
5.2847545938409155,1.6125398348142967,4364.833111972162,244.48191856216175,5.117074471147008,17.104325804085185,10.467419969204938,0.6048033111924617,5.807371397973519,4.533269625766174,0
6.275902521175045,4.4183745557263014,2376.905871277093,233.40757294339593,4.832942849663252,24.85036125664907,1.9708792560181487,0.39348837597699526,3.881330810022493,14.801305784639837,1
8.379501243877819,2.5038736475119947,2531.5674938910634,228.25539927923452,3.8278410040304056,19.412222578496646,37.06543541753811,2.6365544782119663,1.7076028345038563,41.71913697746307,1
5.093087742943304,2.8166780926836057,4944.925799603967,56.31672170767562,8.391466080707525,13.551735866438884,41.38051306745766,2.0139276702324747,2.2683710232549514,24.566876257638548,0
8.257873930355743,2.1165501622989455,3232.0975820079107,26.515484095355614,1.453266924205041,25.24946859208681,48.39322829756777,2.944051350781116,5.75501018469059,52.578838194930526,1
6.1274190990936,3.1682788314571733,4991.901702591762,209.68464854621567,5.056967437813739,10.95724176382729,44.49181970441553,0.44611084028619297,4.234388048997925,17.87878767973617,0
5.472659310486625,1.2358574266326023,5112.111868341392,110.5041641383054,0.620414169565543,10.609574494994888,30.026738410320743,2.154915314236292,5.1492750886067205,0.7122808001615577,0
7.786948661456602,2.259866914932923,5287.811688306419,129.7038679210042,0.7115567887790974,17.612573101370895,26.50261696061904,0.8739335752257898,1.7067743530223367,18.039338433644648,0
7.5157713871195355,4.862355450508794,5583.176179206037,9.34472783801732,5.738658496770963,11.521231149052223,1.3920525631293146,4.935500429620583,6.629062523445658,34.6845029510899,1
8.509888054108211,1.6616004471550738,3154.9261025664814,77.87293478251476,5.66018424887821,5.227175873780408,12.332822342238892,2.805751062175872,8.52538740855967,22.5563025241976,1
7.9402841752155435,3.4553149904358147,2594.334091605694,10.102921162339207,8.78033512844457,21.20743818247004,22.98073758664632,3.4371843047043367,2.579395067869006,32.092365345525316,1
8.213923721539395,1.963355289011127,3910.9937329705695,263.7557317803743,5.5787367566007315,17.77734553680995,31.42519500417839,1.627091403413039,4.915142258318266,52.59588713010112,1
6.128138290285226,3.980629065589703,2855.8621171881377,73.01900496555915,9.597910204048501,16.137945362329027,27.862591665920533,0.47369457389672076,9.755273290209018,54.74910325382211,1
5.709758175118891,1.088931473232574,4005.370834001165,167.20115087190243,0.4869484839992977,29.174212865457882,37.131799484084524,4.879354313917683,3.332417405507276,15.958443879246726,0
8.002459006563434,4.864194702853451,4527.929313219123,11.693796198339124,0.9800768478074107,19.279979599072842,13.988346544352042,1.4312951769159161,5.950463449237612,27.728428396194044,1
8.227338957069056,2.5420529362263764,4442.025092460684,200.05421739169742,0.4406586157038139,26.585789444734612,28.24763038262366,2.1190409258678713,0.9019570020024437,32.94864091448707,0
8.962020568002693,1.5622270850590878,2872.7644351006065,96.90820372622817,1.8527685033354002,8.486255905129005,4.407112169539607,3.249319608512875,6.0601500247944315,56.94674741329482,1
6.650470707645706,0.8307353629850569,1834.3010084937641,269.37575608729975,5.412701109416781,19.230161578235695,20.683276179160348,0.12348648843055643,0.8963177330461791,59.91703914986308,0
6.488072343171133,1.2639105728939333,3152.6466923110374,266.43545668021073,6.4557218142742805,26.699490668272574,37.50804164773005,4.051295652586434,9.592354353238221,14.1244349304916,0
8.105651842967987,2.8389827685020794,1712.9707204095437,97.58718550852433,0.455851579486688,19.57764393199745,34.6700426714522,2.6828909501431015,7.156626520723114,43.61879228074893,1
6.363214161012071,2.016514293940788,5450.4851759190415,270.2882687071404,9.459708898455993,22.950354453175038,49.53213685860895,1.3910859353441107,7.881597881357064,22.681863733991708,0
8.72302930241426,4.229975146471743,2729.3873036892874,298.84730204963364,8.42165376650381,14.301089195305185,13.8945562993878,0.30803992646234624,7.041043607716368,0.48649181317279355,1
8.433651007372047,2.4389938564781266,1772.2987361166188,247.62469923718442,2.966124821570931,7.311237925926665,24.90946495869896,0.8124920773722072,5.897290360764657,0.5551513461541413,0
6.715976109500073,1.6192142266443346,1127.2387995287545,253.4614043265687,0.7718753022646796,16.447507378176788,16.476520688699836,4.475169294267184,4.499127810855054,27.633960453735344,0
8.00348427116599,3.2771524397181353,4229.111931432421,74.70262083272698,1.6988707321905727,14.861984770971437,22.030155702958737,3.430121119679455,8.583733797610623,29.30009478026008,1
8.018171496338729,3.680497475984506,4184.511587273716,173.0107196573269,1.2694441375497267,26.676504559473685,42.8475064934694,1.249508608184449,9.56835667543063,1.3541817944065593,1
5.41249547534373,1.2516885855542743,2703.020832906458,20.176774190210356,1.2328377929894685,11.099882558811807,34.21045375942433,0.32800382472514766,4.9903617290408135,41.215645006458146,0
8.610211626718266,1.2542864732974295,1358.559444238255,28.475381046500914,5.185616886657339,29.1683556883777,44.12205956737908,3.4530765619331816,9.31535049155262,17.640203315697185,1
7.021009489791428,0.6650214212009433,3048.14447447616,299.66778360998717,2.458474424934003,28.953452995112404,10.175555416594323,2.8620386298388256,5.833329099885175,33.59358609215696,0
8.305829864430967,3.813809067795382,2556.087475316968,97.99177482777328,3.5813971652914445,11.190791076785967,43.6680558920719,2.0225976222911752,5.383841868964332,18.055144389925125,1
6.280198404122447,3.4871203742981227,4385.603198675047,224.45517361465392,9.895053333843224,13.701298886933012,2.9881137089192213,1.8180572459503193,4.544827329553566,10.02805889215843,1
8.582092913984802,2.6358389408741623,4028.8962472634516,241.99951590804494,6.843142489253448,27.388893521847127,44.42996402185762,1.0840713796455415,2.0928776153011985,24.430424315932516,1
6.556806714936652,4.298767020361387,2822.9686409877,257.40698130216873,9.489806670470013,29.165555522402688,16.453688973036396,3.348056282687588,0.037196608180591895,13.936401887430046,1
5.043350605921193,4.1255156882752395,2089.4627712749507,299.28848922064697,1.425565550331156,16.0859775709011,15.729381670703324,4.853340138969353,2.4150622685606127,32.08805861515008,0
8.621527905677056,3.134094639785385,5940.179830777959,72.44894557706036,3.8213947483256927,13.024926141022446,25.604428834933195,0.8785762291841293,5.097231716035652,11.929711817188798,1
5.365146707144534,4.407220762309664,3270.0081059805743,12.105248057909911,5.547318032823543,18.152350331288552,47.03450938616159,2.985583100077517,3.7995995225975254,30.504358598677623,0
6.2772545503616595,1.4262854451654572,4441.371178901185,123.35745539837579,0.7675806188873802,22.19423015914337,2.3890682340702685,2.120925278729881,4.484852280026338,9.442710892132054,0
8.80024786820322,1.0036382872897756,1702.7648378918038,39.02420094868408,0.04187443627957865,11.836862884374495,17.611548753537264,2.2334436087233245,9.806482195640495,40.2584825691471,1
8.802428587750224,1.7138732518264532,3427.948498296989,6.727766748616537,6.704343337969175,23.41182936547682,42.82859943416678,1.270736400639072,3.502723706693276,45.23626106648544,1
7.293751552493145,0.7568908524019169,1137.6835993473273,108.12804814244583,6.418195168014353,6.291433927866025,19.80272387177334,4.125674378307095,4.521829393601079,6.6236540549960266,0
7.527348848679197,2.890262876004644,3527.2755895522496,235.12147532257092,4.107888099996117,6.232362319110411,9.95784487985335,2.4262780207362056,1.3351555135281956,28.06814472224035,0
6.793782087913279,4.7147256153273265,5820.087035588512,169.85420736752127,4.896440760320326,14.657192628638631,21.23970906657059,2.7170292609913202,0.47957732436987643,4.252302039292415,0
6.172843086792258,0.6770459330082934,2921.033564929001,93.83339676310621,4.154430005920896,13.836829801518014,19.277625074583465,1.5238045639866287,7.754095145924946,35.89094673252014,0
6.314658181479664,1.0494946130451206,1194.980062874558,196.30260164781592,0.24005044844888856,12.890830384178807,45.77081007333517,0.9090423283347487,5.706831750719786,15.864257875778723,0
7.690073824308154,2.534895627275459,1154.7789545967175,69.60545409264321,3.353716062174624,17.27549406672275,38.096718787154856,0.42955194101410243,7.6070480604389505,31.65746741032247,1
8.00949811775072,4.702437578875572,2939.9337997343473,4.314433821625507,1.7708225539728983,13.01833955778928,25.255777787200316,3.5705957046245795,1.4986279888655163,31.04766056305747,1
8.166316174903393,1.9227024723953772,1800.1246823159702,229.3060159309282,0.9842418910136874,9.806447961702299,49.41852833607855,0.9811714084392781,5.7182877118269095,55.46126077162803,0
8.158472571178216,2.782556639097766,1116.7604816409296,187.12292545920272,9.567204338893498,12.736738727215023,23.263876563796167,3.4503767709439885,2.5364247434137557,32.944993354123376,1
5.3648244121947615,0.6870778657267644,4781.068069750884,228.690787350288,5.993597250421656,29.372606820255875,2.9118915410137616,1.9518822302347694,2.280618169000199,34.979908783098935,0
6.977681218810326,1.1675444043293999,3292.6150444094533,11.681405006299684,7.286562842366027,15.277835424871215,13.113716090749245,2.0788740049482572,0.11526014052985256,24.09918754586282,1
5.230235040066577,4.939835553314811,2446.2238598632725,251.13588834919565,3.153637432661175,16.117819421458393,21.80352401096563,2.3458874804638583,1.303407235690719,56.94477619096901,0
7.198115529294942,4.843034133962205,5500.415915082403,185.857860010891,3.931471294940152,19.413624748778503,7.8451312073060055,1.8385425406377158,3.0926811149969535,46.63115456637658,1
6.766122005493508,0.5222299142048432,1580.694801002628,169.01860521379203,2.369239938967235,29.583519210355664,47.37825631620215,0.5030998861129504,1.1687876059093905,17.124317418170495,0
8.5508167310332,4.783153034404576,5779.594144776596,187.38421443435948,0.9696567096542474,11.040031910894076,38.34244489088866,1.5481590500142288,9.858584404109376,50.65257514657392,1
6.403660050208314,3.376039720169752,2569.8335868867644,259.32997406050924,1.790316374415838,22.032052763310844,13.414360021388633,3.3186718034696923,3.086326485239507,25.9437816111054,0
5.468268065710424,4.4056323253400995,5442.018361543406,176.08095196767212,7.975140452964858,22.899617338543102,29.54022667589579,3.328922007344355,1.3032394670232816,49.72002861201564,0
5.571966728211343,2.546329350352366,4014.714382397308,174.2851139664538,6.7754580518377585,20.183110419826647,36.0724578554786,1.4311215361999718,1.9908231282795774,49.373284097610124,0
8.04604252686989,2.820182128606626,5133.536798707437,297.20374711972977,5.469288759854769,7.214458490916102,47.0639464453399,2.30051313278844,5.877032283414765,11.332211205771262,0
7.472872253265044,2.699809611156141,5920.065816052322,227.0190501205704,4.75089872866768,21.92180689568941,44.081767458770535,0.9672361400596874,0.6404352386478851,42.06846788301461,0
5.404490704491161,3.5008891589574693,2442.0271890937283,132.68814163534057,9.224342836561245,6.602367775904387,25.759611306910685,1.0518604076491789,8.624341301411569,17.438578158391866,0
5.33642722445999,1.128430646403408,5805.677427037965,212.2191000098783,0.727349477786684,19.903566238747423,38.73263098965088,0.11523544203303704,9.614996792371473,17.84956019956009,0
7.80387652583648,0.6348811544270507,2947.409474512102,116.76914150753655,2.8060081323791595,23.489529430543566,28.10723769137925,4.483732749538723,2.467474206673809,17.780884612834843,0
5.291052025456774,1.8856847371603591,2927.5595236846116,68.66263874504969,3.4993785357071405,10.274247265498762,27.635194502277006,1.0535333253745311,4.500952685908594,43.53409485359689,0
8.287440237161425,3.6710634323149103,2701.9355212725286,179.05556306632784,7.824258122127878,26.04055018856935,5.737097916909595,1.1376693846823165,0.2213445102949707,13.789562507552164,1
7.824968908625985,1.4083405345532676,3707.038036737926,278.45462943418545,9.925146201619713,5.758845138325107,6.3068829008076035,1.398007163225659,6.407102247272215,0.054350114765413515,0
5.325395122567599,3.530445949962128,1770.7252158924355,278.7418560046388,2.4067051475715306,26.09532159145765,26.47668075112287,0.637040358477145,4.139260580525889,42.91421120895799,0
5.339350856340768,4.864604207482717,3768.557426790056,102.5715834316471,8.743073341370806,16.508226266069126,13.443077248950331,3.196314415906814,2.700584661015557,10.271084630107516,1
8.946558314004701,0.9225532210523828,3708.52406205002,158.3032398665085,8.306227604317913,10.439698498291111,1.0518451230234316,0.37571476588793284,2.0683711061660848,6.268943718470079,1
6.497083183024481,3.526709532013068,4809.50906302435,63.49076957095836,2.2465739764176664,8.3444536248492,36.14196019501061,0.6710121316317513,6.540230776587604,14.250967235643607,0
6.482568588267563,2.4968759868705703,5168.249809687928,298.68933284966505,3.993325801992226,28.832679189559315,1.624329834508248,3.2237836329504646,4.162170310323145,22.79403133936224,0
8.25119826903001,4.406640144698774,3202.20675156212,294.33537236038075,4.096728692925192,6.816639689528918,29.763842055202726,1.6983031024072137,1.7965928902991202,28.554379648392043,1
8.788994309535434,1.2971740525132365,2511.666246757469,194.8526789122342,9.782206685265583,9.97733549839814,26.95968970636572,3.5397391335059454,6.891090814868241,2.6742024427578492,1
8.944004255291484,3.61681678501774,2296.6744865854726,241.32421790324202,1.8089190137889832,13.69555868582615,48.440734528890225,2.7871237233507102,5.650722830366936,58.23439995764163,1
8.013512741035766,4.271518803416496,1973.1191835243596,214.53004838511,7.99157971104782,20.505871224028013,24.210656967382082,1.2801058653075654,8.586720549294961,42.963783205173485,1
6.5050383421236635,4.750763987633104,1288.2379109951244,177.94746571184047,3.341927141731099,18.62002713190246,3.180071818889868,3.2541397524466404,1.174758988764929,19.39164391946017,1
5.334002866794675,3.5746161273034063,2712.2398941735664,16.00439909666931,7.308703457761604,8.14108731030785,27.584398390323084,0.5813684014644033,7.856666019444561,19.12183543712384,0
8.108587663709747,2.737286438037923,2351.2384606539163,136.42930276579833,4.200110042956629,12.243199593455365,42.05480853080507,2.682051915400152,6.73516786817259,26.91255296210756,1
7.23361699894322,3.2803125809054623,5832.086929332037,202.43589065022317,5.7835976311654,10.968794277150602,49.842464214071995,2.185740525225173,1.1501093682809782,37.57468936578198,0
6.696888036987906,4.410072430154232,3788.5441312502194,203.2594841651054,8.326117733261311,10.338571362258534,21.517158684453623,1.339367914087204,6.948207298717207,8.782383995338066,1
8.625417540378944,3.0677438598747337,2736.3851951525376,111.93678552671507,8.041655649838841,15.278608411999675,16.014937124837125,3.0200249886975006,4.415472888798304,11.33578882589714,1
5.444789929224605,0.6367417686357659,3902.3380049684797,282.50759599740917,8.664231835397002,22.60078631479142,45.33266484759994,4.356667961701413,9.449847855558431,51.566074970013055,0
6.970500417163437,4.6892691297814,1695.9835067284776,50.2071096710343,0.5961732534465902,10.436323305430898,9.562106453806068,4.994523498815384,1.4161135061789931,15.375295433344354,1
5.045414579069677,3.602870379642025,3220.2187460110144,150.10783386466818,6.920505530397448,14.166971992574535,30.771445751646333,3.0388138437171226,6.42833390815738,22.81169987851065,0
6.874642567976505,3.5443102359976093,4131.17160710532,207.26519296524683,1.3998737672176287,14.772935671029057,20.285721209047384,2.023529371645851,3.8198004546294593,52.27631105700702,0
5.225213102727349,1.4705381857897273,3444.489158962257,209.14074176754278,4.1581856801841095,29.411413235885256,2.0541182477777644,1.1260355010810081,9.568146705908777,39.788869763989354,0
5.475271665072288,3.4649846160469573,3008.894003271621,194.59168703064466,5.485884150546885,28.866658921976722,17.36442371528489,1.2854804469755587,3.299748952902765,20.5027127605013,0
5.470104987108419,2.272389825443713,5969.241944498491,82.58646403555805,4.027394847468307,25.003439568801898,13.26142612513373,2.3972748907488284,9.621859094918001,41.02197274347725,0
7.596841208464254,3.4305483966867145,5401.573810744635,46.86197060598659,5.196116758030075,11.041473020479629,34.304557697174346,1.8363885064035461,9.01485851100749,1.1809929228848226,1
7.984179517061693,0.9796686363859582,4117.0297907972,190.78209804801327,9.965263087986191,6.700932852291742,47.439524884595905,4.569072613124721,2.7038323531065633,44.138559600681916,0
7.333475060388638,3.460303870713662,3846.886805911414,179.79063484183132,1.3521731371285473,12.92260344301562,13.402359368931888,1.8414773382785476,8.035417768264278,29.220962430974367,1
8.848690193898168,4.997361765968,4103.30239912292,53.80680308677229,6.754560453364256,11.669863735845771,40.573296957584084,1.8672229557271773,9.95604201803506,48.790928837067675,1
6.499482318094817,0.7169541748725021,2006.5605391121662,211.541743671169,3.960009663856152,17.64814500365985,2.767990846920476,1.917672562169885,2.5266300217128235,57.2782591203881,0
6.142848345127443,4.897283828995928,2975.6887163215933,136.55159752009692,1.3300979890732878,24.443197751694825,26.90605050199066,4.183101051838291,4.3677716932331965,55.5473129696741,1
8.474396512757842,2.3310858232529177,1197.2976644544965,200.32817748094587,1.5873676337430953,26.45807347197145,3.527503185494729,3.2539416042345093,5.201807365667596,54.55590260732045,1
5.89438335407781,4.418390526517666,3377.7301874341333,251.21012393104522,9.49273106245617,26.121602135262712,46.70164955653197,3.0708442515944636,2.949311358038643,30.73019735603323,0
8.852890157762445,4.02073467826223,3715.122919788316,50.91852857307695,8.796014967117621,13.991889030576694,38.31756402786951,1.6707151119193109,0.1526483964602976,21.608526848336282,1
5.048617898759265,3.051573174440005,2138.748680516048,5.743460399051004,9.070419604150219,22.180858586517072,32.897495560229615,4.089520884162197,2.2012924419752666,27.902119483840366,0
8.879515306830555,3.8230214416309694,5820.144235827569,233.73077591873604,9.915327758273865,12.820854938105501,41.19481908123321,0.19181930677850567,2.8193688434175845,41.393760198801644,1
5.1726396478023045,4.4533200258560655,5547.27305468621,182.90922754578477,2.0831539000851795,6.522638580879567,32.375989778508156,4.353985861690566,4.435997013181872,53.039866612271204,0
8.564572454792284,2.3186314474296483,4610.71617727953,209.89187088663653,3.5543933736406172,22.539131640073556,48.447219858714554,2.563749498969648,1.7110247841340187,12.419178180007172,0
7.1108044363452,1.971649227034574,3666.9331438268127,251.44649249659275,6.692190299248667,5.245688814244696,35.69789739323858,1.991251174317064,8.732543566916727,55.09158950770218,0
8.971859184477202,3.5041702350361312,5349.845798238424,240.84328044735014,4.838025398606472,15.229564686462215,46.23293047911234,2.4858364035884284,7.049111327313361,48.91081391819335,1
5.2951862589415954,4.135306738735664,1653.2617191173144,288.2760440786474,4.183895333783335,13.234481732551894,25.856594600531903,3.3370776526691555,0.8520047755966198,58.73136091069408,0
7.215417137605283,3.930283106494771,4952.548971374425,160.78052365563548,3.5781124933559303,22.33443846297131,5.853220649093132,0.0638271325894868,6.500924511399314,52.81510639690123,1
8.877210142476397,4.090161419863855,1624.1040698342415,146.5486897979716,5.937806319434522,24.156136819009472,26.408886071150857,4.357759282291239,6.536564764056204,16.796239781514398,1
7.092391376680595,2.4601249166581987,4971.053312747027,120.56615996721902,5.75593428640082,12.602365899282095,6.343641403154665,2.233697626556964,9.562211736436277,6.357354680642862,1
7.51759455254105,4.180253972787597,2378.8378412567845,46.10731285326136,1.6145783406424008,25.290675361121338,29.624673958820253,1.714832598500391,0.030208713561612477,6.734464319495316,1
7.782994755938469,1.040940749167738,5385.452905090945,171.78216986460671,4.71739837518439,12.347919012623343,24.124653026383147,0.6912278281702855,2.479324498058072,17.473399114696566,0
6.818164259071093,2.950200940823823,5720.210469126989,83.10375729779363,5.534717762098499,16.158158999664032,31.128769891639084,2.1973268717922108,9.277914793753155,36.85102343907236,1
7.510232320336254,0.5259139722415471,1743.9798470255782,276.39225366389263,5.702869387313905,23.17546317535335,0.5023490527415797,2.481613856421894,9.32133915398283,48.25921956583035,1
7.337257247692401,1.9606362345512163,3313.3780253269674,174.95724128312926,2.101071929123518,22.323005730619716,9.742024582768206,2.018233472467389,7.205864193706374,53.955018418893886,1
8.604632041963956,2.1490769069212905,5904.936890813426,177.85205415243306,7.422713922522868,29.684211807805,24.566521595606545,3.3933004691344855,7.6576332104753995,37.42520306215397,1
5.181785521365832,2.282777112241649,3417.037179865733,106.47739826310301,0.25199094821069634,10.629025605398297,47.525178079456744,2.10448264379613,0.9148295792964711,0.33787876488322377,0
6.123852758368921,3.62960243010438,5317.737612572726,15.596805593312247,3.5483185554316266,21.557947838489557,19.180452017757922,4.807087889232867,5.138758347782336,11.17900659111201,1
8.801645936306235,2.2485114557165558,3943.6576106565994,9.523129611896586,7.802126485356336,20.242047706894436,21.218601302681734,2.996387589117959,2.3158299128899937,5.983572231202077,1
8.561055135563665,2.519121301801388,2876.649539598009,127.00054324595925,5.638929210554023,27.87746136225075,35.73480445033111,4.037389678259545,1.8121804361361726,21.7994685341406,1
6.822627011142852,1.5689485889344736,2428.917777629351,25.369613429171356,2.611624325108602,8.909053541121876,30.1896378643059,0.5467795155473942,8.103032991233325,30.081059618024753,0
7.4805303912061465,2.17963306233203,2016.1154554304362,182.05408666204173,6.949531193430477,23.794954089673325,14.946307504916662,1.9864564647295286,1.3503813668054743,2.603830714713651,1
6.10952473192453,1.5227133226841816,4808.990956888486,264.29190169189724,5.673909441560734,19.20671540671921,20.54081977837139,1.6842385072357635,4.686516369963853,20.90867854773932,0
5.752484638895045,0.8293816569579964,2932.7025341151393,264.87444495561664,7.962436094563872,11.866646744697636,10.884989942861623,2.847411940682959,9.38578239586033,10.750780477519355,0
6.854793619759929,3.2155186702162006,3556.377311003756,197.71362303966973,7.350251861898234,16.860872853679354,48.301072956510424,4.305567600307128,1.8583205556534255,38.82420997553243,0
6.413408912104211,3.506957593497573,3461.6274000059097,63.3695494418793,6.1010792203623465,13.344414926744944,6.531719077867987,0.39169108881003334,9.779934237382346,27.8563421594604,1
7.334624447403488,3.2877065570432653,3886.395146165656,258.8990494076616,4.88177675310814,19.48283506971152,18.59183922832097,0.36287399022355393,9.94287985761059,29.719058816034526,1
5.310938547859939,2.585723197102576,5327.885728122761,265.82803059396247,1.331821256675234,27.225015270366647,1.2919486110005596,4.251588540787995,5.556171546824029,25.661507282007666,0
8.897579230664666,2.209036010806534,5903.696717917147,58.99607548588761,2.613330178853838,19.232624610305052,11.08897459667732,1.064250430191787,1.7014274017715791,57.36118262919402,1
8.944842977918412,4.385001423073214,3037.921042869085,221.22782573120318,4.1909947291708525,20.793060458164604,39.023556919007746,3.3437662722490686,3.1610488794089564,12.884107507293795,1
7.7926468560789806,2.8358680331129813,5137.594610531515,85.95586467813689,5.992992870063887,17.968696177867734,10.058761614443974,2.7143906618040257,4.2449283267653515,30.99985559063246,1
7.144385465376482,2.6563184493337895,4822.638973273588,240.7920937058789,5.137078552153048,6.279137661136898,4.00317012644828,4.164467974436147,3.093242243582229,44.16104210192016,0
6.238110465145311,0.6153892961289607,3867.644757277866,299.1713699710808,2.881845259595295,10.821463921902357,23.722658992226165,0.6254445491820176,2.806355798765158,33.41066478807375,0
8.255180078827795,2.0356152243177035,5780.2357180596655,9.007801598817844,0.06464357789710551,17.300043235802068,0.49846173672592475,0.6489148286130564,9.722297092163576,55.741253143008066,1
7.7389246902155175,2.2108802845363567,2002.3725776420138,269.20975973727957,4.962392219008139,12.755882093617618,4.238307721316659,2.7840918013915377,1.5336482741574564,22.67810133847705,1
5.650467757379565,2.294702514036052,1546.321051548107,186.78916007959742,2.856259885622431,9.544089944029857,40.381293478148756,4.731893266791855,7.333279087168623,27.82054834639068,0
8.64370873797537,3.1107756615229953,5269.809834777111,292.01478574944633,7.346083007105351,17.603321047960957,38.57366724298032,2.0749887918537713,0.004102894391748713,5.311338912883706,1
8.290148971692677,2.901211460270953,3195.7490831687414,139.50285525792827,0.2394626527048349,13.070244836196258,45.7569410202448,1.6347105012734748,5.9618266940237685,36.53994666311571,0
8.799199653167696,3.235572917570501,5234.844271035302,254.21637917141211,5.8482781130579085,11.452691079335368,42.725771795537476,3.033446615989429,9.159430039540524,17.292718106886362,1
7.90287803355344,3.9419746769395774,5465.451025977075,18.71822057948317,9.414742375060655,16.59963543600952,34.1587781619909,4.652243002725156,2.87934094093219,9.618542370934131,1
7.453660783743159,4.158435824222421,1312.2879680953572,100.58371502348872,1.744092671114995,8.33210645205433,2.6166428650331417,4.184639164223118,1.855259752577192,32.67187757427048,1
6.6729721451624755,3.731553843019225,5417.323814930303,20.104961325362993,4.716494907505954,28.193643326885184,39.14243089933287,4.977418053666099,6.516797948784269,31.938615802794637,1
8.730913933416053,4.799856631797206,3241.595276847111,292.60294004372116,0.9142199181713817,26.692552447980976,42.275540542028025,0.11284291601188545,7.126014072983931,4.552298473442853,1
8.464255558001634,0.5820466220436273,3552.162445021161,245.092172181551,6.256819122613527,22.69051464351338,39.954107288597726,0.5642907235638112,6.880305189519813,41.892927209668365,1
5.180874680424758,1.3810009355759574,4132.962555466051,255.76422637379116,5.505316805962256,7.655345689711405,25.423951765401302,3.04733881683311,3.1931688002137406,37.426331439051175,0
5.1054678979890085,0.5340329374016395,5631.913033650434,281.38956943016825,4.073655242128323,24.396931361742325,11.645091932474083,4.102882196669249,2.5220240215933085,11.341036964789833,0
6.505853467512198,3.4136362136957135,1095.5804721488203,25.531045835935608,5.213770214737412,25.198933202725474,42.26649878443634,1.4262217115338327,9.559187999620441,28.16609172924263,1
8.24221332312733,4.541137470274941,3384.2173415890857,115.67927775400001,8.965746584690102,24.194115442858443,36.35814048700692,1.1960554401710937,9.232995082699295,43.2193749887136,1
8.949104517259778,1.5956703345933467,4438.610212152804,21.310466713200636,1.9629430231106704,7.849147177981029,49.03805871944258,3.9348789969060043,4.573166098928203,31.76614443247659,1
5.601667564414113,4.67165545158338,4613.5347884911425,63.23793046500859,0.22564511705347234,21.097698926694118,7.784629887796646,0.2819092692661579,8.461938661543734,23.729344571014213,0
7.3765228614085405,0.7712032563030238,4462.66215768554,68.80973311130171,8.61664884699101,25.858119893734965,11.283229152602752,1.8469132379129256,4.52323477634296,19.340307484856616,1
6.5235634265240865,4.704962120624814,1672.1756470406094,140.7321633142736,5.771170823879065,19.433835030491693,10.589907494075135,2.5290461129616486,4.243890180725104,36.62363199864322,1
8.879657591258413,2.082302092578355,2496.977941858406,80.56865023609278,8.906584554618425,21.160184380702226,39.62698838106684,2.801743371751617,1.5676294759929466,56.346521898614434,1
8.368475692542834,0.9563937280214743,2793.5776270850674,30.293432045328327,5.969452234131726,16.459086985657656,9.345364822505909,3.6430757839638845,4.2640605649197285,40.304690428649,1
8.353314818844552,2.6864229163384654,5022.186038397525,50.24732672823231,8.101610899597025,18.217682997101313,3.3329914911653047,1.774228617153291,5.37416938599807,4.48475421817893,1
6.874772639179881,1.6554945547422857,2393.799362072765,44.18266906562728,4.296733633551479,5.859421458793131,49.92804032928143,3.063421723373036,0.22504327428686466,27.641098408928027,0
6.659278009350661,1.7819280588286528,2053.5248193360158,291.9230393736895,7.498599312882687,20.974075549332113,1.2408605722574573,2.926877113954782,4.441130051754064,53.44944789063766,1
6.093628287722825,1.8828048421682895,5787.240095190481,227.78775207554207,9.13041466889856,7.03618032227898,41.762203007943285,2.7380805032687356,7.813562183952003,5.667745548065213,0
5.2255019866037085,4.113616540246985,1044.3164255673446,290.3284395808686,5.721229637222063,15.875364858505584,18.26834207753264,3.202416465711061,6.800460563742698,59.3325427282526,0
8.458889505020213,2.926225745038645,5989.104278409891,131.92214595237257,1.8078515056237954,12.316377441685196,42.08077298789076,1.2972458553403814,6.35156988863935,56.94416361872528,1
8.25160403652031,1.9008846462020164,4384.106494286978,83.51054449879697,2.6879761503019814,18.63569875529283,27.73102456055725,0.4232437679231449,9.095554284372025,4.696468843792552,1
8.998870693144521,3.2465020248991325,5142.346497245585,239.487959162756,1.9864457689740578,8.335408388080177,45.08156147431801,0.5963583601987171,0.1803200982523001,56.0047992269733,0
8.986547348295622,3.722678034004371,2473.096981730966,97.87617541234404,2.468570275957329,22.291085049332956,46.30964932073133,1.1229119132695053,5.570475861922342,21.787955415567733,1
7.22172682241051,1.726808003300902,1071.5763883353,89.81501211160449,3.0641544935103635,24.87528842321176,0.4549090640387998,2.5009896776139264,7.873488484097071,50.68255002455175,1
8.075949660722042,2.3609709568640818,4689.34759280765,69.75179766234936,5.551337867531885,9.083861243578912,3.7706087996394135,4.202213752730101,5.413353827012672,25.103000262796293,1
8.779062919529713,1.048487420016264,5170.722985003379,38.90369346727061,5.879916294638328,7.607827183797054,12.517936478542774,3.5064667104419205,3.2389555258037914,26.451306762150953,1
8.398589562709645,1.3151720729060614,4702.380659767596,76.93891830502979,4.264997472418611,8.637887069683979,33.46577081817508,3.9452030210102356,1.3625056509197786,38.054585458652554,1
5.98939240697279,3.5650303428424226,1714.251436504193,106.59592454216632,6.154207798208354,26.928189047462542,44.4136098255753,1.7548781196304568,8.875630718161913,46.468645156559,1
6.8021765412403745,1.3164725646303213,4767.139611284845,202.19826244371913,0.8157492561136592,18.204731543908906,22.997097564698137,2.023268708242751,4.70762392387603,2.027349056894918,0
5.51663766060598,2.8632352265017706,4844.613910538204,18.769452665835473,0.8778823705815997,16.681524900187565,30.348655813713272,1.9684094299530641,8.781151969857014,35.58935973162806,0
8.816204109034889,3.690708177750947,4292.702578350274,63.152081899602884,1.7182946035765845,7.667795477558856,9.424992639778058,0.9593659220225076,5.8585212243316835,11.20397964584226,1
7.42469853780352,0.9809461539263473,4830.579663977931,242.70709208750293,5.180774980403448,21.238900168924044,40.24834169408427,0.3060832907178601,6.741921166150008,20.756971071792176,0
5.914571222013851,3.052904988330066,5229.60719838866,44.076577075131226,2.1399467869831357,26.69998979737725,48.36640556767349,2.954580464136134,8.042611543784501,20.87811996931299,0
7.686802737623427,1.654532526656137,4068.0205711872923,102.79354395675647,2.832844034925773,25.704646733086324,13.429946645729874,4.946083417102931,6.591555446001344,28.14362041326922,1
7.472512961831583,4.8331709385691095,1443.0235698483953,259.397676557442,4.0031283617299405,20.651367724520032,24.741297580027314,0.8341485247513142,3.980548406789377,20.048184712570404,1
6.4326508721313616,2.6759554102396614,3438.139048336054,46.477593343032794,8.118661240103798,6.88196791629184,4.30580552531869,0.23342409949636878,5.13633383928651,6.4416671070400655,0
5.454230368798516,4.126966473988212,1388.2466733580254,24.821050685456967,0.13862135912860118,7.809925679400324,27.95683282314842,3.8976584091196647,8.030455246758798,8.737724311527087,0
7.686292782371199,2.976019439703178,3037.715155162154,145.36139852400325,6.493788202366224,6.232724677745617,25.13917209233403,1.262930033423621,3.736502963729842,2.0062791336658603,0
7.081230803615173,0.6953563978466862,3035.5324456281382,90.72585338356092,6.688765310406853,11.436980412311733,7.22182420775388,4.148219026764642,3.881214567684971,28.214945119725257,1
8.089273566942557,3.3491811901731006,1330.049220701208,169.02250934515624,7.986557803566365,8.391536679009445,22.10331065590375,3.519683335172577,0.9569011605800115,57.266861691179315,1
7.0806540044479735,4.781315039929956,2744.1026698473966,241.14146714504255,9.327529390603132,11.501201006310847,16.705232604328163,4.728367685254023,9.145844352217477,6.940513418886994,1
8.408726001274161,3.2072531906584905,1554.990493956574,41.14454644582295,0.20137848949289827,14.626451392974042,26.091543765259466,2.0446361787833602,0.9103631494544173,56.775869580184924,1
7.207627355097943,4.186349867420556,5041.176050046111,174.20972536628548,1.5378370551321618,28.574569601778393,29.282716771439958,3.309849197253171,6.482091774485559,44.00169088392561,1
7.2437518861415455,4.4789290850678345,5738.440129822354,151.65262811695916,8.861712940559931,20.259401494542303,0.4247789303604754,2.3242739040663536,4.131944788027977,38.24992817604979,1
8.50661441063338,1.5263589737701961,1361.582376289693,43.22363580395987,4.585185621870154,25.874344642074057,38.050299147477766,3.1529434865427177,4.056193902554424,38.71666531941378,1
6.613931464849588,1.45420177958702,5775.576036458507,187.19954565869472,5.645906389334635,22.758787517808305,35.65071459308704,2.2479945300386865,6.795518365726839,49.603658903776925,0
5.536060913802563,3.249414449829463,3612.8829966837257,82.0921253582315,6.630272037231474,7.812578263165793,18.31431931032611,0.9431612321203742,0.6709373262987872,6.415191862789282,0
5.115130705253356,2.349628114130171,2497.8283897693696,146.35029556320376,6.790666044956374,23.398010159348722,2.6467967784409128,2.5394870800169045,5.937057829514346,30.285259413932504,0
8.020549022694476,4.279375862900242,1384.3103763808176,24.681697283118563,9.317404033165083,11.87747203897811,37.74662698925252,2.6429210071872116,7.720317859723548,41.825468295645514,1
7.481238205413859,4.55010405529105,3503.121340352089,137.8752171640869,9.969494174116697,20.97769617486766,47.75875802390662,4.053019241300805,8.282127578865943,35.20922670441382,1
7.816319072396894,2.0903962068622315,4972.577722453743,91.9390404128461,7.201574609309402,13.524049341074713,12.007579801100709,3.677603528967906,1.705303893937753,49.96674426139768,1
5.8518566460356425,1.5659175153851692,4535.43238633349,246.7143633556063,2.872212092051508,29.94180658161648,16.176230686851895,3.3189581197072204,8.974190500781736,4.336302540681089,0
5.545485902347079,4.012364818597378,1251.130057319869,17.093618099210484,8.797524022943437,11.588786987419446,9.190644474090748,0.5669354777628627,6.561460918474422,41.44206236994996,1
5.058178662671528,1.7366271599666123,1364.5091768395175,125.58218247549898,0.49220914540761607,11.978261769356742,28.846806167241983,3.603081453318575,8.818548008206829,32.04166382308306,0
6.402350235226388,4.201764433311553,3014.366413163186,137.5294272394314,2.3108085287449622,28.26680638905996,7.742069732372747,2.501525781772574,4.852807171101983,22.749651838796606,1
7.359670747418532,2.4068221414194326,2476.4524702397166,217.50182288973562,8.973857174637148,5.616110115908067,17.809697173068972,4.470497680530796,5.42033345097202,20.41649893404185,1
6.568976180398929,3.5039745468116172,2161.921615280239,172.2862725270633,2.5619151443935495,22.417224696829923,34.850650696713146,4.599354670652714,9.19038277028671,37.249957966451575,1
6.749899688094916,0.9299089122560068,2405.022494543568,200.16370115825433,2.206510596217485,23.133159768396954,28.00579915046742,0.2757829530089273,8.999095433546717,53.45972247865589,0
8.616634777974994,3.3073669610445786,5017.413716484423,233.11478569552685,1.3812529314024724,25.909464435259984,19.32312821639676,4.103207801772394,4.48160873369002,29.770555566066918,1
6.393021868093202,2.532954554317531,5646.14026815927,258.6608920974566,8.591117576469165,29.360982765961882,21.012480090377096,0.1884869521133531,2.7441263163568177,49.48338984461521,0
7.055957956639244,3.1397380842896334,3025.513472637832,94.16264901674116,5.000582591910867,29.39004797891631,28.105544131161476,1.8358481284751131,3.9317043456426415,24.12938291063805,1
8.134612050964572,1.2560639348518854,5530.555010662485,161.4068116091709,6.748932030541548,6.631918939161597,0.29323639435806514,2.7114998781053954,3.8776432852974976,6.143667767590593,1
6.586171129285081,3.8159318522488195,2607.47850623941,252.03242353175997,2.390663840750297,25.54598306882256,3.9254934226804927,0.7405039931356372,2.8686687498279397,3.690344187518313,0
7.4883468009114935,4.382586848944529,3382.184931718958,296.8353392895169,7.580404210112165,21.157748341434534,44.06290338815058,3.731569062845384,2.685796043329666,3.0800622794206545,1
8.44945483498698,1.4753291004084903,2130.1449890799986,266.85579331312897,7.600055449620985,21.18355335932728,3.893949454564538,0.04177352086069286,8.610629364797195,22.809008517460196,1
8.798082494630568,0.9307154998407278,4202.38021087922,111.44017878731304,3.1259802490830015,8.20874816536737,35.34017981052526,0.8429952421701842,0.6986192068466168,20.234265050150523,0
5.588293923716152,0.6063736372085138,5894.905575874044,58.54995516559512,4.1068263301028285,21.254679161141333,46.00190820545263,2.9039841492673784,6.776111820995942,43.07622141735417,0
8.706350500645978,3.388871751994697,4017.4654802168934,146.8177612219766,2.0969027743020083,29.562064515031196,13.534180215086556,3.571937810186462,1.728200514564523,44.56929009509195,1
6.968465172318153,3.2319231623995135,2789.0704205677443,222.49243555081267,9.765610233229044,27.795464238486176,18.52457185297571,4.583215513469581,3.4450589339406323,3.0512381300243896,1
6.032977553195833,2.960138357213315,4239.087229952642,147.77072122598926,6.456025770584116,15.978266520121263,28.446070292235813,3.527483259673119,0.6154303413483686,13.267395773340898,0
6.836543024953045,1.5437619325218894,1614.6033923269379,144.95425899410054,9.345438807155155,5.998699332152358,44.085448481929234,3.3588963512743297,2.6997363685546203,16.45571100953398,0
8.920130301141908,2.259076981574816,5443.295401326993,251.46912632454018,3.033855436291332,14.057337250005121,47.09527936302101,1.9717057317533215,7.684210711172421,32.856719048568564,0
6.970472375971479,3.175143508337779,3515.4197538991816,108.42113372015591,7.8189091299688975,25.65975779001388,36.9781624055634,0.006422127634007069,8.850153245472587,8.670913434417017,1
6.315006441150032,2.7354508648662623,3246.74871019821,257.9384024434937,7.65858643884742,22.53747753662915,4.330988042734702,0.6007962936781097,2.2152715190236707,8.036473164000022,0
7.533603417266903,4.945034840966993,3929.323942267596,122.04144028551707,6.916556518665415,16.48359138984891,33.45770777674254,2.672772723780196,4.635478392589219,56.62733335247748,1
5.960582475112773,1.113978886505299,4123.919313947012,98.46993170350183,9.656389752668005,6.377538378970778,20.515186093633105,3.3756494292220984,4.703240479372064,48.252174437866856,0
5.303453312434655,3.628150493214172,1358.8790311325652,136.1969733599097,3.9355533610631555,15.672368195582566,23.53504997455308,2.0872414194823126,8.735753057597343,10.839294125470218,0
5.515518887642597,2.3194344564693146,4413.086106117013,228.73408760246053,1.307173235897573,16.725623492947086,2.457419517258852,3.653395057641951,7.627990528758054,24.39406847432946,0
5.512183355831089,2.4268982671652664,2209.658401577648,37.800608359198286,6.717088592440607,28.213888322353398,9.553106967317909,2.609311476660894,5.130772183680499,21.337319955453932,1
5.607610774049178,3.729189945461793,4569.763162532949,58.925764761605215,7.2930980047720615,21.027152589553985,39.52568037668239,0.37088097797156105,6.707472004717734,47.46024444392444,0
5.5553086905976405,3.6159626809596634,5112.673971920984,285.4334476989276,5.750605734588147,12.791322916366223,22.697941652392988,0.9600812548397442,8.473550539093669,30.612774988687324,0
7.563498979212858,4.960651971659847,5019.792537762602,52.64748821440721,2.0681789313339625,18.132956611268035,15.083112081557443,4.1999911162197145,0.09538954025544943,7.670984219608021,1
5.727520337596579,1.0777743025435635,3762.5048370394456,170.31819537931636,5.044559416693554,6.651382695554002,19.200953698247908,3.6245637331221974,4.028900310500486,44.33952378937463,0
6.382669133295453,0.9684934222287485,3600.8494615537556,173.79433999858136,3.121897365691294,29.31420589124342,42.71997566628401,4.473809935062475,9.072431672770787,23.813278693495135,0
8.587153639624047,3.759524677079335,1714.3798066970585,146.88733861507345,4.27466528166689,14.00149754826815,37.44995087024785,0.5877862456046828,7.403130308439514,15.775454857928823,1
6.895846561051489,3.1027411265288407,4876.730752015677,193.42357457304558,6.452185758446639,16.946683872828395,13.615769859054138,4.95111267307537,5.428413743340746,22.52991732124321,1
7.670230954084109,1.7337229995191263,2357.046902233572,68.94801773928553,7.452147426908345,13.882099355923065,5.8750920106186655,1.047033569749668,5.2964452703513345,29.865393816413782,1
5.689279484806519,0.8573871604504397,3483.477114089733,165.79868033302446,2.3222469090134314,22.062793252905003,12.599911082203585,0.05889938143321005,3.477700976044378,20.586930985020565,0
5.769156075234683,0.8854621231839375,2421.3704646375836,111.65197657406914,4.053253606469534,21.555803958239824,46.037822552736685,4.9871146952677705,5.205205336415145,14.51434635550547,0
5.1634744650659155,4.523858935988533,1669.1418149984656,198.50017788875672,2.6916157099162916,22.88305776322839,29.07944189248777,1.4053694272255657,6.553831994634533,23.91012172823882,0
5.675740252288659,1.363402961234343,4147.788484458682,42.367063011944836,1.9863161386186912,11.70358074029802,26.674010437239144,3.3400972625627996,4.18363038428793,1.1503746449938945,0
6.1143613561278345,1.9551720295198434,1271.6601741145191,171.26322505184288,7.833872199958384,12.89171202910165,29.819679984623075,0.883411570881526,7.14153146392174,46.34987076577883,0
5.708041937106987,1.519953810021446,4743.226170631,55.58110661499711,9.092526944369924,8.131280777405198,18.30141328732576,2.9011426609957085,8.612322272603858,10.256693614055148,0
5.354810135028222,2.097483376243718,2587.933976305583,83.59291893451092,3.702321856845767,21.387749296152816,40.355351015975636,4.520174932272797,1.5468484818486117,2.6342768178382348,0
5.482543484402403,0.8124072923574202,1000.6734650224266,65.61294009707497,7.512789243737669,5.9949281833913135,26.16431246501249,1.600905837142193,4.5154702281742445,39.22192157430475,0
6.843115072130903,2.835769059087217,3555.645696186149,54.851333960645135,8.96995289364411,19.942058388086476,5.837395138439777,3.351269880221796,4.080200912850811,46.43616772942033,1
5.82533487362317,0.8042565361649671,1234.2595426380155,247.7132854682001,8.461242105302315,26.742397121290846,6.453256241453148,0.9395179439920825,6.874648040497281,48.82974789557059,0
6.457079444192302,4.101604285200628,2380.8477891044977,85.7122702982671,1.828133885392259,27.270803707240837,26.842957325130918,3.1239769935936264,2.4986746525792936,29.610550959635997,1
7.013669083419428,1.5517043685969485,4534.88243727858,278.1371345593348,9.562918815133614,16.22594400924904,46.82851090354196,1.6822517590875508,6.402509149522762,12.322091081399119,0
7.761579314517461,2.930053615720298,1313.4481081093293,290.9779576035573,3.7667644042946247,16.482592205326846,15.417606083809938,1.0560412929397582,8.77489241731488,44.233660634989604,1
5.157248559364396,4.460355894026562,5196.692461780011,171.3781409811292,3.3924066117383633,6.9242295752004335,43.47705844296092,1.5659102535181757,4.181315997936227,41.98278462926023,0
8.19764159563617,3.4289481607123737,1019.0996132929156,42.90033679971792,0.6243132727778034,21.769125636075895,38.204779328943964,0.8942053425389968,9.110156999792201,14.776244046190394,1
7.5116015579636315,2.898310039481009,2234.119346009511,112.36447301387437,4.86173654104883,25.531485509321136,12.390622145345343,4.509580539189414,9.931637389334785,54.20446535176758,1
5.327036127795488,1.9595018890191902,4704.520280760357,239.3196790044642,1.090136156409287,11.116376365117826,1.8170374158121227,1.9859344315856442,1.0609204994795207,6.26228748496974,0
8.494314496427108,1.9985086087618906,2581.350748646534,110.21721860912113,2.48539820927426,15.532522040834117,5.092363257119137,1.2263965248718367,2.3305318798485866,58.96129437547954,1
8.683489602127253,3.5126912983918555,1509.4619403300676,26.105165490836622,3.1694262176728136,25.97098341913176,36.42469669237201,2.2420392050796645,9.503797514820931,51.61486865864788,1
5.244311839419455,4.973627125495254,2801.169594002139,167.03547327845638,8.088263234916841,26.9280116915572,9.983486902032334,1.6026808340324776,9.583276864813868,41.27391872874451,1
6.107510592588815,3.4782763543222037,2351.9664319226276,253.53625544881044,8.754886503958964,11.079499506605648,18.56354602526969,3.72209626906663,0.977072753867585,56.32499329678997,1
8.224805119172245,3.0100253781651123,5213.559510802775,238.7779161430507,3.024663174614697,18.764265863534106,25.08495830032124,4.856099559427472,0.1499850037713668,43.338670099422465,1
7.993038761534633,3.7879272960766075,2566.7395879257156,52.53694203910597,8.586981212445739,9.812328765895677,36.27340842250814,2.190168283488234,1.6110002325642225,11.427419821802756,1
5.738084077425509,2.5934252552767316,4944.662358880036,201.82938432374002,8.57230937369791,7.546969103488914,5.661561162956269,4.305166999861202,9.960127833822483,26.529368286768705,0
5.837397293346841,0.7706405417035335,5459.360724053674,66.15127903069413,7.646509503848735,27.77801253479894,20.318320263873073,2.8293153677980976,1.7999961661068686,4.290181459898122,0
6.481888411165528,3.0303356714505942,3169.087097882648,65.46226036565167,1.4669511401518154,25.51268760580273,24.25364545713477,0.7861783254711674,5.025476067220231,23.379445337286924,0
6.938091940764085,4.809313780274211,5549.71571927196,262.22153199155554,6.90322846900729,24.000872545079346,27.041353198576985,3.453113710406708,8.48417726430511,44.49618118423252,1
7.473019086121184,1.2888632406094684,2886.5902698159643,74.90068582206905,9.450240645805687,6.21915797032851,40.918032069760834,2.5671724856291007,0.2040161068820634,23.186601055849042,0
6.475654558279089,3.6050220086929956,5820.392082450541,78.97420395540335,6.82540478767157,26.093219817756438,8.583909752160846,3.2530326162605174,6.044889822584595,19.817650528088045,1
6.850138864532592,1.4042015989657541,1446.4476226278646,0.19601722838986646,3.3161684910783396,15.951101897634594,40.39157259133111,4.448437062858325,2.770254488696243,35.72134335061871,0
7.989883752535026,2.9112245801288656,4435.096332516214,261.2007102376553,5.005793174308312,13.55987808239649,34.64392138483261,2.2021728532802305,8.623349164397316,52.3322717399337,1
5.146732811562392,0.9350440234102383,3469.0702022846435,237.77844396274043,6.457250433510536,18.66190902563441,27.793540709947965,4.505888116086778,2.834611492640792,2.8549915527667458,0
6.009747777376083,2.526669213161833,2938.244027278235,188.1986805272034,5.105704087285035,7.283831068088896,34.976393520128596,3.7533450714082743,6.867557202819089,23.128226081984124,0
7.85339834353821,3.9027349800286073,4163.559393743004,225.07972918165268,1.1995294173096982,23.91616373380997,20.60088694758282,2.4430246293899236,6.742196324473969,9.494444508915763,1
8.580827350748798,2.0640718590754195,4519.2854581716565,45.61457022734754,3.1206404465202064,19.5608769222074,6.9198792984062285,3.0161106782898184,2.2149354885964003,41.72125504391218,1
7.046709768462664,3.492102760192481,1021.8163482515454,137.49707837627264,8.023960305536326,9.664752421829188,33.288262013268366,1.6279056625950572,0.34799199868350117,6.343473625868093,0
7.128453941061263,4.079524823553781,1834.7654437359936,105.36581620463427,8.614180460955174,9.70580499422614,26.23361533428111,4.917986498693871,4.092495737853973,39.88846551481467,1
5.428688045359104,4.672300187657537,4565.230253171594,28.132957877104946,1.3730003271557023,9.606216289316855,31.968740027138775,3.33675581525198,2.891931519658697,17.17085224787444,0
6.789649467293819,1.555889368349541,4331.9270678910325,145.83914556447723,9.523867523987246,6.425059688798349,16.8999390514245,0.21923426248314948,8.089777496137087,11.935008824233481,0
7.130469065820092,2.2969216211418866,5830.237525643386,276.2218951027906,3.2882261784860933,19.69496123429212,45.3433288669918,1.633109528740044,8.003641884553453,56.18115346949912,0
5.969882014538919,1.1858720599868784,4805.188951253915,12.017735715208344,6.6231373873071995,26.0087044397127,29.368493428778848,3.1165721687952876,4.570239521926255,1.111474604757352,0
6.076972923797523,4.966175759712688,5753.86353865669,87.43827404813817,7.5182514595668115,5.437455349684715,4.270124214543691,0.281666388996199,6.06512225323219,26.266636313374136,1
6.509136652418491,4.671504355659329,4512.702507674035,62.26228086171104,8.119462346378834,6.225116124281839,22.490199535221432,0.11942095659571383,6.0425951598692516,1.2976195477076269,1
5.0802847911109055,2.9298070862625183,2490.2610431972157,71.4439960997089,9.457497022259302,19.319256917173647,37.817802737181715,2.2501211976390127,8.271581484276233,29.01558288625974,0
6.288316662332713,4.2891498246938955,1526.8246112542824,272.5303655638126,3.1291954802882262,25.48739213465131,39.706728086613616,1.66345089846335,4.250024141231975,30.062842667665095,0
5.845792027986178,2.8443108977241898,4909.119316724678,140.42071627028704,8.585064545515545,13.16847226421584,24.72985263818794,2.1914930401658292,2.7544667979050907,19.29974828368482,0
6.309989408711658,3.306135596012419,4220.746107379579,139.88982388194563,1.3168690343620704,13.740359970193055,44.73737854156505,1.313466549400026,2.650349181405475,7.92970665150142,0
5.479048527277005,0.9010599445220748,1240.9300619664812,228.17269273658468,7.050409063535927,19.908662437419398,13.383421859714877,0.8235887347149046,5.361922792822042,22.58325226406852,0
8.56210912295958,3.898716892235636,2800.2523295048913,46.34766120147774,7.419777295139859,11.855322228103674,20.52993486191333,3.4457167849016885,4.491482027322125,40.335776395953964,1
7.374369814216195,1.0747106763585568,5783.999077421431,146.17960623001522,6.777232412013205,5.665209151942103,44.9298455284485,2.5728555813390024,4.401207709849362,46.94374851866755,0
7.716409276577958,4.217304336136378,3502.005728551006,128.9955642363179,2.52314736135153,23.380712952539902,44.81283582357894,1.0007710562468342,0.9113733908970723,31.84503614328854,1
8.156684954429354,4.019126394516737,3163.6456800985234,179.07320716399684,8.730431470152034,20.641247823536325,34.28563844123404,1.5979471312999916,7.186037406901956,35.39006366638534,1
6.993768795716229,3.689351139843394,3288.49802579647,299.86731097513155,1.68858463370395,19.518899976391477,42.94902735611101,2.9590395383166297,2.137366879819107,12.03698226747916,0
5.347681152349695,0.6627217123614295,2044.4136200258185,230.83466822461412,0.5363479152083084,23.54210322479558,4.438663347811634,0.3611467413623892,1.9695363020872136,17.239819993658966,0
7.148426167274192,1.8640776017539786,2843.5358543239763,119.35971090522816,7.174649906119122,21.880770939050937,43.249748810388816,0.7372650463308977,4.127583202773934,9.713736603141506,0
7.347364472083516,1.684006564598793,2849.0662799358834,248.2659156822141,4.754757152327337,10.147049704458029,16.030995327511338,0.3662280205369506,2.277783416178014,14.957721000276681,0
7.98175789673732,2.120613833621836,1261.775100937362,51.21250899374405,8.49098019958676,13.812026173583778,8.916575621410816,4.061586663570594,5.838582673080154,13.493206813531906,1
6.726638184918718,0.8943923604372734,4837.838142589591,9.139105892688038,3.8339714105825893,8.152753541965625,11.968491817102317,3.7620461660600464,3.714633393344715,31.166927183474257,0
5.510321211182255,4.716310203639782,3082.522159519395,61.334511739281915,1.6827858850771282,8.246425335447025,20.898425400694354,3.7665646593962854,4.489117225927901,33.761325347443766,0
6.135103623194897,2.9921100832056933,5110.899434082116,102.12346683427789,8.364421924698696,21.90489365891348,12.559600230223362,3.58162671738014,5.371693216040288,56.69684524929027,1
6.45232918559454,1.874859397961106,5251.740005599477,153.17422723786797,5.489096316400717,26.465002674562456,16.02837930082495,3.346927118349346,2.0353552248180486,11.734238826091383,0
7.583668965326405,2.2864168268342753,2059.9702734932903,184.53874216235994,1.8919579239035489,29.068314596528477,6.748924303582104,2.384959576890875,1.557516228655298,38.50054260968976,1
7.2831132186756475,2.5124114322717603,4286.7674108506435,273.18171516432653,7.203839985864457,20.70867793873611,14.808838277949926,3.211390817535575,8.804219028736048,49.03555613925137,1
6.424386903591385,3.202674500122778,3361.4090208149087,152.9562028651373,5.111136384895005,9.602533084023925,28.61419072710006,0.19180777393987325,4.3372370283142105,33.61448782698315,0
8.94606099517192,2.8205574246342398,5400.783689607425,150.3826933877188,6.043129822403198,7.6412586362232675,22.092685404553198,3.107322113283923,4.120936096325392,15.300219150064542,1
7.423099277427548,4.637263879464878,2078.7033958822703,15.07290294689464,4.608983382065819,25.321274288418945,17.33593806179556,3.889388527684386,0.3561215027284148,15.753013801200012,1
5.948907166943978,2.736335673076236,4389.066001550222,10.473465796867142,8.287089838180064,19.46891190899998,37.3226064428557,2.501791801921951,4.9797630258739325,2.3551831842599946,0
5.407129890481615,4.964711066704907,4038.7606112636126,165.34798857491162,8.295627156830498,20.457125525342995,44.6754985696659,1.7875666421361847,5.541697216110001,18.3266535929089,0
5.611436556737328,4.331412309852931,2476.507387859164,131.45358397450335,7.093888218243862,24.53655221886773,37.83946114511985,1.3871336740048956,5.588408709546665,44.67622074020281,1
5.983830913538032,1.4382973146080111,1683.004518255863,251.7541184940896,1.0540137739646227,22.58193069331129,16.600035105883958,3.2140102508104125,7.0703116932288435,2.8510654324266227,0
5.642725493038222,4.687678465897623,4258.198802386383,48.203875413553554,8.388538619040688,25.861456321402414,37.22210839187768,3.4640059931495437,1.7748183499101178,13.157716950289839,1
5.746268096205223,1.0236487904846423,4692.987290661653,7.49149863511488,6.710129805329098,6.405347636496962,7.59900912370256,4.354837999312712,2.5222313423061884,42.37394991190692,0
6.140380674775388,4.178523688210362,2578.13671881675,134.71163037903776,6.970241660042995,23.68801591866262,6.5158994045645455,1.7116704123049535,8.107304652304126,46.9590937693726,1
5.693494381179019,2.2128048206446103,4224.1630201115695,71.24356702567725,3.629828404038716,26.271318933052385,17.281351851807948,3.8488615369279278,9.47170616843394,27.319104603715704,0
8.5870616985057,4.450884442002813,2975.654538057516,14.884312001651235,8.792795561570067,12.153376061457859,40.38511845220285,2.8067791209466897,1.3593274736732064,41.88446030871893,1
5.320934982646569,4.406255105483527,4566.034416413089,217.3794860542887,7.2537160023485745,21.01118184983132,12.317412362115093,4.414182453390396,4.976495545052182,23.27713011929352,0
7.098045558281019,4.126664300529296,1996.0763744702656,33.47789998717424,1.1259046652919447,12.854051595924302,3.1626704449339793,2.639060541478104,2.1417625273958683,9.59479470144765,1
6.6415873079586465,4.055136963381776,5451.075013180872,182.4958500023315,4.077780344061627,28.94927666206135,6.585476760317754,2.5881491419898364,0.6007316835498244,23.888969611374392,1
8.929514467634426,1.8710561259411835,2437.0479823278984,84.31492505006675,8.863803619601416,5.835589310887594,42.93724842647901,2.8893854072045455,3.255033381261354,34.79806921218857,1
5.448155608672209,0.8641367737306348,2838.9299387807646,52.04881510650661,0.47196701697378995,19.494821095823877,31.68916423736438,3.746576775712172,1.4368762518421274,56.883196911173414,0
6.591422396182967,2.3134108044432264,1290.459760401749,113.92545687579523,9.614166196420495,9.162588676237878,12.660058168498834,4.823452394142304,7.0993307343424625,4.125057125320639,1
8.877881733101475,1.280860317439289,1557.5610616063818,240.4337328668861,6.791625683195628,22.805505129428965,27.764791266409066,0.36781677107882826,5.337254136714444,30.443645630697635,1
8.46202850357592,3.627279900061078,3579.3095135616404,117.6280730713718,6.313759776433766,9.397257085466553,26.37898112126752,0.2671730119550858,1.4383447099031088,19.735186692643463,1
8.26828828379712,2.057448769420035,2337.9633836398575,225.2308947633167,2.7055925648799137,10.88458154745894,32.771798922033064,4.687751687036693,0.09241588405514367,30.49870165660167,0
6.031611308179759,4.890245903869617,5177.4011287109715,37.64588903974521,2.4879178873917707,17.359270276143953,11.659377721080816,2.6493781275910306,8.081570490242127,1.4385268425919007,1
5.683550349560264,3.384374348053994,1073.4669432747692,231.83142589952374,9.420582194885954,27.87087374992195,43.22014935971988,3.0745150728346804,1.7619440616424753,18.78152128209488,0
7.674572879697724,4.201162536354625,2895.4702433596813,71.07999747199459,2.982724542341227,10.29285930369927,15.468428104000642,2.4121180079736444,6.06216642220766,49.1920888516203,1
8.717503956510344,1.096361027338318,2686.7277338454633,203.21793896666185,7.755052967189994,8.606000527952588,34.70658269881184,0.46828726303737245,3.3692191307674557,33.23650403127825,1
7.22705157205572,4.379065170226801,1096.6381545880051,169.7344664522989,3.9312179820707915,23.974420796350767,0.8062323186107445,3.8404468920933326,5.854859383150356,27.034949568967043,1
7.286450757879599,4.652407357310275,1621.8419950025511,278.7434151635062,1.3925407078470398,17.515488308348274,18.63285649470736,3.7361232254429346,3.15653626982324,17.131504302920376,1
6.119916374641137,2.6917786346852117,3068.2133745931765,116.19675539259421,0.1071529769535895,27.794627809544284,17.585490897940414,1.55851660746406,0.8693956069225417,17.882551367481355,0
8.077971732767747,3.2281382198793986,3464.3229222372333,19.849556650332133,5.442573370152508,8.665363928996058,27.174221429150723,1.531196226142002,2.229500085577536,22.986086015435067,1
5.7481749942300935,3.9416441040634793,3021.4487362743457,5.746645665375871,9.757788185489327,21.148197325575982,3.636813088859825,4.189206904527593,1.880585664790756,50.13424259787362,1
6.294716945616974,1.2867738226718566,3654.688392060469,248.05756829182593,3.6913619380920446,10.821978653795377,39.506568686305414,0.3617862887066331,4.280193524396438,58.03279240849611,0
6.701745754465668,2.761547344085491,3975.6583745284074,157.42069129842966,3.571923339930448,8.919010716290982,10.889040088378426,4.405525741782829,6.582837834261573,26.319322881022472,0
7.03044151473782,2.293983624975409,1049.619105639178,232.57321555048478,3.4409161784944207,22.085735378931762,33.85189074410051,1.2833084494795721,2.6380607494635755,23.60117032486571,0
5.969638929660321,1.158682964730121,3320.4757972675193,70.3276800034544,5.205438373048584,19.842115497718332,40.16060616220466,2.9649237387774696,0.12069935300617951,50.79304654919177,0
5.459347298956814,2.1539049003118915,5817.496204437942,103.52512365397011,4.406648834242936,23.87068645905828,28.093847812075655,4.679970895008888,5.189373642647569,25.614319238178215,0
7.44248016976653,0.8067753922347211,3595.1614006477434,9.031161663395682,8.799146267270144,12.736564411154559,37.044160336099274,3.3906125076832323,6.05759489358972,33.12109033773907,1
6.154522212961023,0.6161535812726915,4387.711337294766,288.4476973722336,5.0552079172349025,16.199291409554746,33.09301561075028,2.072149062335183,9.628704940018096,13.856499875924666,0
7.324952885690449,1.1082483011967024,2559.319289584416,200.36037201024402,5.077578381885688,15.136791908260461,17.77648985760038,3.447671044527076,5.894708030932469,44.61015214674451,0
5.61745086109681,4.834018002151282,4869.956890763813,279.9615263277919,1.383715947205566,29.602236599162854,40.44292695167827,1.719898181581851,4.711725593781418,31.91929909624691,0
6.9245604074192695,2.9728829115275763,4864.6074093805755,79.6489222287217,9.82739540910386,12.306223918484697,14.7350684942764,1.3862920817459305,5.7340162589770385,48.5420730144205,1
7.1303577302063434,4.84619972518949,3606.480238270695,183.43908336769826,2.499728908688297,12.370430958669171,28.56064588757586,4.9834163896733985,9.27900629862027,46.843963801720186,1
5.207294147289708,2.446240452485594,5880.069116396068,203.54999048779135,0.7336406745960267,13.863705220715184,37.26988695707698,3.7539511558989385,8.283781456016463,12.900286096201715,0
6.346417112775683,1.903172598883668,1627.7510738132669,95.26491007727654,6.631462489752088,19.114852032258035,18.94779549062538,3.223599886909088,3.22978733363808,42.938133033465746,1
5.537658707755897,2.7776383827810984,1084.738324447905,254.43277050468902,5.953663701568726,11.308068606593631,15.138380380871252,1.7764482160965938,2.372543636571373,48.00326447708228,0
5.253499881891071,2.4778025988480956,4850.79105878548,284.14843887007436,4.151456539927457,27.882248509481848,22.967300508641138,0.2458041457752408,2.626336123660736,20.766434446943705,0
8.959840929559782,0.9754910791778476,5035.777686824413,265.4565353088013,4.221922338806781,11.642139121656587,40.89817471745768,0.15528438017577806,5.04421039715213,10.356546774136472,0
6.289415379898892,3.383718416105928,1601.0361456028813,221.72009278181176,7.850639210464312,27.39539328900487,46.49608815728324,2.770906277243994,7.4404945122857775,0.1579293347752908,0
8.239497783418539,1.4721718212931982,2327.91416479303,83.23940391748621,1.9571264009964906,7.586876591164616,27.254170642994506,3.8101636051952554,5.032192071829621,27.05421918558889,0
6.018562619055055,3.288145797040233,1087.7618168331446,84.48481263168952,8.202533189448896,21.41406755999131,33.073310266182595,2.6868959522192752,0.6779639582811259,21.145963892330496,0
7.726010888895717,3.42590491579169,2466.5430539028234,289.00809613381136,6.487471138950181,27.674637960956094,45.16368111194571,4.203925359695573,7.235807004399809,33.294590029524535,1
8.040911439558746,1.1841118390789165,4865.709369593358,3.0853487807076085,4.189697737795244,9.218735959955739,4.92734257064712,0.16713266546610817,8.059701286709538,11.282465555327146,1
7.382554962431377,0.7760733219980067,3589.8026385628946,214.81499197264336,4.580286165838686,29.208174002481375,11.603928893308252,1.8337603821297006,2.8949786511971967,51.57993285998851,1
6.8863047542006335,4.013427137307979,2740.4779658414404,211.87384876657865,2.566472071860958,16.32208401038779,35.445000312579126,1.1853519558708903,6.641257392833504,15.46531293768658,0
6.647363656589074,2.569101906961941,2858.6964745316513,186.80686228493923,7.521143326969748,28.642877711025612,41.18722309561498,2.23636484078561,4.265919010543934,13.585776305259,0
6.395473066171981,0.761737079774641,1006.7681285773408,297.03265382605974,5.128747423052678,21.920501090751173,42.851451416528896,0.3618819659706124,8.891193557274429,28.842843389061358,0
8.718116576991303,4.9768984272639525,2499.0026378261796,93.56383072911757,3.2085454274984357,12.539671746838788,20.75535884274663,4.770658207855362,8.452255581607398,29.931061424656455,1
8.322477631150917,0.7600125244836499,4232.2937081896525,101.99155913797445,5.960501157609502,9.70756312292766,4.466995114593342,1.1162770053468045,5.254319983096423,12.90511372710557,1
8.860107642666051,3.6276585298634894,5870.972219081786,23.681820883966665,9.95734452051323,12.593376155627485,21.889073864980997,4.611538877417924,6.915055458135945,16.311643603554945,1
5.4971888939421785,4.926555163685361,5235.304134919497,132.83944096312123,4.352622796565538,7.325435231566875,11.53672951035269,2.1294657751834087,8.83349701022104,10.182314349314696,0
7.9234699008145775,1.5763104689716654,1117.9748232276456,78.31455787045442,9.206914007786196,8.596699158583245,14.55982274983121,4.92762066627609,4.957170100782755,43.10761069939001,1
8.753361827284152,1.1401221590923827,5492.8030233741965,103.01601065329326,3.450168399245661,7.6165110086620285,38.61337784187529,2.7702919173010536,3.1325074048882193,46.20534187524491,0
5.724932264662641,1.04623222740093,4915.99206649313,250.3715370766883,0.5473270692498589,15.573588593538943,3.7763543012943437,4.654164320879037,7.536661379095813,27.739709847556956,0
5.26598506946711,1.86473816405418,4901.880617854902,280.6453540582487,2.042421063684289,24.88945940643966,41.379060874035105,0.026744943471114224,2.2006625478469175,42.845221361101046,0
7.964482597160236,0.9547061495479101,3289.9787950178575,55.71992160155569,4.1869514332768425,8.534588855408504,21.383454291208455,3.7411940309045004,3.8853114800604205,44.15612351624673,1
7.297892452719648,3.6147260376235937,2990.0264647725144,111.75267946603977,2.19634928594569,8.258010829308397,29.803196555029754,4.515253265512577,8.657272371067936,8.296531660668515,0
8.367315107033088,0.7803130915852821,2514.578644165963,278.5891686346182,0.002270382182555375,21.085723737933268,4.48261156178395,0.6986028348947704,7.244223402693151,57.9706814900722,1
5.559089506505158,2.792399576674054,1328.474294771829,18.54253820676679,9.150015377475272,9.929574549201657,16.867953917863982,0.48062925866075745,4.038110052474993,49.26191682578586,1
8.181069247439561,4.985135842338396,2141.1768174684958,27.708158433413555,8.43879411230929,7.44025095272479,4.485045950742289,2.122863035929778,2.147445024083574,12.26900767174941,1
5.806509280190978,4.162866212777084,2233.018174890123,48.83729676186881,7.422922314869471,9.171214455139442,48.07718614405548,4.668394530664676,3.5596839083223655,11.169902144764215,0
5.654623771462818,3.268487472039549,3420.385348551008,178.56385023806243,1.6781459564602863,28.093284896919403,40.36308246631252,2.7119328009521935,2.84104149227433,7.539668734774965,0
5.657063191723972,1.8781412935397526,4737.22203298347,45.14168130179924,1.2036357620998606,25.53678131940477,22.981637717823013,2.6372823186086607,1.7608928794385392,8.302713752515103,0
8.258298880925528,3.3075312633123732,3369.049141989733,290.42291443522004,0.6760474947238315,13.851614058877352,11.180127416183556,0.7056305914966093,7.4333291356565665,44.88970794172177,1
7.6607888827848,2.8716865876024324,1289.222247235803,134.0143581775561,7.240291887729212,21.39551918318482,46.67275526249261,0.003947555466093933,2.5206988685017153,28.179255417097412,1
7.092261699076477,2.4173752275066716,5788.94900494102,150.4553881050499,9.288079606878853,18.431891841700953,17.22982978634859,4.050700453727306,4.541674701677638,46.97605036439203,1
6.4353219364940095,1.0881966953308977,5713.621595470561,73.99758474162195,4.30535820913037,21.9281065870641,8.049221584368738,0.4378728149311911,3.8585944683610904,44.77529366101233,0
8.508802163252433,4.4897189685821,4925.947715742042,141.28807573042005,1.1914067199604816,22.066778811568984,28.158219422697744,3.16924909367662,9.820773786356309,36.27676281031329,1
6.5697804296905415,2.524030919695951,5956.639507821103,198.57408979110346,5.1239282073210655,20.718350376499824,47.188706017240804,4.573082272575958,3.9109224414822052,41.18199639472077,0
8.266397757886308,1.3758013031934428,3722.4116640013144,225.35314108621282,3.4883190745863013,11.652534213432714,0.19151452501612876,1.043259565792155,0.799824827967548,1.1013434627485075,0
6.756539634280873,2.154917078947803,5813.84175126603,226.1604248129739,3.748249243499977,5.975160519070453,11.906242162699938,3.326364181184554,0.8982575257208403,18.706658808301317,0
6.50777771769963,2.3635838863801717,1378.025203083754,173.3673338082265,6.213306241557072,16.389169549752722,46.92238202052038,0.3934928835375473,5.907537213530648,38.26933075556461,0
6.850719142678425,4.223920530050934,2828.4037413068563,271.3079324981572,7.187181132622023,27.274347117267595,8.554298342858102,3.018775719188065,5.993635517382656,0.560697209174652,1
6.205511496656568,3.8012647125263093,2126.906340033829,245.2223541918328,1.1060359887316085,19.2374314629644,5.662172581990993,0.8196586047660137,4.18758990482655,1.9786166209556044,0
7.9904375207050045,3.961872021386029,1979.1654206713501,227.11443440958763,0.35590230806476386,25.809776042547696,28.509360789990225,3.67976780257589,4.318436923120297,51.11327894822299,1
7.010881560369917,0.5496406899289125,1704.0147444633803,16.681656504138186,9.943303026857148,29.790608574030703,43.09219116474149,1.506156473969541,0.5393258284087121,41.04149170152431,1
5.928850780587269,2.372692991808927,4112.068207829983,2.063388665894794,2.3272834891555183,9.090405103456906,23.855490884696305,2.3169550440232314,5.165465103892623,15.922183987220638,0
8.598298293098274,2.6660486823589564,4906.609278736525,63.73418315864189,0.5383052490845908,22.29444097854956,49.72821283422624,2.9971527101381086,5.047394753803517,41.27777040712254,1
6.535564885492846,0.5863652457037551,3891.4919971018035,199.0570781740357,1.8987532909591998,21.857339342500616,33.958584976899644,0.8563670533311979,1.4954931855694453,47.5474001483558,0
7.174211444455954,1.6691594393526539,1734.8135479410485,123.35924666476375,0.3895784634846422,29.498886183956962,3.7037453605223867,3.7081890930881043,1.0383938611092758,18.407656986606074,0
8.625888443858187,3.9213042040496076,5055.618849667355,120.72187778979352,3.9181089461717167,29.640018348820007,49.64160658409877,1.5132017031840728,1.235724905994905,2.162242649951247,1
7.496951983655968,1.1169936757804957,4179.773535818642,265.3760664688841,8.024017844513242,22.166965293103235,20.39471183900952,3.3118592995637677,1.0102824649125852,55.96674748126407,1
5.467592162833457,2.9088955915366626,2940.8285306349776,268.66885443955164,3.412444497577206,11.090369799554857,14.370126692274127,0.7914152534968683,6.097081955367598,20.71079029773783,0
8.7593284944539,1.4684084240775688,4370.651477680314,272.75257921607573,4.441834068783665,24.963895953264977,27.893959178894278,3.440588296031751,1.9648265240291862,6.388905797082383,0
7.510832212285671,0.5545434858975198,2299.524896214164,94.16342295450819,6.7558677356743875,7.675728355275952,15.215379591043215,0.6409403640523087,2.5143015218746347,29.511412283588843,0
6.3396224586283445,1.5854065591979367,2725.9610424710527,207.31674382177852,5.088940700698802,24.517482604290716,4.322875356007616,2.126782481349918,1.7357214415143973,46.10806773984803,0
5.5570882906535495,4.891431897095242,5587.429215659951,81.4899543823109,8.614456860213242,27.754903103617412,0.07141715395883597,1.236030368694384,9.57835304448503,13.29883887705355,1
8.176100757081183,4.106917003473454,2452.5225283571017,57.182949922334934,8.660356750457565,14.57083486921088,22.479167646013114,3.7418762471409126,8.546174631518355,16.1694030080018,1
7.480291023714054,4.818094899444651,3349.941340789683,55.38973720421077,0.09910695491153643,20.76588237457701,41.84317111132961,1.3101750225343727,2.3049483735152085,14.56289920791499,1
7.1338443679052865,2.695343197668631,5450.705686980074,102.63228625907821,7.7804630648319915,15.753568302420657,28.615759281503827,4.408586531976981,3.27566293922126,59.50038316990069,1
8.575570332203831,0.9938128940487658,4538.606751337637,128.9872859339465,4.607336002416739,15.944126374703211,49.96036494717204,4.459101057033064,2.098928423049972,11.844224023832552,0
8.154388844898122,2.9658177003816184,1311.0161308235138,249.28475131652053,9.888405413036631,12.759272227703,14.34233228236,0.9822065761139293,4.918759594608238,34.53121301796744,1
5.606699518931005,2.544698005519824,1736.5152213948518,35.96732804181363,4.832320758754351,24.053240511258114,14.022753238002766,3.069229725038621,0.19610532474253595,55.51587849941786,1
6.246888271182193,4.299606872328272,1039.207953859584,220.47775421846825,9.868959453882976,28.40441410416263,7.98747301169721,0.4385882085998216,6.713680088967957,8.813794132666754,1
5.993956559257863,0.9413716135291006,4154.608951145818,159.4364742567916,7.545693612057366,28.518771480861528,8.20317941326676,1.957685498008146,5.231581498176416,58.251251872062014,1
7.975785170290708,2.697085116598002,3238.3671270520917,86.38360280279774,2.4860488461330634,9.369532121873345,14.25932980050239,3.5666086475063614,8.986389283011032,56.84863406373748,1
5.134129738943118,1.1752189911229292,1671.3742545113778,147.84587535984738,5.3839497928695765,26.86859124141415,39.64200226367636,3.2971162342495814,1.6439268432841414,53.074319223495756,0
7.279558739485266,1.9610416710052698,5789.670605283853,89.98262093310679,9.921356394785828,23.435786035678053,45.28783953182239,3.12350334703304,8.041092460611317,12.873391279800135,1
8.049834742962762,3.8181068482450984,3648.2986197280993,178.8245865714918,8.575306077519237,11.32093501725723,48.75435848538407,1.4127043183122179,7.919610144667157,38.043303360659,1
8.507062547046997,2.642081582159449,2209.466470564446,130.15317685657325,0.973668937912211,6.682115323037864,11.614482704822631,1.8901247471720102,1.2718118921688693,45.65348837767441,1
6.368326994863629,2.191497283155962,3503.0178557735376,49.32165872366362,7.063719968099961,11.69993167210945,44.064877280704586,0.5147307235014309,3.985592241441276,59.16167569178578,0
8.285029218688052,2.275143253565159,4398.101663675539,34.974922366709016,3.4557958587081306,27.80520591953814,16.412754463866854,3.595114102168005,1.701526411445169,10.825429324882226,1
5.442526947820829,2.56751045782694,1381.1960898678224,164.00870462163905,0.06982261880348117,20.829466872394306,5.64202722584422,2.519443983956368,2.5472050045754893,45.961553971157784,0
8.385809166938072,4.0325744472667555,2373.51907523946,270.723909985831,4.034809690269996,23.026366522446796,43.50124627600828,3.543828161728273,2.6324617483054435,20.32807019562678,1
5.50995464932793,4.514381100231055,5034.8274544199685,103.18730596730566,2.347544217249713,11.428808777727397,31.80528173218093,1.2447176239843638,5.562363940257727,10.53758793408014,0
6.589149162241469,4.799006089267677,3298.324352013306,219.90003216678696,8.188692705204716,22.984703889370508,8.236544804053086,1.622191143175331,4.114109317604655,25.282616472831297,1
8.189181463118214,4.041065238148828,3732.8857101614744,197.59840648193008,3.373306088457655,5.703037656948094,21.49156287565013,1.6710766863005733,9.477328040063053,47.630154728916985,1
5.599669709395095,1.9193310308660574,3164.0800110473465,279.4664742928443,8.275236939538171,14.383033644325344,14.362884743853382,0.128712048736081,1.2637014194700513,27.89098822224313,0
5.9170055809305655,3.5966061773894396,1219.4997132150256,246.29430518974226,0.005979388347953085,20.66883371355828,36.83972843550985,1.7052393641531176,9.736921348501987,32.25138601218291,0
7.889010273572265,2.4692140582492637,1828.7488991007797,169.9815776716389,3.0781915002611915,8.652414138533006,22.670811531213403,4.016522867590168,2.3063864021426395,59.70956461200727,1
7.880146146184297,1.6460177992072302,3227.7081937094545,197.10914947023218,2.411652143077619,25.57508936117337,49.46399725531925,4.486492478748692,7.728739363818531,23.94655797344556,0
7.564590531541189,4.283922107416652,2045.927327039639,269.5159399752105,2.3356736106861096,10.875782470297967,2.737249112979756,2.591091578179637,3.389699261728214,36.92404528255439,1
7.7757937778684,0.6729185703304625,1249.8951432983936,119.85563537608044,0.681866197654627,21.307027820461155,17.750763306812335,2.2775084760961013,1.430813954173139,21.91465209692231,0
7.170897773390385,4.557928964609406,5218.248320259118,98.03841175733321,1.8712427041050173,15.129928564383242,24.09500835549887,0.15412309349685127,8.5788918524624,23.567138779722296,1
6.007196235627811,2.5766485908113035,5905.962645820579,3.2433250905589017,5.555495698856198,19.90108988694118,25.15667773741599,4.396021687926913,3.088608992364632,41.738445206724485,0
6.382783974015678,3.3674066456372618,4965.714369983697,247.96532225743928,2.913610728377445,7.686263815722703,15.796791119281838,0.0650510671293636,6.588554042268422,56.27321856569301,0
5.726390867205703,3.4670926499260224,5268.924608523335,240.29421012100946,4.1739478232914795,5.422819998040183,36.4620124548784,4.723750401051059,5.664436850866266,32.541537029539285,0
8.633802245334513,4.5280298331794135,2209.8856515852267,31.336355430045415,3.7686688034718854,27.73911068450753,43.737353674448734,2.446081243440453,4.717563093908743,46.10399573692679,1
7.333567179064482,3.365013569752433,5803.134877565999,173.05721433981006,8.759049249998945,11.74075021917957,46.93596509889315,1.709672467873633,4.958194726485391,5.35239352901783,0
6.60340566705456,3.262701131420278,1984.6285222671418,139.19450945006622,9.052989990105155,25.491925069511478,40.25466883997631,4.621092174213301,7.322379140922876,12.669482245915617,1
6.84802321457653,0.7999341825231048,5757.149051809161,35.61272865273344,4.929569716558601,29.983757511805006,42.52900986532997,0.12195496555048368,0.8777291412344057,30.127898455171945,0
8.78913335844726,2.8328360987534182,5974.096469829755,294.17046811821706,3.301559503156044,10.285781449972779,27.527265030999775,2.9071244743454354,6.681806619579051,1.2007034177264875,0
5.613405612464321,1.1757605036766874,4558.614028730244,64.40876623900664,1.0680070400236363,11.62926852958389,41.29441132134073,2.744662622496688,8.958121013985787,15.171298725753529,0
7.3449193280671885,3.8184519592466852,5905.718658959109,20.170254027168344,9.53402879382095,21.571494690866643,15.175195457397612,1.0966020060569104,0.5778819701986415,31.044077389497968,1
7.023554715537864,2.804998643657035,3847.6988978355184,178.45421385057287,0.6022694490029745,29.13621586501553,19.92393810546072,2.144437156751053,1.4065333923366674,0.8976718953780427,0
7.445816941738592,3.56102500643759,2297.708915880452,221.6600031399098,2.976502775682804,27.895358704768597,15.845650690927215,3.261320029718851,7.166319367020314,15.872777173562502,1
5.072440735283362,0.6875280527107293,3184.9794283281044,9.733033814156089,2.9806620117000415,17.57188800163962,23.369366772396273,3.6356559844096377,4.372816482446176,30.84184916855217,0
8.488495635776605,0.8815640722061144,3967.80467689393,197.61529161810665,3.2040128614021492,24.877757063168115,14.278980811931818,0.003584293532898908,4.035486208136883,34.38895487887474,1
8.72847312993445,3.7234552462820703,1365.407810135075,159.68756278543634,1.6428684327240928,8.393646327497526,48.08057211272234,4.684267150455076,1.3696663454423585,55.54510158331833,1
7.260532734356836,0.8243795119940301,4111.716323086231,30.979502662514523,7.831614309236972,29.435954605100306,15.642231400283407,0.822626861964062,5.067700407177881,38.72073739503647,1
7.786603295507569,0.8206552749436637,5905.889183811472,51.75716308390862,1.2249786196598922,29.10883085089966,4.902226905546991,1.167902171111796,1.2654531119637724,24.884148151799625,0
8.689997524709183,0.5544881385569935,1950.5382489186381,170.39228919482414,6.349066591531628,9.093223946979274,26.34085830252067,1.3173672284692413,4.766204563105404,55.82107062798407,1
7.828954537253594,4.80425629234766,4962.975581441917,88.90728405398652,1.2384602670581746,12.485578120077665,2.8549539222588183,0.18910068276017655,7.636152989616567,47.09297900326766,1
5.610156171657046,3.818787617565531,5539.493968898097,281.49471859539483,0.7053563759295656,7.503874937669173,5.527158315429026,0.6152606179516246,2.582643578871635,12.000535266764857,0
7.305153440667253,2.089631338259289,5718.507964101104,245.62206884521524,9.094295036858766,11.792939972454493,10.969469459812315,4.93174961472081,4.807861681797273,7.850541680929187,1
7.426860185531424,1.8344101157944486,5800.678022027236,295.0701619540989,1.9012876631870568,25.398894735380164,23.217512494107083,1.5760836868864303,9.920159693968357,40.54869814456398,0
6.696522685209544,2.073664533856323,3607.2981936073597,77.9012516851242,8.212501545597043,14.457890179131487,21.662546615451394,0.5765054516952467,6.866504233540373,33.59298993461903,1
7.945776942498892,3.985940890315318,5886.539539957518,290.9170898393931,5.446308711071358,7.20992417866896,39.98459310013956,0.5349563058731166,8.413567713051986,47.38041682756534,1
8.73746805907606,3.476167749816865,4786.551035672194,129.37016093746735,0.778565196087696,13.555638119472613,36.973732694205665,3.5972998383498593,4.148476065605458,44.328303004721185,1
8.702274051627105,1.3333800554036057,1808.3571811848096,104.25563859412638,9.554481914380675,29.534583356032,21.315914699535064,4.272843320163204,7.678609231258553,37.512692031450904,1
6.803357485616528,1.2834920090033797,3384.50053233985,15.104858090805973,2.4696116699189252,20.742089881480073,16.685210378781495,1.2847614975423494,0.40509172941321836,59.182930297733535,0
5.452952183363021,0.9427804237102879,4591.65587686002,15.829577357880787,8.596453453526065,15.404023660153944,15.82343920307493,0.10454756167617485,1.2291118254224498,32.01538380662452,0
8.939364795849338,3.4713622386560217,2236.7015790954165,207.6033767839964,1.6881000578456418,9.16346283743175,38.69975436470045,1.1154500922267792,2.0307059292006215,6.78634539010319,0
8.355592345783737,3.9396769799978117,4203.075917744437,137.37869833020838,8.539428821418529,29.65441993209237,2.6036203110634872,0.28257845398378667,4.019519246152195,49.6964138889593,1
5.498650724813068,1.692708927462518,4333.002395233096,67.95648781083172,0.13228812905293985,25.521225231578217,0.6410824755302913,0.5169746831502076,8.457448783257632,15.111201740742539,0
8.68336753046949,0.5942523246391076,1813.4987190428294,184.1910918975698,5.117804565694807,12.036932561272984,39.7772195963324,2.157540599238212,3.462660507879305,46.638128888635094,1
8.479585448248514,0.869772503643923,3825.4265622637813,75.85743547503336,7.694425794215568,6.751717393029736,23.857318799452464,1.149591854308163,6.546211935154629,57.426425760003085,1
7.075352228504288,4.855370156802637,4858.1345548930385,173.28952630332677,9.347955174927833,6.415638934438951,6.544056927678799,2.579729392627117,7.093142948034834,41.807730837860476,1
7.365101742979717,1.829501498648391,3494.4783226797094,107.76262409480711,9.09202136206487,8.009453737638346,11.778296729725064,1.2674687662859518,5.861823540883414,35.76180965698806,1
6.596010815480521,3.9615041652716014,1060.5155838805372,247.06566798354572,8.196248695476449,19.51921459036054,46.625197654869126,4.702686505514738,3.572419681701362,27.623170540502436,1
5.219046555288125,3.310986059844187,1045.192345396461,246.2088482300338,8.881913496613041,28.21908553013731,42.9751487812449,4.529719839631323,5.770533417135443,21.864591959724194,0
6.340788966583604,2.2187283784380316,2785.146719850061,143.2051194367204,1.992196858370765,17.418585700149613,35.48925251119863,2.83403052505233,3.422655927897462,21.180285058310176,0
8.211413794392046,1.425592679879998,5630.97034215891,105.24573280050468,2.8418429571172874,26.07363706140493,24.11126151686633,1.7721199599369308,0.8387373855201208,38.18236234257544,1
5.018528092018411,1.046238881717329,2143.383898018044,108.76793896772836,2.889685249210585,16.147165496495198,26.016181309569287,1.905734410173678,9.928039781860145,45.07638701626475,0
6.333996686764577,3.2675583561749,4171.818444358436,241.71435770046537,3.7705393100169884,22.71458864419563,48.76222676419793,2.0592614157224847,1.271824536325109,40.71102416906486,0
6.592674774363774,3.985852012870046,2110.379353466603,98.4538448392836,3.933206703851887,23.29681843216252,48.28852219421436,3.63789661067472,0.7234838383605735,11.904606071613763,0
7.149582411751691,3.397569140935088,2608.349948297743,62.71781211205381,5.445553246546755,9.349092647583467,10.763452289291713,2.2581949775941896,8.78530749207156,29.639230808609472,1
8.679422465651042,2.8863595996212124,5240.2104480074195,25.40650256259205,1.5987976336644139,14.030401474395294,40.55522831526591,4.283649732529487,3.018346608928951,47.49840433098378,1
6.385383977463845,0.6887805054423632,4644.307211349735,140.0079362653225,6.912466637859893,20.932553913450597,9.86213330835084,4.720473929651822,6.502969740735076,28.542244691343374,0
6.387812807584911,4.858199499174727,1476.9963865660532,144.63962967595256,1.675665393045065,6.767415204609154,10.67687389419757,1.6797307668946693,3.2900572966223285,32.19739678412963,0
7.950004992438993,4.094213862445585,3143.510104932168,252.27261312087214,3.103084821045475,14.038504694073914,33.80465170822884,2.8034724068784005,3.9145427079447117,46.26816289024933,1
6.808871763559228,1.8176991651543413,1145.8488182263222,66.37160893381919,5.03345130606154,18.369986657029813,20.25005492937742,0.47528268416282216,2.621129720167965,39.67591837590549,1
5.898419291759928,4.909866482114828,3404.450733015045,114.29738210051997,7.964405615234773,29.905612326115968,46.57722035532601,1.0023452388317948,3.430440057930102,24.560695252943557,1
6.809758064530774,3.2084671533634497,4312.17005850534,242.5217216681073,7.394692332387272,16.863339065561018,4.4504867448004415,2.0673288335508007,4.107004005865431,53.72476267165314,1
5.563428081519199,3.120901961932609,1592.5131179907578,247.08708322469204,6.455343564105222,25.40141892785809,25.576282040474652,1.0310135795088944,7.204160690923429,9.754024119808715,0
5.705547946024893,3.8663293074328946,2444.424694545828,115.38332279363046,1.5577326058017016,15.801682126665444,45.92607652215606,4.3828024539435875,5.115361942347918,59.730986915419486,0
6.993471090957919,4.152964046405619,2989.1831275107847,137.73720698600428,5.470453456155777,24.909768065492724,45.205683023975254,0.7914312802954904,9.43565217156977,7.131154708574233,1
6.675701798018192,3.4541537329917618,5597.6551232802485,90.98576725478488,0.8744650179988545,19.88537004050271,7.8264606707870605,2.27830410776546,0.4188039383877551,0.8969982662543341,0
8.6593836042724,1.0764308586479001,5966.27507711482,279.7664635257936,3.7736317679665077,27.16488603755996,18.331885004822823,3.028496202299378,5.030683226320281,53.401134068925884,1
6.4495755964665324,2.0222037769752426,1224.5564949780792,35.593129722474096,4.135165302899591,15.273563808752748,30.956070002334812,3.459319540804222,5.842247888317181,14.697210501957365,0
7.322353401112174,4.6763763814672235,4805.03961747696,280.124826900441,0.39811439445753827,20.10761049553697,7.969744238570109,1.9153468486325336,9.20196986074274,43.781977646803256,1
7.5290571516781215,1.5107702532973337,2858.620332011716,205.15993555060297,2.7398809946997185,20.750467015470683,48.40110860228693,4.345495343623643,0.49158523621427586,48.66092249592416,0
5.052377826353334,2.17475160726881,2962.2909311474004,159.47164580601935,9.556494672664893,15.434573545011833,45.737466436383016,2.8415957553896276,5.73499584935216,51.53918346192701,0
7.654149488066842,2.4443459732488817,4771.324866735114,9.797718235348762,9.536326078296895,8.607801092187039,8.347508951723459,2.197538902237759,8.53629928527957,59.495654139850004,1
5.712143867479005,2.477322453625035,5592.132160727043,142.6788575466025,3.5232705425253927,7.338985172808389,6.057773063049271,0.3362031702601831,2.4192772811923655,17.642382602399945,0
8.84428126987782,3.2582281212253648,5754.642972512742,122.32443150081968,0.43100108948324056,5.4167887649908275,4.270424140413265,2.3234473422258253,8.762923485239375,42.614600515635544,1
5.594650911012452,4.743841269851184,3885.612930191604,48.36564359253677,1.7909493932818155,26.838356606130365,45.472183201831555,4.103679204078651,0.19043409274291823,6.923991496849693,0
6.6584964949080945,1.5831172032462724,2785.605796502514,196.92288105019708,3.9221779343354015,10.911872805967363,9.681190489773039,3.0727050911065774,7.324546291337297,24.408557481410963,0
5.341398672314575,1.0467561933541312,4937.745429293896,291.34527221048575,9.477796979692299,10.287668732044201,20.814246427217736,4.160812268645592,9.33113221168653,50.87830159875542,0
8.987497007383789,1.388617204369718,2255.0069163115013,168.65664331935753,1.4119906353718492,23.40088501065164,22.44256828260015,2.470058352996528,6.571976616400622,22.0594827635465,1
7.00878004132497,4.491162050941712,3820.370144167589,214.42598293318375,7.635158436682122,13.000402827184793,29.950552210678378,0.5923085254724092,4.39029243980448,35.46572283213684,1
7.381540069280176,3.406148656948427,2792.892307624366,20.535135769805034,1.0868253937469208,17.651117310295916,3.5867671873712483,0.06819922917940535,0.44881016472718027,30.226406623478045,1
5.26830590955371,1.7865805515762205,4283.155368539381,125.30009874509842,9.81257577391277,9.062776632436407,11.337930870025797,1.516097733592956,9.201138133226287,38.7570918667227,0
7.999841881596711,4.171761225358777,2201.9945644675345,34.90754554934876,3.81616499109135,28.99364303654923,46.5745193459463,3.4899523574889626,4.702962226915748,58.37366336326169,1
5.839622372382343,4.376164983635462,1957.9647286741288,183.8387506609531,7.752345388990561,26.289535000430934,45.420505363428475,3.951299519708469,0.2899674433594801,3.3441315900841273,0
8.592217157762855,4.309314524106251,5591.1954333771855,281.5446474642464,3.425910828111318,26.594740574125083,39.06453237028461,1.4787641731016472,6.898210713287619,34.43769105009778,1
5.820558561928029,4.635169401377995,1509.0184147476846,198.53331974149157,6.276688771588087,15.16934371430013,0.9700622809107717,2.4782696044162353,4.818372535762582,51.78172675501708,1
5.762750882654666,1.635084590780127,3529.789538674658,23.040914494326458,1.9201608474003673,24.05903034267932,16.350338424805106,2.105594522170408,1.2434531744241073,28.88296270490565,0
5.14619867139238,3.8976886793582524,2104.2639148150447,106.39986149552485,1.4602101929696254,8.596903884744505,31.39793676714539,2.052613921757139,2.1427180931025958,4.711631156494369,0
6.888267780439997,2.57242773773363,1194.6498166283372,165.19901383225545,9.380641395681312,5.215475064794507,13.759510588673784,1.1567435660007526,0.6449068045584627,33.63236114500625,1
7.259364533050466,4.288993488005277,1180.094091457132,120.96232683997566,9.176472779044335,5.499323314450703,45.479334752688864,0.6818555251472919,5.742935397085736,19.924433449429227,1
5.2628345577134095,3.7782080472272592,1876.1088605291366,250.09320314255172,8.874689402128823,19.66504343511401,31.694473091622093,0.9834427911560656,6.220294792520092,9.296507120276154,0
8.102110466780042,3.9940135092487608,5333.851772530002,244.40130141299676,6.254334501665935,16.38487263119852,3.59533586582228,0.2766619358167305,5.057422983554444,50.942070797008384,1
6.813155338992111,3.4527282695648216,2412.3937198851336,183.54930603096642,8.082682112162782,17.950383722712992,45.45027944178515,0.9906537091178852,8.17102133002615,31.295970779467297,1
7.097561077310321,1.298429462613681,5752.295852876478,112.03738353981157,0.6903693691137491,5.186578510430485,47.88833290881113,0.04600448812689728,8.610088213080136,55.996584742744,0
6.763050987752912,2.9526211350362224,3908.111464945968,76.60091212897325,3.3478904189067915,15.567165491435643,3.8856209195862745,3.136292003179891,6.1562439668312665,48.36099027618415,1
6.603052243501304,4.931013827860287,3183.0709488438306,31.762295463938795,3.1370312475715623,22.95170403002152,26.618011743065743,1.5818770369384145,0.12756479707430546,41.57830762642004,1
7.2385613252328715,4.718246299237035,3900.444173347273,106.46930504596621,6.3564532195261325,16.067342549185895,15.168214110708522,4.865723557134543,6.952296557477356,0.30153020191871605,1
5.62096098372285,0.6942818110865525,3583.491926131339,123.95175516231586,3.559577734706405,23.305480157805558,19.641953824070118,0.9685852538814893,4.179992169203516,25.669407398294997,0
5.7277125219810845,1.241666670782467,4793.881268786626,202.74687753122208,1.485067816436808,10.825474109920869,8.982560897767094,1.7291428515479694,5.65557483226387,11.849176899121938,0
8.44714248405407,1.0927794805455286,2412.4803298642614,197.44794728927204,5.964670754135437,25.328550112043136,28.903605100620627,1.7892057932076662,6.490806020188844,54.64787466293207,1
8.78446184853453,3.76690959493383,2765.251958001512,21.032441892377086,8.143839206690815,19.71078101133631,47.898967662444534,0.0422574803123027,3.5023661432707676,10.475039080581617,1
6.493237265119012,4.180033984356253,5470.471512666254,118.57779462934734,3.821234944599732,10.269077485747655,25.153630013580454,4.196039765197295,9.170985051717942,17.16360309955713,0
6.0829786925742155,1.4608011483980237,5732.282565752027,54.53366016520857,1.322687150984817,10.918011896345824,4.145729069724058,0.1599723007216236,1.339748667497812,31.010206064069948,0
7.575998172956063,2.7763371182832306,5462.791137432372,47.04381159504171,1.9668819731282305,20.700761614238424,31.000066673870418,4.7008991736462065,6.715118072810374,15.801817139884754,1
6.634936684392386,4.2831636260504,3097.239969786568,248.19064492117377,2.37483305169384,25.748489830311083,17.011149722562852,4.4603717554681035,0.04359579956580428,12.59188063674727,0
5.1015454226413794,3.7976069514481274,4901.827515034409,12.574565014877258,2.998975929945362,15.39069455072888,42.79625947956489,2.677609580429818,9.246511054051808,35.945959506165146,0
5.624610389464761,2.9400674247133174,3381.6786665054938,125.7548627706364,6.4279507050630915,11.457510728189806,21.733907415823513,2.7179778745564604,1.125041332380915,5.335771365301431,0
7.86388891538959,3.156564607064478,3487.699260730511,50.46109672995546,6.00945484537719,26.67529017276501,9.64198044711228,3.2688896147807815,0.9488423014757463,3.4900655232554834,1
7.635695767640605,2.78762246112326,2023.4005452864199,263.79906470354223,6.960798615670392,21.731707293770874,9.555281134557248,1.9352500596744349,3.3300763305224423,22.334717711164284,1
5.108383970013934,1.8389680309346925,3955.651516292582,167.11215398251053,3.6250198453151317,16.20213718207691,38.43820903605802,3.2361114169892775,3.735662860390806,43.23986727047174,0
5.887888647731797,3.0425989678655725,1930.6794887667397,69.41419091305441,8.239976518799782,17.197504881982546,13.279379915367995,0.22384194344243435,2.143000723228786,33.28840549643688,1
5.924299186352286,3.599983859225408,2657.823495335969,150.72818614991291,2.0408766115576027,10.10641169840991,38.36166970796115,0.27023813674863284,5.851216609271247,25.37258810800673,0
7.687570974394914,4.429953121373634,5275.151008099676,219.44590791093475,4.690407475181539,20.6700657516211,10.29436553832997,2.286152098097722,4.4291409804196356,33.945093853474944,1
5.078842151017456,3.363311092906616,2035.3790460542762,287.4354026758301,8.009387215414304,13.968562763572216,16.08431843506547,2.748111505530175,0.3417558904108742,21.927089079196417,0
5.416434327938296,3.925046916694211,1355.791425867164,66.13380127362568,1.8015864773261925,29.891129416858732,23.27434862198497,4.439088201679095,3.196520622553006,56.16878012592677,1
8.199664341492758,1.2203223572955784,1345.0379630640814,265.85453163880356,1.0986311374078295,17.004587881547195,47.159792484672536,0.5233031695394813,8.104329135731705,3.2942934546464597,0
5.7141786482173345,2.5770086348890544,5703.922602515539,280.2912342502471,8.836839676879897,17.147140154740327,46.58657123769123,4.113239635969447,6.897015348618686,40.40348874179011,0
7.610984431407498,0.5419922892219198,3534.602189809173,274.92616335961986,3.4292966275919587,19.146294685266795,10.34359377111439,1.050236686460348,7.248708535798805,53.47695988966503,0
5.952731124186906,1.6100548903473035,3047.0603590850915,190.62430705857295,6.83870124909032,27.91890007796867,17.91095206215364,1.9704182425501593,6.981169240835236,48.233082524115204,0
5.397765571037381,3.7690777180085218,5054.392905039593,188.9461963304123,0.2534860426393848,25.020452496493757,7.4699694226886155,1.5830121741370644,3.109730213830333,11.042462089286804,0
5.972688763997816,4.963144781072136,5179.12963955258,120.96318995514683,6.900468884094496,16.278251744946036,25.499253965674857,2.000776364326995,0.9966392207677588,17.755580938817303,0
7.889067727422637,0.9463014481424716,2660.9551655780233,225.71936469113638,3.1610131154697054,22.9674816493199,23.02912753473333,0.7524774903629278,2.72467184033096,43.022876322426285,0
8.422785872425143,2.3067244213757974,4468.090287368976,159.3882055052796,0.5574085358744174,19.65588746951904,45.038008122536624,2.517850372017775,8.317853001851592,5.056233550845932,0
8.320879458267967,4.1003193591462175,4855.614079259432,203.23142136848833,6.09812761548117,17.309176217531224,46.50026888955363,4.008212949156836,9.804707977830711,48.711701989955046,1
6.58873411847382,1.4181603558300448,4273.253434329772,128.53737115463863,2.4080381607317323,9.807894319608764,19.178369550364604,2.2076700518944845,4.938470147415614,43.13441667628742,0
7.672340546282585,2.997882271860288,1757.975374000497,219.44893921294172,3.8680724205188,16.59840658637227,24.586897150949472,2.4530678794909955,0.0970035492304222,43.77639895412055,1
5.819937181663284,3.7988208321335364,5379.4154175852855,247.34145528136472,0.8058081228651359,11.145464675564366,44.81181245730666,4.243837926406571,1.4004481213422904,6.014482216055484,0
6.172590921044053,3.2719345261708055,3695.4727636800435,43.930876980844836,1.4716325109494532,27.871053746291366,40.33539038725307,3.530290573190154,3.220805753162658,43.06563268897385,0
8.58534327408448,1.3461113057693725,2412.362131850018,249.8789146722684,2.9797723549584374,13.385170337408674,0.18281556723246384,2.4522720425989237,5.785853485929497,40.7890875131982,1
5.052007694042944,2.0992305590858273,3126.1409271884695,162.08895953709217,0.8975950056015713,28.806600363334308,16.002978209179126,1.2884782409458984,0.7509364580531397,49.855349449311035,0
5.342034123417872,4.027063030184287,1187.855451994537,253.3997727270673,9.108262646863153,18.32638225236778,21.088712096806294,4.424633734224833,9.433572987098817,2.49575737538817,0
5.831545020584109,2.994019313594075,1639.3340061120878,129.39051190230438,0.06047043183978418,20.788609466904006,11.485814184161585,2.8851020084527916,3.6508367328440072,1.3866401080675317,0
5.106128815495278,0.5235332609431074,4827.733752579305,113.71214561491051,4.838602188643114,18.573511112233195,9.978580794796937,1.1057380505534669,9.125842179248231,22.380425992713644,0
5.725741740359189,3.924458420126422,1000.0581737768307,274.51821975516674,1.2324745813255145,8.234515424167522,1.8892253297839834,1.345598763190052,7.805218027570218,8.927297030949173,0
7.332166243878769,0.6589010972310758,3082.829142411461,75.3507802645204,3.076790894779485,14.395530475198525,32.16848625348803,4.01566544468123,7.554372725155812,33.503068654213315,0
6.685698202369991,3.8558020222905447,3612.5509054279423,253.26369758584292,9.260595598182654,7.478652806940598,13.125514524158282,0.2207278104372773,6.06719579782232,55.04093409040493,1
8.5706868443079,1.4111625207435683,1273.1721000048615,145.20617175282123,1.6169455327398685,20.57385110458454,2.6173589215656543,4.9604609351441,6.267838170518446,23.488783820040943,1
8.269774246953764,4.811330660537211,5865.390814861665,154.2286327653779,9.658323197183327,16.171854880010972,11.548965526403181,0.6517583985739589,6.380032352162481,50.69702263635625,1
6.367269406791504,2.15573338085938,2130.6266562483597,92.54048444684521,2.057943769894217,24.44962428927342,40.095697641806325,3.980342626984687,6.287213870255821,0.014452471071988438,0
6.03769373372517,1.971192273521356,2520.993598181404,171.9126601857047,7.4156610846682955,10.511762024984247,42.57445908232733,1.9738765838584142,5.537282313983613,10.110878607551053,0
6.518769632669068,1.169996226496001,2519.712561275137,97.5633588828634,5.466772648973118,9.114151460733373,24.15331225966513,2.4610809164373344,9.864140184828889,1.825412379245137,0
7.3611797700592305,1.875218969705967,2152.0833105867496,11.780824272495693,8.844787275967592,15.158305774094195,20.803533520434307,4.403252887322889,7.322905674256961,19.688830830904116,1
6.072254563291505,4.444928428226902,1007.369110431557,81.59958160330682,5.539932555031309,28.164634580459527,48.892684675089086,2.064555947946066,7.769463883925212,54.49137574179017,1
7.496595631396536,4.983504519322613,4646.723970439982,1.9137130219772036,5.345592191563087,22.760545375310294,10.028232979403494,2.6874687683661724,8.724628150836741,5.8171274159392645,1
6.637646608764962,2.1573928872808175,5834.227498996427,293.506436117057,1.9545800036839989,15.473090619822967,10.767964142730424,0.2464983120458497,2.1563976272584915,36.38458660462802,0
7.208188723407921,2.5187478392954414,2121.4674164252256,289.72416294592426,1.6622936205165872,17.931804243857762,14.593358851819987,0.011737369337265768,0.8380415909506078,27.089756347166652,0
6.744506116541267,3.749319221912317,4315.235959017113,118.5465892416915,9.164891511155142,7.105325279427459,8.637865914054366,1.2239993650086296,4.828944365985986,56.30809274194875,1
6.17786303816767,4.487881012092835,4709.481634793576,218.5112563018938,3.2783819885003407,29.614397409402827,18.96827991020933,3.4029154645938364,5.140806956192732,7.351148552225631,0
8.793813227848627,3.1686995038405286,5242.126895452624,103.74182952312749,3.7208225496289593,21.660182617372975,45.54171134948769,0.6063244667956835,8.291817799499178,12.721671030133736,1
8.054423176639043,2.261865641800232,3113.145985068046,201.3279471257928,7.5982365842838835,12.135101711585563,30.767392031428713,0.5688097940227471,4.437835792823357,1.7725181166895965,0
5.56045270306581,2.356798283818807,2514.654528202146,241.62901291379373,3.3882348242280735,19.645209855381108,20.597327430613184,2.0548030401795163,5.708530255443128,26.036114977882427,0
8.47387190359165,3.630281659235631,2626.4756701151555,284.0268734076722,9.520624466390027,7.73705915172485,46.72053972856074,3.2391851930411324,5.270709385134583,16.66997397387926,1
6.949724792998055,0.5144821862192541,4563.106665492564,120.0636827549016,7.379277689988003,29.14591672018959,2.423211623791116,3.5603599612396524,0.38202783757391057,52.194356033419254,1
8.578208907576366,3.288152018569283,5083.89733252818,234.9893948868143,5.9742924257342,9.369624697084149,10.513808895093069,0.8922533704918739,6.15214896596914,36.2964487918653,1
8.199421023789261,2.099718546986108,1908.0698387830134,79.77853518963563,8.808951605447525,21.200757951380353,28.29443025508795,0.39794073686021225,8.280432857742522,36.845444278542104,1
6.700854017876933,4.073887990746879,2854.705040788826,297.0996911380945,0.4960590834948275,11.136361563473262,30.77763115965896,4.701985169727721,1.5750054807580383,31.914641812878145,0
5.08987723328047,0.9184578792040947,5509.70098374575,7.730879629305343,2.5706269218920874,22.939034566213394,1.9778753281306571,1.3033319128105085,5.943317339265958,5.51102023375206,0
6.074709437539784,3.1469102012677572,5033.467598473697,181.0586419503363,4.6503633422091,24.420534181007028,20.15193789535661,4.266732488043619,5.936105444464143,26.701121023521313,0
7.166536858643468,2.6643780044875567,5924.292013812379,197.85179449539814,2.2697853947152105,21.835493222785818,32.45769824154364,4.3174572523140915,1.6418496405635874,59.97031138251099,0
7.533912879304589,3.3904648665735233,4771.241298410404,206.41366712223865,7.439051873021519,20.362486506379813,34.90352732017008,3.862612958812722,1.2346357373073602,50.113757450760886,1
6.03155074173281,0.7918411751733576,2965.9760051396115,36.1162736367267,9.192080310537252,27.311727348800293,31.906995125813463,0.8441680332628504,9.800519429764847,53.60754325002696,1
5.5574242962912965,3.1099270434265907,3953.1891699731887,281.55893504193915,4.2377011993092335,6.965667774743951,16.02816121804623,4.109007296271002,3.9371916965303755,49.39358155478997,0
8.339720947197197,3.026680645817857,4305.071271236602,54.354983715024844,3.4213260011189495,13.27286914450488,4.6760061798954755,3.8462527962079336,2.2742172872352926,6.1825016058589615,1
8.937608722814208,3.0229704248727693,1392.2790815856197,186.82602097195232,9.615507321375663,11.207186990771149,21.355622320966706,2.9836149505310856,1.7132454445437495,13.646895243887977,1
7.102760729210743,3.2156944996840466,3722.4847955193254,66.80282373692549,4.448524328275409,29.70034905163554,6.4377218684027735,1.6860101758447636,6.676017135832351,0.18729908138457763,1
5.6867171433932135,3.54410571751863,4546.604142363048,92.16492510638126,4.890484004492832,14.734744491671837,47.381182926033354,1.3125430213327205,6.094452973272788,18.210607492686687,0
6.089229306077476,4.122450498563464,1836.606520005302,163.93756251843732,3.516498723419054,23.31531748100997,23.758543301131414,0.6094460604017948,6.435521229874174,6.516444140789554,0
5.0735627061898665,1.7141932405769644,4903.158587127786,125.15802556937294,9.095484730121385,22.118129097025115,15.862958717843378,2.548785334504357,0.8800602751145226,28.36760071809498,0
8.657195226241996,4.212722345810279,3918.8639025705584,48.067680292951884,5.689554832818508,10.302030936934443,38.315203555945004,2.926304377549233,8.93534583498437,40.627649314434116,1
5.4710043315605645,2.742150570185541,5761.108928487974,51.280920726254486,7.621745871816446,10.974942005288783,24.897429629113194,1.7966949525789362,3.892663968090483,52.470317702284625,0
7.306065902057014,0.8467622561044903,1212.1114910344586,125.44343644883989,8.118067183508863,12.032114088825853,15.501701200622502,2.3767953384043428,3.1336940643035796,44.95302990545389,1
6.096220882748824,0.7634791815979064,2326.630687777335,227.1848934826502,3.418490419172582,15.278181956484481,40.598387119540085,1.8175722868463335,4.623614472477392,56.31513574671031,0
7.216712010063174,2.0040724341322735,4007.7693964991204,269.38939405433655,4.3369433132038,10.85812664126317,43.3576075500561,3.205030286603506,3.9006606574762825,3.2338974236273277,0
7.605681553407457,4.032036397001604,2482.7995610296534,25.238298677814853,8.484717744062646,5.491287068671195,33.65040831443385,4.506296038982817,8.63577003139146,0.7307901249924864,1
8.318967214828806,3.684564206334121,4572.120820356211,117.93117226782032,3.6325535167581027,26.984826420179886,2.3482211203833647,0.8196013102347244,9.29260975197892,39.68028683017276,1
5.825685087042412,4.04876734102583,4795.026412609655,30.073669116862987,7.939351334518513,29.1402457845221,28.316144008326603,1.9070440495156171,3.034532164496062,17.361144613334773,1
5.0439833146339215,2.827710753987242,1512.5798203323723,4.977744189779365,9.409923225744372,13.539259675789198,38.164745599864084,0.7043430197543066,8.639358074599548,15.210060966346388,0
5.547542520275229,2.4808954907997074,3569.2723210338386,198.51560479318698,6.23210373068007,13.462671985636822,6.825150604179109,3.1247188520391598,7.815231295330671,19.853225261627657,0
8.60007456739242,1.1635363701782777,3544.4527779552795,180.73483258997635,7.416272874518889,5.177295319359275,11.433537569230168,3.644352547442979,9.308076723447618,16.18776347354185,1
8.495560310250061,1.976867391241902,2846.4038510777054,48.90573414446586,8.05097312041135,22.006267208259352,44.124755253406825,4.65956366298728,2.4575031218588785,30.686184378095234,1
7.389652408681233,2.4530871477824387,5664.62431284836,70.14384992791923,8.450396488966426,25.63599739371572,1.0060860926537019,1.3943596313048245,5.769591501209791,26.40890683344795,1
7.402067441734614,0.8987019335582775,5137.531599366106,7.112326093355515,3.9505333785679597,8.66520750900008,37.6363568912988,4.751056029327151,2.7454458474044463,30.74571308259938,0
7.660146698185022,1.4927537872004506,4486.046909548184,250.48416170832112,0.5126345917599817,8.991658734178769,23.688664625721145,0.316313359103374,8.240944904843742,40.36281669002617,0
5.701485114493798,3.1920138232868247,4571.633178674988,292.40717881456544,4.018762712367395,24.752081249285943,22.338607941980342,3.0150693168229408,0.05324190571064258,23.227830538268897,0
8.65764778369984,3.810484014076354,3308.5807190655955,40.637861038407245,6.737562297840897,20.407268708853614,0.3548266247443588,0.28566359671664987,5.648191628863961,15.078461228529408,1
6.675082099568293,4.992563801268274,5604.97260548288,69.44256412958943,4.503503857807928,6.1215139406929255,40.96991154832464,4.468870938809724,3.39203431271918,9.972032208524729,0
6.53255411299799,4.69900999104601,4472.977136266427,260.52285718408024,7.489631508603986,20.563674761557042,17.991245031828324,2.6490452853502706,3.2268370707782026,20.968447171957532,1
7.07567082113135,3.391543397908362,4644.905308279082,277.93913938685546,3.5698242946866388,12.722943071094152,27.038281565027145,3.3467417538139803,6.4490632386491695,44.508388514770324,0
5.18786386710022,2.3956162398233243,5308.454518936726,125.8882148420431,6.347441411040295,14.218128886771149,33.865034316782975,4.157869629552263,8.51484449313994,45.40229460668817,0
5.665133475024318,3.362798141187047,2370.357946710955,15.186741680722237,1.8641980485397458,24.243285457422004,35.13147882189579,0.7515531124198438,6.091953913933263,40.01432320105262,0
7.952134465705482,4.035432281361044,5035.354519333515,11.81755010784582,7.493694366449569,25.273379816815265,47.79900294130361,0.19295780969066922,8.531729786467224,14.041690518412475,1
5.331194671700506,1.032512859155243,1976.2030147824603,172.18495982070314,5.456959688130258,15.008915670995766,26.566997661830456,4.3944057295642605,2.6459711188102997,35.285174751281865,0
7.412608437865552,2.344572003633297,2726.7097612244393,117.8685326679537,2.0406438854660056,28.67882340015887,19.98597754872138,1.5746661372946624,5.195018547649811,34.24137969461088,1
5.981396438725284,4.279110285360277,2678.0522713492137,8.595728273296356,2.9191117349780726,15.161567948801805,47.68518132458539,0.6448945396358263,4.50536539067076,29.055971886583528,0
6.557182456167906,2.2272482836986978,5892.627341945703,174.97571769376702,7.4860870858183235,24.295900880752747,32.105511751276055,2.3423061854354326,0.11644899503096218,32.99873918303185,0
6.1547749470827995,3.0734252205223394,5282.686118739634,3.3907609767067415,4.826012356615207,17.096931614106477,14.90751781382778,2.991530378480094,5.568121431407401,29.507437957420084,1
6.4226908658597965,3.144962123879892,4505.849307951299,236.21158744478188,2.1603144039307223,27.4383081630521,6.323212270178558,0.15485301711255062,6.615243241461749,33.92738196444649,0
7.876183620736982,1.3301431391013772,4635.283808076951,91.92984681101147,9.672711903702977,27.694031091254466,42.127725073259064,1.3744782912854387,5.9191440441907,42.930357277267724,1
6.1884868624927005,2.1300594874352976,3810.3639720128554,12.07740090276963,7.15125019816888,7.1854201967770965,18.10908013970758,0.16399937138448006,7.362798987834215,6.577691664206384,0
7.265618561187589,2.005300799338695,5735.453335542596,176.505666294946,9.571348325397961,28.412333282755643,33.02348606822156,2.101676945977495,5.713395284530771,44.97754512894142,1
6.904201608796399,0.6178851883942915,3481.293764411808,119.3053243299164,4.271050453603432,25.63837103801039,23.540820968294906,4.475500145331221,0.6675025485075692,8.153169007655652,0
7.654684661450593,0.6088629375110985,2902.5885493494725,292.14012400714483,4.751003406917205,24.782767857816673,9.946488989751916,4.913262057467846,1.1644552408471143,3.997679904622482,0
8.747318957299033,4.2426366965409805,1815.1766846579549,163.25959875111064,8.979552161850192,10.02278349213806,30.084330431023254,3.185237767518138,5.964745775439524,58.564781173288054,1
7.930288388841001,1.728818644877656,4931.02826130529,82.57175431110248,5.250493402453847,25.12798021886662,3.034153447534116,0.808188468922959,2.749791919736402,57.41950613222649,1
5.8597615143630275,2.8313544480746695,4672.219660377958,212.83165939019244,7.072789119056671,26.25331836712592,20.667122993559612,4.529246949996529,0.7964512903476584,3.626192696433843,0
5.124732540245139,1.8442650811494787,2921.7751926206747,81.4476007628134,2.5217287749552995,12.228758361353773,27.330746983183552,2.5812391160003023,4.296027434485468,26.59520648849773,0
6.049056177199301,4.733056603019032,1125.967069796147,271.2729874222695,4.467264687026406,28.806501959058092,21.802348705928953,0.7687465605145904,5.543225980836554,11.174696297986484,0
7.38031172280102,1.6668354148959819,5194.986638590053,112.41659115221293,1.234498658103551,6.246503659979107,37.43360876254954,4.608633347258307,3.2874598834960658,29.120693828065086,0
5.205703253937001,2.433455657325208,1057.0899172703682,164.96056883286155,2.0598003587696168,8.747731331178493,41.396247727265624,3.787345253615515,7.204337022257779,49.81063457997524,0
6.985464988804946,4.427286127180708,4518.498898145255,15.171931147268658,0.00943415267631087,18.439528451287856,38.5621537016589,3.6585263636157577,6.437706081012447,57.036706484573415,1
7.387371395667557,4.288701050563139,5851.285548630285,127.83637138566924,0.3926505164866023,19.394811778057743,1.9406473905901056,3.5459035189720236,3.3281836109167195,38.055159207092245,1
6.336975563267844,1.337456380308248,3188.3066407410174,249.7090618982985,9.772838231769294,21.128752082522585,9.70643852229861,1.0016991054822117,7.548725289085606,21.23434003270902,0
8.083648814983288,4.111894894080697,2174.8670249797638,241.6946416090026,2.4235369513676233,5.424228232886661,26.830375463188716,1.0550334585376304,6.486950425330354,36.199533938675906,1
5.426393012535087,2.561840990320517,4524.355050216909,67.29556765605787,6.633107095040019,29.009169365553255,46.74110202219006,3.441464992136275,6.374453787179021,18.72007836650702,0
5.300551126943235,2.6733599243840986,5085.640710077925,67.82372130316881,8.390996987996115,6.1147023183536,41.747838752605844,1.0986137505519844,5.53427700787068,54.58941844992362,0
7.912755024814413,1.100659875871747,3732.1515803892366,245.19159366397102,5.506604592365642,8.57654881808506,42.12672541759008,2.1933584840152442,0.11389668088552796,52.22402778635022,0
6.981965264824794,0.8627068119070609,5835.176376280731,279.1195260507977,1.531445000839562,5.350362938151425,15.160409687983744,3.910009127969707,6.965071834768891,33.49390501677966,0
7.753609585710944,3.775726881381943,1258.3436082898056,28.608276381901064,7.281164373361664,19.171460832352366,21.47239485393513,3.9197625904892046,3.7604179110915648,19.487934922821633,1
6.739309354414985,2.734075185598849,3523.977991522641,135.0175918278676,6.00251410099583,28.306672098024308,23.535297365796872,2.266308862629298,9.426097101586556,17.6033805349787,1
5.985608132956427,2.465828161768308,4592.26973661275,101.23628368926869,7.312505893473751,21.648679152011606,7.868579167495521,3.9609496913762254,8.179847710772053,2.0050796823035677,1
8.2764092706968,3.7827870289357852,5313.202355745895,261.2065366372318,7.697466228570872,25.566436712010685,1.5534065122228158,4.193108980990284,5.876944695313123,48.949251061517714,1
8.197663515875917,3.944808045459994,1896.2780595389504,25.05747440400563,9.754103676847452,5.332030086464502,47.345144973025846,3.2738787564213014,2.5218198181926943,27.022992782340477,1
7.778785883417707,1.215086754512091,5000.017408818407,63.33778276741122,5.7356328002670995,18.550382461993152,12.035629283175336,1.1421292615421008,2.037173932776666,19.507975704015866,1
6.08858054891985,3.246013172649386,3763.5353785927264,225.7405012759483,3.4164111269060182,16.489074437638045,11.997445186181565,1.3700589019277376,3.4038483767754912,28.266621299865232,0
7.360922667476348,1.1090933702495849,2982.768409949816,15.388154694364676,6.484645569002371,17.474198605519824,4.168952688437977,1.5742057770436768,4.765679435800186,49.12427942727912,1
6.443895587760107,3.8811878871307055,1658.5751428954677,147.7606142142868,0.6844070924262613,6.805329633379698,46.42538759718893,0.58402053866976,2.960655100389471,7.476852462451271,0
5.366328293306537,3.456298203202128,5326.478794544562,132.63211040391602,8.973973183215863,22.110884026732688,28.9868557469886,1.3657981018497256,5.149294953924828,51.45935929450964,0
8.669254301848971,4.804765794875561,1786.3660408985768,100.3203536966246,1.1938101133819679,17.580510371465863,33.351842856267695,1.0475961215626606,1.6537042551318593,53.85053010650124,1
5.547274523675846,0.8103110736038953,2548.939296045496,118.37169459567714,3.2784283788581825,24.128721246531597,45.578844363152626,2.2766437490430107,9.777128128254999,56.80247490203329,0
8.80094941528321,0.7567462451806444,2450.2276598121844,158.9821760790699,8.15745380626121,17.132265851542883,17.281008445039475,4.542187739361324,1.0792455496499387,23.849279545357668,1
6.784023091831823,1.7698418361194006,5357.070170954272,48.41020751651494,5.973123783307118,8.734540905660802,31.075365556904206,0.5224015837697904,9.31944139654372,13.028424242260312,0
