temperature,humidity,wind_speed,vegetation_density,fuel_moisture,drought_index,precipitation,air_quality,land_slope,ignition_sources,target
31.236203565420873,24.810634307089572,26.170568373590598,67.2702994208898,57.19958782835928,0.3936355202774421,32.4128477038911,59.69986368222187,32.412056577632804,4,0
48.52142919229749,53.35207579026865,24.697879907199983,79.66813971913723,80.54323292999864,0.4734356593750214,8.619318105258312,96.69313205778234,30.92773519859075,1,0
41.95981825434215,79.83566687011266,90.62545805210367,25.046789879249896,76.01609297901591,0.8545473932021803,43.619728167740746,257.8114512724856,4.308938939851094,0,1
37.959754525911094,68.5779909127649,24.95461998495061,62.48740996069989,15.389990469377368,0.34000438605989214,30.655811953462077,241.69208908458393,41.515758220761,8,0
24.680559213273096,74.52489182891598,27.1949726128631,57.17459831437487,14.92494697414739,0.8696496848121713,7.8601941778477125,137.6606728642867,25.581249097056883,1,0
24.67983561008608,62.70266933685739,75.93982624179637,83.28303767882711,26.817436774491334,0.08813443097669149,48.116902874060344,144.2026569435531,16.36764845110579,5,0
21.742508365045985,65.3821251614282,44.973984245054,90.60870604812605,36.10747263410372,0.7767984372086307,25.91827316676603,183.38860838839486,34.0442362572888,0,0
45.98528437324806,77.93565212522554,77.67105569551812,1.2156771477386807,40.84555814084826,0.8475476330547363,3.6449225935827503,50.06025117128364,11.581445628073531,0,1
38.03345035229626,29.973440708734877,6.536615756438524,67.40199190587927,67.96972168333453,0.18181765283733875,31.34164522075336,110.31108400950697,31.207942667084417,8,0
41.242177333881365,49.15399709145124,48.75711936733843,5.1835799119729025,5.66804321658354,0.43034653237220044,12.65994535064051,102.05795215205362,1.787004340751125,3,1
20.617534828874074,27.696755345568178,3.3613600183282633,54.88586650773559,3.4672704226066386,0.16549977466365562,40.18467259386512,112.62073668744087,37.77336169241724,8,0
49.097295564859834,89.01344063973175,6.265320345535452,28.76327290436782,39.191056294390904,0.7066041289942178,40.891103678309534,251.47646063336032,20.167688115959333,4,0
44.97327922401266,85.52474717492906,90.64374533444109,30.67765995221412,69.71636921379805,0.5353477680616567,48.94736779273309,119.9184641366108,28.651181146107376,6,0
26.370173320348286,13.154144909480472,13.924537111759516,35.29585034523566,19.343534295648258,0.635323346708321,25.093476551225187,97.88033051253704,9.955701891300764,0,1
25.454749016213018,66.44601380125508,53.24206822752171,62.12924490496101,64.15044812562518,0.19648696695621115,22.747843986386858,176.06586519825788,30.468317069630157,5,0
25.502135295603015,84.01986539325327,41.10956026007065,33.40499656687692,25.982813794029948,0.21174586205241952,37.67378027232403,266.411259093183,34.750812415197444,7,0
29.127267288786133,24.446027610186682,34.73433262588427,73.26990505902803,88.60861088135164,0.04149732550990637,6.623532817096328,110.33742595937497,21.294593409797944,0,0
35.74269294896713,55.435618444210355,89.98333456872724,40.45273855738697,89.56899442666165,0.3220675351957297,27.34577568965621,69.63406069819968,27.797711582780742,8,0
32.95835055926347,83.23906380704335,2.18233967754895,6.835320030995861,29.72872042813265,0.559744661333675,27.312380006542547,139.10118396241617,20.534666572007936,2,0
28.736874205941255,12.715678286863907,66.37896861755891,78.37598424841073,22.99937539632405,0.8579349139973288,4.473656140519361,236.91295614124445,40.234111616603045,0,1
38.35558684167138,65.7936213797472,96.33944342135504,28.5758324592706,41.13039720662313,0.6669274474586807,20.899204275345678,187.67263617369866,22.404113123144363,0,1
24.184815819561255,33.78792058980406,56.016818346184195,43.276687959926264,24.05315851801487,0.43539632339975143,42.6642399283601,254.19834239358687,37.88139190629685,5,1
28.764339456056547,83.95169563012243,93.68224620330918,68.54438832219016,67.23838432917036,0.9531201143941378,42.80768109973302,289.8980369023085,36.06084262216119,5,1
30.99085529881075,87.68465961322943,5.225787928602377,33.2456157148712,82.60646845482856,0.7192452005758319,4.96188324598405,248.16561918790427,18.472716960676046,0,0
33.68209952651108,85.54131912907471,41.87933190741614,5.658565614671563,67.3092130911217,0.93016520286255,4.536044137391543,200.95076971093835,10.353802133586377,2,0
43.55527884179041,47.9371373325971,26.015779096205115,37.39210470128136,82.43504472493495,0.5275879732721657,13.134773850096765,173.33539701309513,18.273695965189695,6,0
25.99021346475079,78.96341207914507,73.08209649807299,94.44485826943034,39.69921622074742,0.2589042747931396,43.73830312769967,60.017271587066666,37.17978190988491,9,0
35.42703315240835,77.56395188280563,98.12970904972467,64.17343972985582,15.631697070886085,0.052826686364721986,6.445129253674947,296.08049470351034,10.243464111872656,2,0
37.772437065861276,35.528037859460454,25.65300624442478,67.1479148667207,73.79509473975922,0.7260848514838505,35.99984013137231,145.87028064376062,23.59963556359872,2,1
21.393512381599933,76.3132379320542,65.41746014740745,63.22821536376399,36.047450514155386,0.12130299800553412,5.0582809806551605,88.0570534792167,36.274353658233636,2,0
38.226345557043146,12.96061077723941,19.809763275974014,19.899213895943678,67.12708252291326,0.3027751282719672,31.15689268739127,216.6772138491142,15.906486380777046,6,0
25.115723710618745,57.70159027856424,56.53302545716099,41.833386410228016,27.064394198176565,0.5324709078838974,17.80336495595724,121.07207227386483,28.899433665121382,3,0
21.951547789558386,28.400706983016242,46.39324866883362,75.09397983633183,8.122963480667266,0.5644165877797477,39.44569814829335,196.4445677327619,11.053420832196654,3,1
48.466566117599996,19.645350862182305,97.2005329631537,10.137289755315916,99.25817954877634,0.600583196987136,11.68452244126818,196.69197696114782,4.917575041567196,2,1
48.96896099223678,16.156256130336732,60.85272726964666,27.785277608971228,15.620150793059928,0.16625533034970064,31.960091469497993,161.4324552257173,35.74729012917854,9,1
44.25192044349383,65.70310207025118,34.950637208681876,27.631910846585363,98.8420993963481,0.37973740482164875,11.784126728794247,259.0296538862607,4.453588053391807,8,0
29.13841307520112,37.18999710144529,11.409578488793336,43.2018927594506,97.72799325664472,0.6171942271169667,35.68301415560769,116.24176538886076,12.212162778581307,1,0
22.930163420191516,67.98134172230093,15.124682873493455,98.0368740942185,79.38181039080396,0.9698188646337847,43.68390172803744,162.15814790443355,38.4799239898848,3,0
40.52699079536471,15.22850726391539,22.53169299512351,6.750254668382194,65.94229620819976,0.7276311376996887,6.3400899563380015,184.42303214774287,15.591117918540023,7,1
33.20457481218804,35.223227026448825,25.0966661340298,51.870099438059505,57.78070502510847,0.9226037570939578,43.329784429775174,215.90618019182492,43.78704072813725,5,1
23.661147045343366,53.15930339002698,85.06160578411378,17.936468201221047,86.61015453778347,0.762212058314177,29.678762720714897,245.99296262639737,44.08804506482369,6,1
34.85530730333811,73.25785318711709,56.12227882825249,97.06765454097442,28.943952161948793,0.5917169688924004,6.355524543351199,148.701820719564,12.072420920410051,6,1
21.031655633456552,35.5002002345656,52.33909113743665,11.33035047274642,46.7681212484877,0.19202336913634455,21.3770927679856,211.511736024149,1.8440200012450703,1,0
47.27961206236346,60.071310114960724,11.476887186921747,40.36010023615913,61.93899693665019,0.666685651892513,8.043014674254895,87.65273826712979,31.72784778924206,3,0
27.763399448000506,80.87821985889497,86.0139693349435,73.78849848346061,41.11904758694911,0.6233795659599071,35.01739444332848,283.1620251356196,20.29439261917547,9,1
39.875668530619464,59.26905505458436,72.28143032084837,70.45544280274453,42.7486454090268,0.6024691704572664,37.943406720897485,145.76470160525088,4.533877978180933,9,1
29.35133228268233,28.636757980290703,6.766836190000158,42.272863689393226,33.02846675020844,0.48978586798824075,5.2898260136399475,232.3803554941096,31.838526854011928,5,0
35.602040635334326,11.952062524523042,70.78350972297687,34.652416795271826,56.4231816684536,0.5286566039892756,25.306992634732218,55.085270470544415,1.4028709100364551,2,1
36.40130838029839,79.60790991207439,54.353821734264606,39.76123785528706,85.0574528015116,0.33444252711810407,40.73125280129586,101.29678572620175,39.158851072150895,8,0
25.545633665765813,11.701552868030971,8.172534574677826,26.42762631586393,20.152837800631286,0.5193126926423032,46.80815207754983,171.77063608089452,6.239363810098667,3,1
49.08753883293676,79.97613381473596,45.830064152865646,20.53329387067998,93.44330387534414,0.19755590567847825,25.6758933370885,269.56311693308663,5.7290345436026255,9,0
43.253984700833435,52.31497072217696,48.469628713004695,48.303969755889,68.90876537482296,0.8051743973603768,47.513961180570355,181.8137874876693,7.9052534085863035,1,1
48.18496824692568,85.1254158810317,16.577454016327575,26.853375606760732,82.32732126800302,0.1857769546987078,26.78444852280149,282.46762057346973,43.211986132143,5,0
46.844820512829465,73.90265886189323,94.56981470002823,28.746166489725013,55.619069263001165,0.08496628988946642,19.709524729995398,170.94922414569908,31.19262121142307,0,0
37.93699936433255,89.834728842667,84.99753714806619,65.67560634745571,77.95167014240634,0.43624602635715737,42.41015642764477,172.6122741839875,36.06171909586365,5,0
47.6562270506935,38.05694523613681,66.90223373291083,96.85373316998923,1.620039733946721,0.6583074395060619,24.64913552290445,79.93669712513298,17.893574357973886,9,1
22.654775061557586,71.37506311449016,46.22955610006072,60.363720055937506,81.83804247795352,0.43771682493354136,23.595125528226152,250.66406103805494,15.134072737723,0,0
25.879485872574357,42.15447308873937,41.17655415845085,7.697946706496628,4.013885908536652,0.2767541319513086,24.515624470491414,111.74135311676562,10.551780305242648,7,0
21.35681866731614,48.39004962431271,65.09734671509541,7.558361385406698,88.99133763628625,0.5581711838904407,42.339250093487266,274.90312234307873,21.6291612740584,4,0
29.759909922897933,60.20043705746961,54.543186940690546,95.1423220845566,99.19627472386433,0.34700233541219994,41.597077084402606,277.70605508259905,24.83229300903758,5,0
31.660318690684463,79.8941691349071,6.227310588188562,29.729079030733363,29.40674621767778,0.9328676901266331,20.17599962201056,285.8275279685374,28.429867964373994,1,0
28.140470953216877,88.72667753594361,51.25026487703317,9.206698608247542,21.031855628579365,0.9226451396035721,16.66499299352625,180.0576222757725,11.570332679941252,1,0
44.86212527455788,71.46187310916146,80.64036172328395,59.90445871503815,76.53633638580408,0.5023718199720955,24.596401201956464,219.27344619591108,42.689433640634576,8,1
30.70259980080768,43.4213425733867,45.923987759695805,62.36487782902661,25.302634092025322,0.3278839940182585,28.638625486855453,244.6289700154159,7.639132419321113,2,1
28.428035290621423,43.70856018216561,5.195657755426842,64.85048201186882,86.55623831722035,0.7371324139566391,11.916860531399848,82.7536546626164,43.454392864488554,5,0
36.28088249474746,69.00658412711132,78.6278199384033,26.74020278575413,10.28425921574767,0.03671294348306664,39.697754235779534,200.2392987493743,0.6685255128376705,9,0
24.22772674924288,29.102171661464187,20.13637821359744,1.5110684214475034,12.595519637935826,0.47476900604365124,24.324138286621142,58.57447532582792,21.65065613175805,4,0
44.06590942262119,18.837929050511573,25.862083488803876,96.50153694544719,97.91515551006155,0.33632339427033353,16.70227742099798,174.39152084718148,15.001552715245325,3,1
22.236519310393124,38.36977261126212,16.47063534322959,25.089304569110247,67.38388982700046,0.9205358851025547,5.34104964819953,88.71067040505685,20.210553626861287,9,1
49.60660809801552,32.97911933232654,33.02150648714976,67.60262880525475,84.68872244289528,0.012003027272682543,11.942258020180347,95.73073149052118,25.679906054135508,1,0
43.16734307889972,33.7046496364792,75.6751505688635,70.66298698787095,32.4329377351518,0.5528148757183491,47.46405858779919,141.2618916731504,19.601512110571907,7,1
25.961470446025174,28.688620083992795,51.93858595039374,61.00074170794857,67.64837495206044,0.740663581066626,15.25498434097633,158.10929167912576,18.668108263571774,9,1
20.165663513708072,13.36745517090895,20.488127415071254,31.290739421364822,59.42418273085972,0.48501798752404124,8.442964468351766,205.79310613304682,32.9725536935988,6,0
44.463842853645026,11.429914778673105,87.78300781520409,27.109625376406576,60.3150120122947,0.08540303016272166,23.03363958274966,68.60710460962892,30.86443237889091,1,0
41.205720315428515,89.01779117888252,87.95818549515292,59.76682827027031,68.25324595377215,0.9724613900279022,15.354387168012435,175.92294030936114,37.497207691613156,5,1
41.87021504122962,44.22185069886899,87.05784250460069,86.60956336116915,57.53591731290986,0.5180104313760979,1.7579625135597077,95.65628256327528,11.2481541557773,7,1
43.13811040057837,40.74613177277453,23.87962113815393,94.67337289233956,42.906236930266594,0.6141862443190114,16.157260863970862,193.49379375793546,27.428782938932862,6,1
22.221339552022712,64.3717826154456,45.12393441809881,10.590580440375764,27.592269438054686,0.23660978270750732,27.20543119697343,209.35115306529588,26.333765342678422,0,0
30.753971856328178,27.460311029205133,98.49896561408751,15.482861259771985,76.8581330913202,0.4834980851068038,27.585618600998345,189.17731413821346,16.638201489270994,4,1
23.47607178575389,85.99689471601803,77.20124763099903,94.47362587830797,22.62724300031862,0.42914949195832186,17.827946058844436,234.5738776195769,21.872589385620643,1,0
45.89310277626781,72.90760115324417,2.716742122555982,73.65352283347926,69.23543061544142,0.07489584200198374,22.36513781263003,133.90231106022532,14.120196448757794,5,0
38.69894380482674,17.15288018498076,6.5204591260492055,88.29938248297731,23.333282264932663,0.10616035354746722,48.27589591173832,241.2766479082827,6.382997892764334,6,1
29.926940745579476,43.40646206279427,46.39313768123328,20.263263413534315,62.53301699544539,0.8374725196187746,18.86742386151558,158.19177042704843,9.621054479822977,6,1
21.90675050858071,80.32946460497317,90.92202058615601,58.758587110940184,74.70782671290289,0.23981995220659025,12.911340662999148,171.0461245806492,4.748114088054049,2,0
29.329469651469864,85.57856178331282,53.870179795271426,70.11395944174737,21.87138889065392,0.19495827149863054,12.173352203338005,212.02553181526784,30.738130883555584,6,0
29.75549966080241,47.39212089998958,49.781250803429025,68.01118854469726,5.994330086130828,0.5049114512501393,22.888230635206707,54.589595999805994,29.732732689911817,4,1
41.888185350141924,59.07291113685662,10.547369995663058,40.81516908666981,13.097374299417408,0.7687471313625129,37.9760074358472,213.49855535506208,42.77728672109428,7,1
39.12672414065639,23.36271568736602,65.6780104724294,1.5394891691308477,60.59969672710255,0.06194651857898792,10.29940920942366,204.64628726802883,32.835528614125856,7,0
46.616382277289794,89.29349009095813,82.21031606002255,58.29260568042631,84.94464062257356,0.5768079196382558,35.464806357038405,127.46177918831998,2.342062744025915,6,1
34.16644775485848,28.53373611067547,38.04200075075623,25.310153917960875,4.499682123542437,0.11921044284057336,1.0574911674708143,71.44857122487237,39.79103282680294,5,0
23.58782737814905,85.41854193081005,77.56118509253275,45.02542461428904,73.41512590416463,0.03646105082561846,20.9466488991973,72.73386247826028,38.82038233255766,1,0
41.39734361668985,61.97173191938948,96.44766539008116,95.75810150838173,34.13186459500521,0.05274395216221739,38.793253260139345,280.8059367463071,19.94941443477144,5,1
42.82355145850693,58.61894359030873,20.376645912768907,39.903531764243475,47.85283699195225,0.8341641082084413,16.936647788721572,222.3198303064593,26.36383727375647,8,1
36.83831592708489,51.015080881320685,52.33296311947413,83.98016066644267,92.88595498455656,0.11797248362806156,28.186855072269974,81.7756534426851,43.92352496126335,1,0
43.12901539863683,28.453584937420693,28.713795808457554,18.854060574925114,33.19715047358455,0.04515136441229195,10.24896164129554,139.18079232722658,23.95369637316748,0,0
34.81386789093172,24.12224256044066,79.28544190338394,67.24604980250288,46.5336933939486,0.4378998871429123,37.099769556308615,198.1207484753991,40.739482276924036,4,1
35.681984881459826,27.63889672561403,57.75933658811575,97.70069544389435,1.3682414760681105,0.8439934719420248,2.613955163437981,258.8929262726622,3.7367441014583895,5,1
32.82623055075649,24.915060971540363,63.45824175503038,10.189310087293679,8.159872000483837,0.26240837648930193,42.627132243775016,60.91523217825213,8.597334091890728,2,0
20.762573802322855,72.36675788534026,79.79141596158941,0.8319942227192012,25.859159113478402,0.4217126175259164,9.909819321083408,109.15828286750221,19.833972454859303,7,0
23.236742809799132,38.01002073333841,39.59704726624549,43.35827926326144,2.7852240821074403,0.03992253256375122,43.71990158541654,272.437247573845,26.314056375178712,6,0
20.942875570602027,14.62741412507171,91.50900684070432,9.26254830513672,63.1375326048251,0.4490785141348759,17.626462065025866,52.29138754595412,36.73025333382601,1,0
39.09231233791341,87.52821041126491,53.302886724614,74.83843496762313,42.63983568016225,0.5776130806371337,36.13417872372433,100.34977569847186,44.47179518144341,6,0
29.4306794322898,80.70287079707406,15.7954822835348,91.45486638485589,54.814520272802206,0.5709070537521448,15.961264889309422,289.7560439932415,17.49831734133524,0,0
35.25712073494108,84.22018265561704,69.58991181688025,43.402097270875885,17.464718589632955,0.33242669217436516,45.29558356173238,203.35046163054278,2.133703626303822,8,1
47.22699421778279,89.59262581171483,79.32613504382545,25.871164215544095,29.593202943661613,0.3155331806631355,6.331856275918718,115.41784165937662,36.052717648289615,6,0
27.47876687446625,23.91161993755898,31.67616770675267,43.44033190066098,66.38244748527251,0.10662361893659789,8.925989463629936,66.7477735989619,27.197132358726364,5,0
32.31148769106889,41.699361512212704,85.7179256998753,72.3447817850001,96.53027236303998,0.3667983206462684,24.651506257940113,57.04783511180554,8.934428649069075,1,0
42.66653415629146,70.6590780563273,90.61432547657664,0.9054161580370979,5.04167736022092,0.09949466887296465,4.096921951907307,111.18626990923181,22.267280547963907,2,0
26.863944964748676,65.68164944430337,27.690448737780894,58.945398948469716,89.03843208552661,0.7665959447120516,9.799009235088096,270.37145489722764,33.403961049017596,0,0
22.30939729486379,22.311672507188405,98.3521472715222,61.329168488737906,57.68812013112085,0.9662742977481859,47.188319110600716,153.97841357437738,34.66853041808897,9,1
28.69254358741304,75.26664999924942,14.071152804875842,63.76882468959355,56.39195667556237,0.9700744566667069,48.82448305739436,230.08334229149824,22.48282853994429,4,1
24.83663861762013,27.955245746932853,20.201566840248997,24.202207998087722,50.027853520776034,0.8650710993753938,18.812966466521097,279.5712588449894,13.73465385579866,8,1
47.890929570277194,27.905409185809845,18.422483923802613,71.40527233781268,6.9394085904183385,0.6007921493396191,46.164301050696785,152.01011540070414,43.81841619173221,5,1
44.24361138693251,52.957953831473084,89.39897100078704,9.13914863317764,8.987685173616066,0.7008656972438799,27.241233783671586,97.81934275934927,29.851317493042178,4,1
39.002112695312704,57.43519478733625,65.42925523249619,19.92703364668008,60.09120056590861,0.28520580268041407,13.487123293688352,179.27948271422986,18.37068837058344,2,0
46.143817705631534,56.40689662702489,15.210428322227287,87.74700466544819,34.09585714355583,0.6307704201726206,35.119936054029935,277.02092176496365,12.620845089209359,4,1
44.110162306973436,17.31894699182039,44.032341836834895,73.87231507265663,91.72680665776807,0.45564954943987745,32.94509032874286,251.09360353442514,32.8996342351603,7,1
25.597101766581076,80.19686901043043,61.529802506980204,1.3745554011345251,40.659053735947225,0.4820173397769325,49.45626595543667,66.45746084078844,10.898255051719547,1,0
46.77676995469933,31.248003407096483,8.34640849893833,24.83762603698002,14.328145870264109,0.757776560375158,13.252364370464164,223.14320001939547,7.726949503815968,4,1
36.180267257469524,20.361193702624334,88.24163684073388,21.440648299316457,71.4718833502036,0.28191835559725165,33.60297513308677,192.97438061473844,23.84252500329316,5,1
44.22320465492187,81.09984638951818,80.36035354415351,27.080632803697256,29.335342144100984,0.3180396116945199,2.6011877514723447,276.86579408660634,13.049432668986384,9,1
46.8827389977048,86.45211985838027,50.52067735766382,24.755977027988642,52.54703073558932,0.9246417911286366,5.68230193483597,80.62035421257431,28.30073152156268,7,1
29.540104249155917,78.97020938123605,96.71266152591704,6.252629574284574,69.783278550517,0.056224294850972245,0.1959187475546631,183.50902830116416,5.307240369340507,7,0
23.301557735830304,74.76128597799024,41.77609792750997,45.894051659682034,90.02641112020704,0.4856342984133404,49.97303405298366,269.86567337797305,29.47234970552947,4,0
26.83805487625825,62.41935845112174,98.41103190364979,73.27334747861651,79.2191194801676,0.9128008004078617,40.11368485737389,152.50594668543573,12.7483437598966,8,1
32.81323365878769,54.06858964873115,66.79199988036271,60.67317247174364,67.63610678727241,0.610363007818157,39.33615073667704,170.49872943321677,0.01093204955307292,3,1
44.54044297767479,16.958940792912813,63.467127325394145,67.28716685980798,67.96331823951436,0.5464070742121321,25.486303764408984,67.61516941673958,5.712122595337937,8,1
45.82191749769031,42.676257045655895,16.5954895295785,8.114917853623915,94.59246440320865,0.2497441792293552,15.003354145271997,119.53591011222771,42.012692002579236,6,0
20.20856391593572,39.81508136098512,88.1927758304644,95.14907101767872,29.582409749653603,0.34327548906444827,7.563214223133796,131.12666229223683,39.030958760191105,5,1
35.32241907732697,30.7803027008261,42.74896879206152,83.84918338430248,0.11120941961874076,0.8520484158046929,14.233736942323183,286.28061218622173,10.512406441630658,3,1
32.52233009446337,67.87360909508679,16.223340578247935,80.50903184956627,27.19545593981987,0.5592181317684581,18.798561096456957,120.66684013528976,35.02673570454711,1,0
26.663234314121908,49.67005880630167,1.260751997575904,82.29838050417675,21.7891379626744,0.5147421937567799,37.8155048490147,165.217183817413,27.38572169282884,7,0
23.595961020010485,16.483697272611835,55.975568363838256,93.27105081327613,66.18345851139982,0.09957971354002892,26.98308944515762,217.82610589106994,43.690712015244124,5,0
30.12845514210884,27.614656155984907,52.739962212267635,54.42539661136977,63.3711599765529,0.01602815645512312,3.874181327774134,90.54584310196935,16.81225467903266,2,0
48.287291117375574,64.66070109276768,71.93536223691585,20.02820178676259,59.34613827047238,0.9636851886870491,0.901450447945612,171.6105967854686,30.665727563272707,6,1
29.696087960622656,16.090468759224017,89.02580530178021,61.678360785254114,1.62434432094537,0.37698616728684164,5.116608976703158,234.6347598689769,2.8591075090763365,9,1
35.563718652300985,78.0965531239015,7.9406584643029525,74.2881493667939,72.87780544506475,0.6032130620995043,20.524935684868968,266.7138032567665,17.831130606738267,6,0
41.090568766855334,49.611722161117946,73.14964903403623,73.79173933540254,32.353041248549154,0.07971507318728499,46.659645852450915,206.56481866560668,43.37179475346812,5,0
30.90888807137882,48.44692618613184,18.741194409758222,52.14490241668801,66.50559890066312,0.6831142857230466,31.87012406046108,217.26337882923698,24.254139350255425,1,0
49.15346248162882,57.392622772761406,85.8177053157164,6.845871933357806,55.65784285021533,0.9325667087059609,40.091294993775755,81.57086814614223,12.954577650068005,7,1
48.87341884826334,75.97447727401193,81.90635138616561,37.11129384301278,34.27309254279072,0.5756652529974197,23.318729725227428,286.4441243115868,5.412193340787309,0,1
27.553468874760924,37.824736632175444,54.07937549855444,92.07666084633573,13.457626710410775,0.12611532237541057,18.08330415975214,83.14351937112059,31.65877530816887,0,0
34.91745517677156,64.24129220472508,71.02427986233116,58.4448909757426,9.441889766048096,0.5817215274734767,5.420018635831136,243.66823429544957,29.018521954337707,5,1
29.026349294503092,55.25855711966329,31.43501131837484,53.83319432557134,83.15183331122236,0.7663472131046524,43.79665110931025,116.2040804445797,16.82724211216986,4,0
28.545214831324028,31.362261613553706,47.116789893281464,26.885351438219352,91.8397542081558,0.40641653657401866,39.158001451395144,283.3982859253129,42.79236083396254,8,0
21.106608420635983,80.29039890841264,82.16368977104716,36.84489199165789,64.97880467642996,0.8798377479414679,8.405904879886256,229.9898848423699,0.9991265844532643,6,1
38.286930019396905,73.79408172855425,45.92651971732139,89.53460891531692,10.343411486048337,0.6486829533573645,25.613028193813026,238.45342824459223,13.667573323432162,1,1
35.08037069686584,62.67614677267404,35.77982653254418,66.64630475268358,40.20272168882407,0.8992489182892025,24.368740396062243,104.76479326497082,41.448126883481166,6,1
21.54436253749968,78.04653832753935,49.421244725029986,78.73870267523328,72.89392001051573,0.6235053112473372,31.25457763432643,160.75999415879022,14.442094724374817,2,0
28.359393927098346,79.3835360767842,82.82492524372184,45.434542306765515,77.9820884010068,0.13128797200482423,47.30934469956306,204.4532986473216,11.351377523482668,0,0
47.24797657899961,66.66903813720279,33.520804737087275,63.024721945615795,11.82186222910886,0.3096917111051891,28.98857208812398,242.49340455165023,24.03991844690613,7,1
27.186856720009175,76.96106626909376,17.37615931357438,24.838360874320752,0.003071884538241587,0.20179494825245692,27.01086333893093,75.9898439780974,37.071078746424206,2,0
24.346846162736693,65.79771693354269,71.20140203307808,70.54608302834863,71.2137045880605,0.9088264977168623,2.516146646733197,290.5913291136321,4.641604239526248,7,1
34.68358280832689,64.41126174082403,82.59782127080818,42.76013337033373,35.659617598620564,0.7604000672874827,3.1453738009011967,272.555167638639,42.435931934058125,6,1
49.56951362331802,59.48891025721474,10.063747852353334,44.25455148147456,25.448133161826025,0.676398368910006,9.367339566339444,117.58714762389609,35.77827965315238,1,0
27.261658145345013,70.2173311646113,23.98741127559447,64.93223245768817,1.289746978952544,0.3009663196316217,1.623538584587414,255.690060758083,8.156261499819838,0,0
40.16406642217636,22.688408423445896,14.19719897609939,93.62806214689266,54.02994067614997,0.18404477205021352,37.167644778500616,179.58098075995585,32.04035825391732,6,0
42.84858845986153,80.46966073591427,34.79414115821666,6.400634660862092,85.11507354259817,0.7564510879889118,36.16651519969815,165.45162039050467,17.323142518690073,0,0
27.12912631977199,79.74748221961856,45.035097890541266,82.47432373470076,95.76316462725879,0.47415794587907967,6.802811721582147,128.60852645285135,18.103260513434343,5,0
41.84649045835579,12.339782642764732,74.88263369633064,29.238311041219312,56.574495061328925,0.22578955215062912,41.803945039764045,195.2421466578981,35.24805415974899,9,1
31.033493981577596,76.06534004518102,65.11475848816741,44.391945450637785,51.44613277398942,0.6166219781652751,7.7393017423055985,232.47227942589944,43.32531635913295,9,1
38.96917491780738,20.309589397875616,62.092856747843115,2.1913328775008956,8.50563854892411,0.040333852138451975,15.05877934986794,152.73322624068956,5.6995142781237265,7,1
39.00589132282684,36.809508340731355,35.23749466096544,30.1046077834313,54.887280154259976,0.3261702541282535,12.44884495806825,207.30479825207303,18.928360659546872,6,0
36.073240522242756,69.48066050332862,84.144755308476,50.26312426301305,37.99790789653946,0.46855699459113465,18.61535492865239,224.82823028882595,21.64237236379366,3,1
22.70869310163225,22.860791683864655,47.128716739816454,5.617607734743901,60.71352808835769,0.14795833410940584,12.733188294498094,227.78045425382146,16.934031762974893,0,0
45.05907486767714,75.43736192952497,97.91049380151546,49.10957293831652,38.87263478765467,0.9846544775908396,24.4475463219226,62.99152453279506,16.343510567230126,0,1
29.623401949152075,76.57073423661936,63.41421382957368,92.71106288584274,24.029912345036674,0.20909736458961425,20.37039406773427,264.9369514212667,2.352090040271844,3,0
25.595555311995625,50.597418700866896,12.626474156450273,10.539321810780521,9.49652752283765,0.13035313004326554,49.328474538966326,164.56332869126197,30.849237925318047,4,0
21.223254246642917,10.510869737346686,67.6177562075434,76.44407280755044,31.491844458889574,0.2035348738868964,2.7963175064112833,115.60402042405362,19.629648770402042,6,1
37.72678829564725,32.96305065399302,32.5104015431699,40.967105337599264,9.664483428775227,0.7690611331597242,7.109068819367581,110.4411268699204,8.765721118976705,3,1
40.32693085526847,59.35415347005937,68.63271966860974,65.5173714524338,17.689695082398394,0.4255056592718428,2.6412946954301244,170.7535282109876,36.721507603593075,9,1
20.497634867835686,88.49489424219388,6.964114816240574,26.023659798522935,98.73361585795459,0.565415939752538,31.29205974911879,271.70788486723984,36.11523366682326,0,0
35.36279174897843,60.54508216133347,17.48814371759594,15.949226254135828,44.41035569066186,0.021009156986360744,2.725463870685979,144.58689542066173,21.887623264000222,9,0
26.79487325593814,30.78428648513278,85.57372589057863,16.046261427122644,53.187176650501655,0.034431308573314556,41.821986868806164,237.43143669588582,13.430279751649223,6,0
39.35518371228349,60.72045624796891,22.71795570235149,7.049194564314465,87.36185287372153,0.44582554982701617,25.59693153409639,74.20468274680465,28.714172660840358,1,0
25.23099287014974,53.198830377268436,83.704112524294,18.564670490124303,99.55689004906878,0.8166552432016235,26.350381229076685,169.01417553776542,12.966846109983138,1,0
40.72813214307398,72.3876316120915,27.927608845441043,66.42193849889682,58.27144493446815,0.8852388787075652,28.07972538560971,297.9215350981839,10.620356864567041,7,1
31.602060389016124,18.558451106156674,64.28819100587077,88.16906118435081,81.24738210441717,0.08670656759564022,8.540685315310537,242.60945069808423,32.873159431184696,9,1
48.101899662102035,70.88223220016224,69.4150573509831,81.41256855911618,32.694102433667524,0.5383631021010228,9.884515155724378,102.63212211015326,1.8146357874427816,9,1
24.125628324379797,53.301326294088824,51.265475314505295,68.51343098744842,30.57439574472911,0.9132296862792705,15.940866143650235,175.36036842447766,4.264581196556728,9,1
30.231990531507755,87.03936030871957,30.531067669673128,11.043186341110268,40.27037209945602,0.38797275439788637,29.67482079109257,108.40619091214164,0.30546783106153996,4,0
23.40420563721767,37.34977328309489,21.264437637109612,28.918744629594983,67.25072626736491,0.8295658314283686,10.505888797010726,152.39023181562732,6.882443391394177,9,1
47.74080854835688,60.60975145071585,3.318935456242622,30.980687532246897,68.21916892550988,0.1336956543994362,5.816586356663062,245.02100593374118,3.1045503919706756,1,0
46.32018060142943,84.5622484408014,30.39464012407238,24.99569463976212,31.52394346494508,0.9353944896677987,48.50584432092161,242.8062038226009,44.81110655009633,4,1
27.73824883145467,18.20077823925434,65.3162790531283,51.50056597097231,13.320992413662868,0.7514233175313026,1.0990907404811456,107.02509447559629,12.99644864793403,7,1
39.79952138102537,84.9782789789161,93.83048184484826,53.55538148796726,63.239625646550856,0.9413343927869017,40.13487026680108,280.55582953871505,6.717060570116128,5,1
44.51666600603647,65.03085778406506,87.1204482263052,35.68859751711102,12.832586218876452,0.6766172335525065,39.4017574787511,198.1420456912067,10.844831609816307,2,1
36.65602434798387,15.426964728413752,76.60647765353026,35.3789158736436,57.84925082293301,0.363403931999427,14.8607056922548,144.98107274050363,42.12565071930606,7,1
35.889517350680194,34.0770853557453,78.84473432532987,82.85555979060814,69.3422128056309,0.9381811725247224,6.78133080036567,175.48389519521515,23.407210036097805,8,1
27.25556872701355,66.65376709162253,66.49849034759953,78.92928483196856,70.06114963944516,0.2755667763091785,7.2814323352711705,201.26781335943593,16.41681433385356,4,0
22.793083034176977,15.388048117501736,26.0286857566003,30.779583168074566,75.34721106595967,0.33217252206173253,34.87158086185963,189.97263296144635,39.30261560591487,1,0
46.91647273859981,56.57363681410186,90.71950307058299,91.37884438732593,87.28594215656645,0.7008084180017403,32.140329554308686,171.60125888404457,17.77456217470646,1,1
47.01254171489991,37.67064455623654,67.0732311905834,95.2815017002506,49.995899196478845,0.7653162995253863,39.137283712569335,176.23320102235004,15.07538564809631,6,1
38.99304371819804,59.67324142139817,56.04406309804399,32.67425420300408,73.02491895295712,0.9294034838491538,46.874058619955235,94.10297760697154,9.3277135147381,0,1
30.17089373146102,13.659362705001028,11.098946921348107,35.442494879305485,61.91727353658367,0.2048024090562095,34.5963681633296,253.18322607616983,17.000857075923516,9,0
30.476287238379825,79.7229444921901,44.70555438064254,50.56341534219588,18.663993979768257,0.797998035219224,7.792576827572173,185.44007998525385,14.25079602076167,1,1
41.77867036610718,87.87911753419175,46.03582712019263,94.11208125336735,2.568964486940817,0.7385460533969634,12.172130838270533,82.76996542617577,30.478678168416344,9,1
46.913307798577314,87.51022842285532,86.45636095226699,87.63194331423115,28.454138567693377,0.06379455625359787,42.10968654365573,241.5392753956945,13.03122171018272,3,0
46.61259272795352,69.97214653943398,54.66482201877885,10.25679625835898,44.30337063376194,0.38722314121020696,10.46530379171043,283.11099459433774,25.973988589015264,0,0
43.396266375728715,20.406899210450558,38.04005489704097,39.27307432714162,61.71059444286563,0.2827654570600986,3.626115847724071,286.82672480924055,2.965147426438772,3,1
39.26094938462863,70.6610556743218,97.68003285106593,55.33711897497719,84.99593305032053,0.3044904243540304,35.164002702112526,142.2544331027932,8.608012051343147,9,1
22.524198949851467,11.96695331670412,11.072059332631568,50.313247255154,19.624571670616564,0.9829468795547008,20.1263177745071,83.87921839018851,18.333237222510693,4,1
24.84886142283841,11.76988412231978,42.25484283119446,19.38630679368927,12.55497898984771,0.6427774134799279,46.00200262729518,179.5999066582663,42.1627164258913,8,1
46.956625655812374,35.8888175319633,4.202467517140529,85.88167711681547,96.34799474743275,0.7176761577934996,32.51275355468308,78.15230733730517,16.976339357206292,0,0
38.1928717897877,49.091455232373264,73.99041207669303,67.69407829968374,10.80445593764071,0.9766176373150092,4.520948889583037,283.4968546281543,29.883335453992537,4,1
20.27591154849889,71.63259342462345,91.80765521991506,83.79083748518036,47.84910701071892,0.3772017824576387,47.392828362683034,95.8949068387865,11.478925008962916,1,0
23.044146285980965,64.66363012852042,28.003732955048942,85.87642793494722,58.55637287933019,0.8018401684528059,12.927863182012295,113.19146498779102,5.716510918795428,8,1
39.905053073241675,45.67221651013987,85.83416767991208,74.83558536657398,54.137442090743825,0.43453096330449537,16.86062452031429,151.6591317212426,2.634147003602256,5,1
20.15184751538656,31.890133302533272,29.221823046189776,43.92106012497173,8.603215703294321,0.8695336718149798,20.1130206841771,145.79111713978145,13.743607434423811,1,1
24.82424154252496,89.76996001261689,91.07701616439152,61.054675501542455,5.702691400361937,0.18065754131130318,2.5612148202156626,248.66572309947225,7.094746205860859,2,0
36.462013680997586,44.094504178877834,75.3961903596784,16.036540611974313,10.548342746103568,0.9476861770642796,24.825771111530244,164.0792051377406,7.830470160725589,7,1
40.7568559307808,46.11096194637404,80.49067768414386,67.36454174749078,58.55876838726125,0.21877170841087967,6.165924553764612,92.69206500083422,34.23416887741275,0,0
39.55883778507801,23.089905695333535,1.80065556004545,17.925325573928074,54.43448876343211,0.3262205069809315,20.048516334417588,116.80247387151853,0.7127131925193397,2,0
26.728079283816793,73.58476389999436,96.2810357074026,69.39495905101568,23.374079203674427,0.7561922341067805,17.535489399604216,177.2783462968805,25.10145565809455,9,1
41.36537664042608,65.49457806251908,72.66709920703232,22.959816075396866,63.777414184559156,0.3937551415654067,38.64200417132517,86.86347935653373,17.075762126705914,0,0
27.117472624904003,27.66156902310083,30.47510953861333,11.755130015021997,82.00675020556494,0.6082113767664467,40.15852558163655,202.91391891150352,22.794749995884626,7,0
29.76199094477803,16.590483649267416,82.9394664858847,16.52844901429574,4.157895984659376,0.4445735010694285,7.6706441194544,191.43682663778648,25.32736067465713,0,1
42.394742153540726,64.43994416597704,28.152119841492997,0.1992135219070268,49.81299435480424,0.7423699370897818,18.32755936896131,228.67557909556442,14.101546250577519,4,0
39.48898697141644,62.36089714249082,87.2753839566128,71.87396178535302,68.93104121026903,0.22833125236861085,18.667658051591584,284.4261538448419,13.279898708292837,3,1
45.47670231482534,31.860762159856748,11.258039041193701,73.24010490583791,25.23119270696871,0.05845798723687701,7.570522196804252,278.0636402752889,33.00308322007076,6,0
39.7283867690103,86.06908498003283,70.36859774607957,51.493334991325945,30.77709052931491,0.29992939747306624,39.92267525255953,286.51890451720783,39.20746446545207,4,0
37.04925810006415,22.08463134247202,54.069847664491036,16.13628010553837,61.36379029893838,0.47430866486843026,35.36141641677116,111.17889925592523,8.666173460633754,7,1
22.810243034842774,44.586784083408155,9.653447019544082,8.355433751068976,89.7935293443737,0.16802005219267857,9.519089314851737,82.89132665983865,4.392844224081703,0,0
31.031474091783004,85.4892736134079,24.189382825883897,1.912896643728701,80.99244203028994,0.3547972896563887,18.33609542968995,125.56917512411212,40.40081128764117,4,0
27.956071030451763,43.57818535408978,1.240403627731479,16.57481769652207,58.31302190995835,0.3999830182935685,5.290251242825711,273.77129319157865,15.74529586413294,3,0
27.319689301372506,61.08207581312684,46.876796546450585,89.08555349831467,73.02217177572491,0.05739184368827355,31.410329854652197,293.01336865587206,24.809282579826636,2,0
49.190316642573364,41.80755183702354,30.126526076000037,24.153684170168177,36.482247020779866,0.5833072481842045,6.068596227430984,264.831237767619,16.179441503400156,4,1
31.792931740002814,31.937216187893604,59.83574842977588,35.42713272172156,64.09655280987577,0.8843434279712875,49.29670843124589,77.5044302818859,5.661105135572309,9,1
46.7613966553134,88.71821183678625,29.72378077086172,10.534548448133318,46.6181591127557,0.15174291295305242,39.03410373439311,286.85699951494826,26.51992402264776,2,0
38.93415877991789,42.74672050520344,29.99191115069847,22.236130474817028,18.993613645756092,0.597808013401514,19.511927479199752,155.8395068376965,23.631338329633333,7,1
43.84433910624945,81.52793629433076,74.31931987316034,51.922457078020514,70.17382738772572,0.6647392049108463,28.92819661396772,52.32757269058842,9.134710163603875,2,0
35.079112793155765,28.396368471286895,4.814283597835345,60.775268309565256,55.646463734882204,0.41933468041928834,45.56709081082044,160.59843518704838,20.334107009352504,0,0
37.30711653879077,27.048376322006664,90.28949951919873,24.535231416621105,35.86215819535914,0.70109758736427,27.704964019791305,61.5172924188669,35.86263768070406,8,1
34.77553081456592,12.490726630760909,85.22638743911814,5.773215922511721,91.13391900786307,0.41073154349101204,8.72492431989776,185.9694802902794,26.56917463985511,8,1
25.857289633941335,62.133346030070804,66.78046832264066,39.10328691273987,2.0934117826733267,0.5046372879774349,18.935167779057966,134.63850685926283,4.361279718014768,5,1
41.67356345784516,39.48210749790089,59.32215701073843,23.420337092633414,31.5773151249496,0.00735304455442698,42.15724325148727,168.3587333985122,24.660967375311078,9,0
28.423170873225672,79.14865998717096,89.23024981396523,21.955392322980195,5.688139777764656,0.6917201141346888,32.210650799480895,203.29259018577926,31.62322346803141,0,0
20.729478992943616,47.85679253532457,18.533017952871443,95.98628027134552,76.65273162216272,0.6613426789447244,32.536219216690014,267.20027395445504,35.67165326013381,7,1
39.364168877215036,87.45547423317774,7.896916219082861,61.63004859257241,70.21074541137926,0.03840087732634456,43.34107428442446,215.47539411798215,28.310291038542005,1,0
25.31332038221147,24.842041256249694,23.95101699095381,55.68784431720959,33.13522187363171,0.3682501073951331,44.69865287312523,158.51221711954517,6.869617404335268,8,1
48.21375753058743,79.48985343644887,79.45782787001903,41.57751035233219,67.5662902207073,0.9790318407916674,45.98962858897181,254.85696341759126,31.95779699655723,7,1
48.617857310077625,72.12774822333934,3.4670266726483323,42.89443334301443,39.593722619594985,0.4207365625686168,4.742459662657805,276.395534393283,30.480383073668236,2,0
47.44593170661346,71.67374757152416,58.280683508348964,54.090500383808084,75.62537914224343,0.5019454051318417,27.206300098155044,79.9399916080493,1.0992097323284948,4,0
31.10476100766333,77.58265824935101,99.54375161913099,69.64298070361072,45.41836627367061,0.9099301581597186,37.02547606091593,182.98324438819787,18.528645041560942,8,1
20.463698495866023,70.88191927543991,85.56960938375394,70.21460961818295,41.22797278316656,0.7172618758657564,37.84634225635069,121.12798993561104,14.982761113306799,0,1
47.84955687763176,60.09762573051323,52.14456890435895,17.169390770544958,93.4729915488301,0.5820701311242236,30.335810098500193,61.76529946923685,30.123542891413955,8,0
32.84552444951943,20.499590214591006,6.364090928664234,50.0112752076627,25.087909989070024,0.7978046813410725,8.339366759183708,217.13667377849634,9.726111553991432,3,1
48.999644571310085,12.602094359300153,83.13735143857099,41.195809503410196,12.044733999656543,0.8643662664559733,39.871027697083214,265.69269436480636,26.589236533841632,3,1
48.90859931267758,83.66782782525495,59.89785081772106,87.05269662693841,58.45431132594582,0.45688807173726687,36.00556667574729,90.72566361934851,41.09426828163775,3,0
45.5902836640208,59.33202516165905,11.493299705956684,63.14189212183764,96.93218122841789,0.4751083649318354,4.306788577451814,253.10341440597512,35.901106749387345,9,0
28.83346676208757,73.7229832780941,9.38572848233562,53.25040664159818,37.783921372718666,0.3860509356518358,23.190491233718813,263.3489333842354,41.46559812974387,8,0
31.552931858057757,48.52178812100401,90.96268194365923,11.539464217891737,6.203676362878152,0.9667061400184606,8.69886997609018,278.58511066662084,44.03276851197105,5,1
45.534100145505704,19.38465511699156,66.92002629380784,60.56378893234115,33.93052673095674,0.6971662542903504,16.873852285648596,116.32127227151311,0.4801557152773245,7,1
29.50766015468833,20.014863376204033,82.92867993167555,11.720390568023342,50.593165431955846,0.0832230662080723,0.9040546102842717,275.9882662974723,28.02335743698649,3,0
25.084782400582775,64.84522297831771,87.89789002822673,33.720657556575205,16.19230066322137,0.8629596233130185,20.016493420537913,130.16568868410806,18.57777289915079,2,1
36.70403787375051,44.424471591957015,57.17723520483222,14.284196481433186,65.8102218056492,0.4805599408362681,27.493846057810522,188.0845033638757,38.69345206508048,0,0
48.08464322482343,26.041978136026938,51.74463517550413,69.20736470243689,99.77493890102006,0.06875390642248747,30.97912964135434,62.626867708070534,11.331661590410926,9,0
40.88089390024919,49.327563739314954,43.042741032099016,20.62521138361526,45.17394759814438,0.549717255163311,33.17451725643551,60.9702720921859,44.146327010178425,6,0
37.10183510268095,15.136714966010727,31.69465877911193,39.1859373188026,35.472855673021265,0.4171642789757021,41.814565655123,230.09330318305072,27.616858629468627,3,1
22.915294813123054,56.557712153151904,43.459596085871176,89.56747776187787,40.070416683446666,0.8777494048626249,10.773145363786501,161.11999449444778,35.709183100297395,7,1
38.45021680097509,31.519472354807814,77.38796557301563,20.431638339897027,11.514617839520113,0.20399460360938737,6.024091121923397,114.07309384230439,3.8519798770245743,2,1
49.7016155031279,73.80472805097506,60.19234310151316,50.780506395877914,88.32736014262238,0.8264646094921829,42.57685859489628,97.60337400622754,8.255604814148928,0,0
24.202520457095723,34.8289567138859,89.2523289954846,41.9271661166022,41.4825655521352,0.5576886911854527,7.830640744632494,217.4883727148045,34.128165286539144,4,1
35.5498895709121,46.4176119265441,44.33800143791877,1.8124041045729733,38.72744114248413,0.05461030321346905,48.738004066809765,50.100386006334965,0.9893934917695624,1,0
46.32119215783867,10.92964319264805,60.7089578718754,79.27581135728128,65.96902729304743,0.9718453013254846,42.12691146993185,251.47279229921355,36.759509365220225,2,1
42.22305853262613,15.79575102356471,63.130755309198875,6.904590631459973,44.203342093112354,0.5126152441031999,25.043830294479957,69.8124015324822,0.6277058411360154,5,1
40.910472229858044,41.399484512534784,59.16971623063255,47.42550209769536,64.8233468807846,0.2908768542315825,49.07107124610126,97.87240372702986,29.5703477577573,2,0
41.07452251961328,48.39510677736988,70.26337730855164,56.06782949389499,6.144629013078751,0.4694068419892581,4.868836455400211,146.5590988247724,16.429226410431266,2,1
30.784734536592655,58.001643849544294,23.74334683748063,62.842645661458704,81.37233437222274,0.857857783517489,15.153288058755082,171.2146849290259,27.51726837236396,5,1
28.8077553279348,33.33300629674426,51.23637775457907,68.86316293078755,94.05039528794026,0.3049031243850635,31.911220752030573,138.74877895348544,31.321413314510117,4,0
44.28083466435541,65.5985508901234,10.422480280834767,25.327238352271507,64.8765386159386,0.19267639648670032,17.500343423658936,130.17804124607346,15.411384863383688,9,0
44.30340184037542,78.80979177513636,38.45113276448126,0.9978776658449373,95.45659288588108,0.12907124693088146,46.41862759903959,290.97900301829713,4.8583101649876,8,0
46.01216955740311,72.38807911146799,48.76670686212644,72.3443662354912,15.143231436996329,0.29785939839021125,3.281304408890878,210.39492031084856,3.134064048671954,0,0
47.397216576694134,13.169506027868572,65.22242595454725,53.56565993475786,47.74161894803537,0.7800480870400435,27.470591603048227,55.858238841847054,26.502121015314653,2,1
35.34027196582814,48.44055578062631,95.05310525862035,83.61177032072487,60.180673394544726,0.4716263651952617,29.543313369755726,157.54397711107828,23.429490918035018,2,1
35.04548884061599,18.39441427345399,60.06510665483559,82.13883629006943,58.17366474211867,0.22748160369353998,32.63640618886121,268.75217493599257,33.39904541045097,5,1
43.948855369003255,29.363601269002196,74.35939161765597,84.33261677878832,40.14617790890432,0.1661849996097492,12.783311166590721,125.36404660266699,22.93809795017717,7,1
39.498917923332954,88.93300746137172,50.626605949520275,48.50946599795402,33.80844093662614,0.3327294765103791,18.22832137599322,73.63908619359705,19.01006055138956,2,0
41.059006317731104,21.39964343212106,63.41040313763313,33.362839583686565,12.68240225504188,0.9399243728857088,42.184026483248886,239.59619289747945,17.91392302063039,2,1
43.873780083083034,49.911052276108485,7.093221613377343,79.155820259137,39.17424505622782,0.3430267125900244,9.747138448507991,201.50345798402032,1.190110616895036,5,1
46.70016025452699,59.452458745449526,25.439158084184697,45.12941130292549,16.266081510548513,0.9881240759546354,41.343392358668105,192.57812695662597,15.100074076349571,7,1
30.139854705546075,66.19719764352831,36.185309320513866,18.34421964034345,73.43656764922184,0.4852304557653562,28.13277114513712,63.39413990185198,43.92090708860224,5,0
31.26748857919832,54.77189467895313,47.249335500651355,85.49740195614743,20.883093549458998,0.17916391829015088,38.109375559704105,85.12475244887933,39.310000930219,9,0
22.81945819522607,10.781667793534693,4.564874550238374,88.25598767723473,5.856530528453385,0.8911400917935094,35.680368313173574,205.63734905327846,14.822013016539795,2,1
37.34840422988522,36.11690465951935,14.002409755331769,46.63097561401701,55.236613781723435,0.4603553731348269,10.37557476924395,101.95596036470894,26.450793227986747,3,0
21.078268213902263,51.416931470776916,27.68143077913058,7.569972730978747,59.52297327194016,0.7096713435045244,28.440636821693644,176.0175199371061,38.12835354909723,0,0
33.9679405439738,17.02931993158667,97.15326909010507,38.782608991693124,87.19130612805056,0.9837115832091518,43.386157640254616,186.22042150734836,19.85734515375309,7,1
36.2793390412273,38.050154496734464,33.134700710305076,80.35376594626034,57.69816124176819,0.050175350319974,21.605811840096468,120.87679756773485,0.8081038687567932,3,0
28.596237563848533,12.656248703309325,48.20410581120825,90.17740285462287,34.54808537234457,0.09669455978756714,48.329538511165836,287.1062888853732,3.3529707818388035,5,1
37.724997817070324,16.28627977240166,19.609771273839293,20.347274249759582,80.30118815263205,0.7204567414627562,22.610755005085903,260.6160267088938,22.967672460691798,2,1
20.915007498171484,41.75386209612768,61.07800710757682,6.697361202527152,54.027889318742105,0.281825003295472,7.139281833394234,230.59337690819962,43.624771905414526,5,0
21.12044566247643,20.617260323444828,28.068321551597432,87.73504531328386,7.928028463119174,0.18430139695009906,19.47173400388366,69.49846660235227,31.19442939984905,8,0
44.67801681978975,55.40326786092465,20.699257843842677,38.94049389788753,56.58505603132467,0.039361879819729495,47.58512031952686,76.53250482725485,3.191228614735629,8,0
30.805719242337886,65.15719753098125,51.65726284459791,54.176096426756324,90.80185454216624,0.021846711986201806,15.98604246699271,173.19533646623893,8.521239410633825,9,0
23.811815379556542,74.04693592872663,0.5505799160420821,96.80658120507589,39.631262549822054,0.7744856031197909,43.40490799335314,90.17833729774642,34.70954144475825,2,0
35.66729780164413,26.012019539584806,0.7664032649225327,6.656472791422285,29.632580189980008,0.13443342736955,44.06253408409449,294.56636588236853,37.86478919803101,2,0
43.09980659295832,23.39860658072558,21.906880910185777,64.83180074520956,14.346945701802005,0.4677206159711509,17.509326216598055,89.63005850685236,27.79625637848659,3,1
26.474630824905297,18.36542722675202,3.672136250082114,7.410542257486707,15.144552193535732,0.605896815179483,4.1628829025316065,171.8669588659935,28.999042633341748,6,1
38.68671427457001,60.914419963490936,10.802575413069137,37.54689284665004,43.27714843418189,0.42835180056884625,36.22789545794091,141.03026421037634,1.275185267252309,2,0
22.56042394981304,66.5180581189521,33.88606493387516,80.38145451934467,59.56798241615295,0.027106652336233106,15.5756149506993,209.8466053635245,37.283861681167885,9,0
21.55045163505823,12.526891586051363,80.25856795798128,43.34722327556344,8.061540516960175,0.7835015025879088,39.14618071287862,82.25910222235623,35.47238436768733,7,1
35.94063894704444,84.89697969949519,57.204864336930086,99.71823539029504,93.95685890251657,0.010513224541653488,22.132742413021656,157.57910701059774,11.656581484650623,7,0
36.219053648303195,14.157702692117793,51.26677259564164,55.905928494660216,75.51336174451959,0.761889894377484,24.26333711713108,118.67625820178591,31.890452398447813,5,1
39.1228970449462,53.30370682408564,29.348882320812166,32.11621526359535,58.66239182836627,0.8933044937881227,38.89547033742684,271.937881167922,9.668457289124914,3,1
41.78274001167985,66.72484155607332,93.17537194328163,22.011132590475313,82.84386709389908,0.4328399210571723,19.118166553081394,60.14642803367377,1.8148572473180846,4,0
49.275562383876036,79.67752989968685,39.70150412371917,35.05205342861618,8.01867568121133,0.5355424730977982,22.156367266145725,278.4318735016148,9.051144416566977,1,1
35.48901044903586,67.12695457059422,8.70927667957715,37.25332737595508,47.68388777331244,0.47698339261765377,18.809523438481108,258.24853463825013,8.038299453943477,5,0
29.688694188237378,74.13824664558335,61.70665161178013,6.8713677723960975,63.00931268616634,0.3892086186234388,18.367025763864,124.39267911020386,15.198659853068126,2,0
43.85558584306111,37.15601540342448,11.38383934766014,36.95741994267732,82.86529061182893,0.8874245353703603,26.297328845072972,247.32266366927618,18.830227372895614,5,1
28.124967537862226,75.18600909972098,34.52231428016921,46.423851973922496,78.34695600492677,0.8939335106699905,40.43997222505754,57.80339008468689,22.884250117396856,4,0
33.16914262116909,16.409187710774013,50.74119387178089,72.27377522388046,27.706924971339962,0.3358163646415345,18.088415596128293,291.7163875733484,21.45392439787477,1,1
22.35369144026798,81.58533248484221,87.42225246851758,65.6729484721608,94.08801695592042,0.615069754014698,26.212736026886834,181.64873564744732,12.180357268438021,4,0
20.760522302463727,53.8073900922989,49.35465803401187,70.87656552291543,12.434584143087035,0.9269075621458641,33.53636627213004,125.82025651636131,1.312680085833351,4,1
48.87945244033775,75.3838215969995,70.22587660316643,0.8363681876857099,87.51336186211522,0.9620584989413515,13.47197231518275,140.64580314866927,27.22957300067178,8,1
45.079403615366175,46.18546276146401,99.28168389990704,21.766739958053606,97.09402496046185,0.5089590404220475,13.876140245119629,66.60133836512435,17.808517343130948,7,1
40.87922618281094,61.486215615721996,13.148911989798162,66.16842883998565,17.715352322262557,0.4528248052843268,46.67065635117274,297.3373785105098,13.440247082439736,6,1
32.268588332428095,52.11221287488905,27.47315255195195,48.398936817974715,72.20660642037853,0.2786943159285258,36.17672866655443,59.82298628767312,39.01234692737305,2,0
25.19882960212537,68.52716174042655,39.45760755976464,0.5313475668345946,4.028551877799846,0.95887187319041,28.859333811165445,213.72678078696475,33.60344885091719,9,1
24.69311128013258,16.530398562447168,42.18281785388314,80.44946424318223,40.542282513915495,0.14281430447286736,32.3860027210306,160.6839819266146,38.5994496767599,3,0
27.50728694493786,14.828166719245104,41.102107526554576,77.28095732903374,51.6283299197674,0.579829576047725,1.4649721551709183,287.22905454717875,22.274225762060745,5,1
36.476799941183614,29.768258720811716,90.76110025565549,54.841916299356264,58.064522590963406,0.2825502675186389,30.905148278084845,111.49993507669879,5.891906345704986,2,1
41.437877681001865,22.763574409055067,71.40326444668564,6.646332577627212,93.59372482485595,0.2790082903477966,25.475443661210097,183.02170598450283,31.329964625457258,8,0
39.80592130153194,79.74268532737614,60.79052140907037,76.65150495325847,67.22506872941946,0.40496858737618846,27.287483988971783,170.58905214568824,9.273320097172885,7,0
28.398016908378285,27.537118988643545,30.93727178627821,58.37135877313639,48.1277951219237,0.9987929358156545,17.971191341540855,225.71661101252533,19.855335109127257,5,1
48.64595841989582,88.0692204655305,82.37903842212947,78.19599771579591,80.96750362658894,0.054966306839822066,4.073694885647095,67.00255798810512,2.9250355026999824,3,0
42.13690750087305,36.951663341688544,95.5060511484989,75.17469923958404,95.05328209544089,0.5785418182035315,9.66696168060261,98.44728250583871,37.13887810903421,6,1
36.63062157534202,24.569433255095944,82.11982825502265,80.30020719578371,2.2066148682290843,0.08257215803527718,47.537235660633584,103.64120502321245,5.667328847137526,2,1
38.35162238703057,73.17588057139832,0.15651051914729042,51.80080664046248,98.25212722560387,0.15452082999051897,20.4349781135467,234.53768871042243,40.63938781721894,9,0
32.5880018728337,62.69662204007009,63.6401370183407,14.032451819351499,8.613213906368033,0.4395629417728987,23.33415779154321,97.28467408168501,38.89037710177007,7,0
27.431929685034724,49.85565731625112,5.1135381442100725,67.11574733796887,81.43867792687614,0.5104601313464413,2.6354894926719497,193.37294097274417,20.906224399766074,0,0
30.679180359537845,54.4290840750105,25.760722033372186,62.04737850519706,28.033475255141248,0.258792408364524,1.8783114771990295,103.81095512523842,33.496569193679576,2,0
42.735383313931074,67.53614226178111,5.952470034777169,74.22531871990871,13.217965775387174,0.3164571308744162,35.85907235233788,265.40623752099464,27.8750283218169,4,0
20.431804658892677,28.276379306503898,60.37954529493877,16.98810060507353,43.98556397138349,0.08696702025593306,26.904733206055564,285.5463636224097,36.138403905198516,4,0
23.482179215207488,89.70671328453935,68.65899134926067,19.497519990028923,64.39565794476135,0.3032197838442505,25.435299210813334,179.62324373556012,19.431229535366043,9,0
21.380079260652582,87.98345297174265,11.448763806590511,89.04095172193284,38.0951845023475,0.9665584393805441,12.156226521133433,138.0772210522946,35.36138179099575,1,0
21.221864069569104,62.026054907754954,38.38388830449795,74.99777984520708,5.456540828269896,0.9447073816724817,37.23753658149611,108.51444375437478,20.810556767931658,9,1
45.66381752033021,25.963396074331612,45.6236508955542,90.82284887003229,59.94611396587166,0.334878290136985,8.411828955424594,62.44525038076094,42.343460452925726,7,1
41.109735781400715,64.41825939450331,36.90530217609166,75.87153211639207,90.24032761106747,0.5708539362787616,9.496737183051001,117.12501904937385,21.88674453713164,4,0
34.22521487261976,15.775872718334067,12.102500048519305,59.71553059903019,38.32153659472517,0.9095953911109443,23.035608567413774,213.55894498632946,20.81786723701783,6,1
22.935024819530042,12.452200176464485,41.89477901874754,65.41327370278736,21.633277763082702,0.0061838226408966745,14.313993105597046,183.4042328273027,35.328233770358075,6,0
34.74847625350497,30.614631080897095,75.11780478084181,88.91279239400099,44.25773459328154,0.8106835703375919,12.373149061657319,286.0103195702319,36.970996129237705,4,1
34.20415312341697,47.009836539145304,7.100766453325546,57.88067545119405,4.836271104878087,0.948369552788919,32.26188222766658,149.06931562292516,24.952010144452686,7,1
25.196056097300456,79.46180043267044,8.018001408190345,63.239132432838744,82.04875844802748,0.09132573433355706,32.54858726092723,223.46583558209863,8.090901607278393,8,0
33.01554947713919,68.17352558130465,35.47712918359842,15.647671600360058,82.63408109501867,0.16144768603292103,41.22585348999646,172.33068686878033,21.049120393091076,3,0
31.955142031921206,69.41652169599848,94.1725711618925,47.39212201161027,58.800046342962844,0.9607463027713554,20.885428348648794,178.1440539810529,43.563262630935526,3,1
38.47550294156649,44.03946675584603,66.85726467229141,71.6397111958099,35.31028889383895,0.5375401436403463,3.654254551307512,116.94357865102937,33.884378686763334,7,1
39.052809526029314,37.674799403757035,67.86699566725648,27.09426983163654,79.97833644457833,0.014196634471723701,13.683319246072884,163.7376942104999,36.50231717456095,0,0
21.359120293161336,39.683101038768214,36.1919990837865,20.22541805245349,55.46870247883672,0.25763199876352916,49.000273159840845,167.6962492531768,1.4771474468658057,3,0
31.238378438794136,89.01196509888463,59.36607912085384,31.382680822441557,82.59323085500162,0.4499436742688596,29.812928761635106,226.6606304372335,21.053675818537194,5,0
38.77579747142709,13.208735312998598,1.0131184027743378,24.150062799283344,63.14587925830206,0.6929089110247677,35.48685424005102,285.1599997965285,29.09795101458999,3,1
35.09408775740263,79.36251968979589,63.60960464095422,21.491263703639586,78.44054732127972,0.7331603781367996,0.3678914812707268,132.33031937062606,37.351470763263364,5,0
45.69469523564967,56.29403268579147,91.32869475762368,42.48508428680869,59.856299321776,0.9954215129254561,25.910286609126043,60.55011714532461,2.217314411224716,4,1
39.760808948568354,45.08923353516724,61.25734683448192,90.78385138835341,41.41410682156662,0.287511199383759,1.8764328765901561,174.0737813751599,38.35974985388429,8,1
24.88803281244289,68.02061283321092,87.3698593466345,50.705964673871826,95.79458599261376,0.5382201018684752,28.4615106045724,186.11533303729215,24.678042153386027,9,1
22.117062422012896,48.93351531397623,72.39730554660937,18.792038081532304,54.11138248788448,0.533323547859605,46.038542481803766,92.11013778297881,8.879128675922697,8,1
39.27257834618947,79.87385904653284,12.055841640369025,7.697166938087408,60.50895185405384,0.4056452594472375,48.420956525020394,240.11615156901667,14.2764847402365,3,0
20.795339316248654,82.05614912090068,90.24533072858418,69.61561451379252,22.048763941474924,0.1691618938424202,27.027633769446208,296.23227711037293,12.686829828820233,3,0
37.5732674382039,43.73767414987643,6.644384435577488,38.279876443638784,62.565078942727645,0.9774565631838426,22.9102402626108,286.4436792521152,23.888656542981412,7,1
48.20690724274873,32.14622377880413,53.39674725477638,82.18309465853592,57.160764948294386,0.8533171866665861,47.2508547124247,99.27650970591304,2.325855596000932,9,1
37.26422533627637,57.388026287468975,14.213712379345766,65.95107686407702,18.483839794702494,0.4983330282942372,33.68049159983475,268.84080997519015,7.134127132496559,3,1
31.645097786195656,82.98906764933528,1.1706610730904066,79.62414505413685,5.958709735314372,0.6032454226840298,3.244963976920473,226.1234091029212,36.57118695191021,1,0
39.29864655327059,26.852975120453326,42.2034260127639,27.194603941844875,60.43593197147711,0.2272610535596623,23.286278883374877,163.46164095172787,5.967179583606498,1,0
33.747586714745495,59.83732668507862,29.504070765415623,69.2358922461058,76.36922693503206,0.5437870703917469,12.012250923215195,185.15274858118227,10.502832125615713,0,0
36.36850367947805,60.524817607401644,48.6000493797603,26.406198469371876,52.34013709220082,0.6949701331214758,23.490216072434077,262.40004374561454,20.401677252187078,4,1
48.24394426329576,68.64904179322248,57.71998867345508,93.90684794502916,22.67726253196457,0.5151670283865888,22.773278600318086,170.0337349095933,23.27043996509987,5,1
31.58307913402323,20.525414810180784,4.373907230894735,63.63742815333744,66.65219766930349,0.9902851705849413,29.1072401407371,143.30184227628172,34.36247158263714,8,1
48.83571691471742,67.26599717456708,12.300329512374564,32.451180017534206,8.010572660960225,0.6113416562477262,17.838524517462563,173.31187325649645,20.12995919997845,4,0
47.160519258681916,82.72260165325127,55.86423964504254,26.951186229227265,44.183370480195464,0.37097371259216905,8.213522472796402,194.78245100876228,35.54390794659925,5,0
25.873734043678894,24.374648709619358,34.316735317265824,19.09265850716435,16.33667583984202,0.7721520276158381,25.185971729497815,97.2694134445872,27.825583817045587,5,1
22.080839026254964,29.00346599391021,72.9173487549448,69.46409588937279,18.445905105988338,0.17046251158164205,41.5101442172881,275.2269325667477,5.089488274072011,2,1
23.0233400413228,87.71160752333117,65.22916485919397,21.87156129979273,20.229394915820365,0.38451581370626653,33.200611403380115,218.54673720740345,7.034914727677736,3,0
20.546654769546493,24.47815621675918,84.56043629899068,59.53032659274891,38.67070570439779,0.34695895037758584,16.918393296260792,208.31722933437223,19.666517645239686,0,1
22.83328882267785,78.35080746956633,69.24928266692253,26.463502692535734,5.115020562039763,0.43180709510777726,46.77615113794286,74.87405654515953,17.860022689006783,3,0
40.490203202490704,49.38222851584278,42.99310773901481,66.19689447938686,39.77934409290982,0.7817798259287263,45.61037856245911,201.04348454314794,33.45949213367825,0,1
22.13565945380687,29.778485952254165,67.29666223944324,81.49397285405392,51.170744711470086,0.48417303216340746,10.467419969204938,80.24016555962308,26.133171290880835,4,1
29.569268908812838,79.65999210180091,27.538117425541852,77.80252431446532,48.329428496632524,0.7940144502659627,1.9708792560181487,69.67441879884976,17.46598864510122,7,1
45.34625932908364,45.62442040021324,30.63134987782127,76.08513309307817,38.27841004030405,0.5764889031398659,37.06543541753811,181.82772391059834,7.684212755267353,7,1
20.698158072074776,51.18538831437522,78.89851599207933,18.772240569225207,83.91466080707525,0.34206943465755535,41.38051306745766,150.69638351162376,10.20766960464728,4,0
44.43405447766807,38.73866955198125,44.64195164015822,8.838494698451871,14.53266924205041,0.8099787436834724,48.39322829756777,197.2025675390558,25.897545831107653,9,1
28.455643243201997,57.436068114794196,79.83803405183525,69.89488284873856,50.5696743781374,0.23828967055309158,44.49181970441553,72.30554201430965,19.05474622049066,1,0
23.544944828649687,23.08190980680182,82.24223736682784,36.83472137943513,6.20414169565543,0.2243829797997955,30.026738410320743,157.7457657118146,23.171737898730242,5,1
40.90211496092452,41.286522932140855,85.75623376612837,43.23462264033473,7.1155678877909745,0.5045029240548358,26.50261696061904,93.69667876128949,7.680484588600515,0,1
38.86828540339652,87.552985786823,91.66352358412072,3.1149092793391064,57.38658496770963,0.2608492459620889,1.3920525631293146,296.77502148102917,29.83078135550546,6,0
46.32416040581159,30.650674616090203,43.098522051329624,25.95764492750492,56.6018424887821,0.009087034951216322,12.332822342238892,190.2875531087936,38.36424333851852,3,0
42.05213131411657,62.538933163303376,31.886681832113883,3.3676403874464023,87.8033512844457,0.6482975272988015,22.98073758664632,221.85921523521682,11.607277805410526,4,0
44.10442791154546,36.01520513797559,58.21987465941139,87.91857726012476,55.78736756600732,0.511093821472398,31.42519500417839,131.35457017065195,22.118140162432198,5,1
28.461037177139197,71.87785005492805,37.117242343762754,24.339668321853047,95.97910204048502,0.4455178144931612,27.862591665920533,73.68472869483604,43.89872980594058,0,0
25.323186313391684,20.469892857467986,60.1074166800233,55.73371695730081,4.869484839992976,0.9669685146183153,37.131799484084524,293.9677156958842,14.995878324782744,8,1
42.51844254922575,87.58568360628358,70.55858626438246,3.897932066113041,9.800768478074106,0.5711991839629137,13.988346544352042,121.5647588457958,26.777085521569255,9,1
44.20504217801792,46.30316331069114,68.84050184921368,66.6847391305658,4.40658615703814,0.8634315777893845,28.24763038262366,155.95204629339355,4.058806509010997,3,1
49.7151542600202,28.884037067717117,37.45528870201213,32.30273457540939,18.527685033354004,0.13945023620516017,4.407112169539607,212.46598042564375,27.270675111574942,7,1
32.37853030734279,15.879739786401013,16.68602016987528,89.79191869576658,54.12701109416781,0.5692064631294277,20.683276179160348,56.17432442152782,4.033429798707806,4,1
31.160542573783495,23.580632407003257,43.05293384622075,88.81181889340358,64.5572181427428,0.8679796267309029,37.50804164773005,252.56478262932174,43.165594589571995,7,1
43.29238882225991,51.58191588448141,14.259414408190874,32.529061836174776,4.55851579486688,0.583105757279898,34.6700426714522,184.14454750715507,32.204819343254016,0,0
30.224106207590538,36.9602541145029,89.00970351838083,90.09608956904678,94.59708898455993,0.7180141781270015,49.53213685860895,119.55429676720554,35.467190466106786,7,1
47.922719768106944,76.31066927060876,34.58774607378574,99.61576734987788,84.2165376650381,0.3720435678122074,13.8945562993878,65.40199632311732,31.68469623472366,3,0
45.75238255529035,44.47100189294447,15.445974722332378,82.5415664123948,29.661248215709314,0.09244951703706661,24.90946495869896,90.62460386861036,26.53780662344096,1,0
32.86982082125055,29.897141807010392,2.5447759905750877,84.4871347755229,7.718753022646796,0.4579002951270714,16.476520688699836,273.7584647133592,20.24607514884774,5,1
42.52613203374492,59.371598928322406,64.58223862864843,24.90087361090899,16.98870732190573,0.3944793908388575,22.030155702958737,221.50605598397274,38.62680208924781,1,0
42.63628622254047,66.54217735083566,63.69023174547432,57.67023988577563,12.694441375497266,0.8670601823789473,42.8475064934694,112.47543040922247,43.05760503943784,4,1
23.093716065077977,23.363352632075987,34.060416658129164,6.725591396736785,12.328377929894685,0.24399530235247224,34.21045375942433,66.40019123625738,22.456627780683657,1,0
47.076587200386996,23.409537303065413,7.171188884765101,9.491793682166971,51.85616886657339,0.9667342275351081,44.12205956737908,222.65382809665908,41.91907721198679,2,1
35.15757117343571,12.933714154683438,40.9628894895232,99.88926120332906,24.58474424934003,0.9581381198044961,10.175555416594323,193.1019314919413,26.249980949483287,5,1
44.79372398323225,68.91216120525124,31.12174950633936,32.663924942591095,35.81397165291445,0.2476316430714387,43.6680558920719,151.12988111455877,24.227288410339494,0,0
29.601488030918354,63.10436220974441,67.71206397350093,74.81839120488463,98.95053333843225,0.3480519554773205,2.9881137089192213,140.90286229751595,20.45172298299105,5,0
46.86569685488601,47.97047005998511,60.57792494526903,80.66650530268164,68.43142489253448,0.895555740873885,44.42996402185762,104.20356898227708,9.417949268855393,2,1
31.676050362024895,77.53363591753578,36.459372819754,85.80232710072292,94.89806670470014,0.9666222208961075,16.453688973036396,217.4028141343794,0.16738473681266353,6,1
20.325129544408952,74.45361223600426,21.78925542549901,99.76282974021565,14.255655503311559,0.44343910283604404,15.729381670703324,292.6670069484676,10.867780208522756,1,0
47.16145929257791,56.82834915174017,98.80359661555919,24.149648525686786,38.21394748325693,0.3209970456408978,25.604428834933195,93.92881145920646,22.937542722160433,5,1
22.738600303584008,79.4617024410607,45.40016211961149,4.035082685969971,55.47318032823543,0.526094013251542,47.03450938616159,199.27915500387584,17.098197851688866,7,0
29.579409127712445,26.467296802941462,68.82742357802371,41.1191517994586,7.675806188873802,0.6877692063657348,2.3890682340702685,156.04626393649406,20.181835260118522,0,1
48.50185901152415,18.95356955181823,14.055296757836079,13.008066982894695,0.41874436279578653,0.2734745153749798,17.611548753537264,161.67218043616623,44.12916988038223,8,1
48.51821440812668,31.579968921359168,48.55896996593978,2.2425889162055124,67.04343337969175,0.7364731746190728,42.82859943416678,113.5368200319536,15.76225668011974,4,1
37.203136643698585,14.566948487145188,2.7536719869465487,36.04268271414861,64.18195168014353,0.051657357114641034,19.80272387177334,256.28371891535477,20.348232271204854,4,0
38.95511636509398,52.49356224008256,50.545511791044994,78.37382510752364,41.07888099996118,0.04929449276441644,9.95784487985335,171.31390103681028,6.008199810876881,4,0
33.45336565934959,84.92845538359691,96.40174071177023,56.61806912250709,48.96440760320326,0.3862877051455452,21.23970906657059,185.85146304956604,2.158097959664444,5,1
28.796323150941937,13.147483253480772,38.420671298580025,31.277798921035405,41.54430005920896,0.3534731920607206,19.277625074583465,126.19022819933144,34.89342815666226,1,0
29.85993636109748,19.768793120802144,3.8996012574911587,65.43420054927196,2.4005044844888856,0.3156332153671523,45.77081007333517,95.45211641673744,25.680742878239037,5,0
40.175553682311154,46.175922262674824,3.095579091934353,23.20181803088107,33.537160621746246,0.49101976266891,38.096718787154856,71.47759705070513,34.23171627197527,3,0
42.5712358831304,84.7100014022324,38.798675994686946,1.4381446072085025,17.708225539728982,0.32073358231157123,25.255777787200316,228.52978523122897,6.743825949894823,7,0
43.74737131177545,35.29248839814004,16.002493646319405,76.43533864364274,9.842418910136875,0.19225791846809193,49.41852833607855,99.0585704219639,25.732294703221093,8,0
43.68854428383662,50.57878469507139,2.335209632818591,62.374308486400906,95.67204338893498,0.3094695490886009,23.263876563796167,222.51883854719944,11.4139113453619,8,0
22.73618309146071,13.325828724031368,75.62136139501769,76.23026245009599,59.935972504216565,0.974904272810235,2.9118915410137616,147.59411151173848,10.262781760500896,7,1
34.83260914107744,21.86745607696711,45.85230088818907,3.893801668766561,72.86562842366027,0.4111134169948486,13.113716090749245,153.94370024741286,0.5186706323843365,2,0
21.72676280049933,88.93040983670775,28.924477197265453,83.71196278306522,31.53637432661175,0.44471277685833577,21.80352401096563,167.29437402319292,5.865332560608235,9,0
36.485866469712064,87.20949571488364,90.00831830164807,61.95262000363033,39.31471294940152,0.57654498995114,7.8451312073060055,141.9271270318858,13.91706501748629,3,1
33.245915041201314,10.39519847475277,11.613896020052561,56.33953507126401,23.692399389672346,0.9833407684142266,47.37825631620215,75.15499430564752,5.259544226592257,0,1
46.63112548274899,86.14494283385912,95.59188289553192,62.46140481145316,9.696567096542474,0.241601276435763,38.34244489088866,127.40795250071145,44.363629818492186,8,0
30.52745037656236,61.12959502524003,31.396671737735282,86.4433246868364,17.90316374415838,0.6812821105324338,13.414360021388633,215.93359017348462,13.88846918357778,4,1
23.512010492828175,79.43346356160177,88.84036723086813,58.69365065589071,79.75140452964858,0.7159846935417241,29.54022667589579,216.44610036721775,5.8645776016047675,5,1
24.289750461585076,46.379188450708725,60.294287647946156,58.095037988817936,67.75458051837758,0.6073244167930659,36.0724578554786,121.55607680999859,8.958704077258098,2,0
42.84531895152416,51.24768228634002,82.67073597414874,99.06791570657658,54.69288759854769,0.08857833963664408,47.0639464453399,165.02565663942198,26.446645275366443,9,1
38.546541899487835,49.10772642055362,98.40131632104642,75.6730167068568,47.508987286676806,0.6768722758275765,44.081767458770535,98.36180700298436,2.881958573915483,7,1
23.033680283683708,63.34914060368835,28.840543781874572,44.22938054511353,92.24342836561244,0.06409471103617548,25.759611306910685,102.59302038245895,38.809535856352056,6,0
22.523204183449923,21.172100380505032,96.1135485407593,70.73970000329277,7.273494777866841,0.5961426495498969,38.73263098965088,55.76177210165185,43.26748556567163,0,1
41.0290739437736,12.397887189814236,38.94818949024204,38.92304716917885,28.060081323791596,0.7395811772217427,28.10723769137925,274.18663747693614,11.103633930032139,9,1
22.182890190925807,34.63439532729527,38.55119047369223,22.8875462483499,34.9937853570714,0.21096989061995042,27.635194502277006,102.67666626872655,20.254287086588672,4,0
44.65580177871068,66.37446101893174,34.03871042545057,59.68518768877594,78.24258122127878,0.841622007542774,5.737097916909595,106.88346923411584,0.9960502963273682,9,1
41.18726681469489,26.148276169835867,54.14076073475852,92.81820981139515,99.25146201619714,0.030353805533004263,6.3068829008076035,119.90035816128295,28.831960112724968,8,0
22.440463419256993,63.874594665993385,15.41450431784871,92.91395200154628,24.067051475715306,0.8438128636583061,26.47668075112287,81.85201792385725,18.626672612366498,5,1
22.54513142255576,87.59296368858163,55.37114853580112,34.19052781054903,87.43073341370805,0.4603290506427651,13.443077248950331,209.8157207953407,12.152630974570007,7,0
49.59918735503526,17.512057263153473,54.1704812410004,52.7677466221695,83.06227604317912,0.2175879399316445,1.0518451230234316,68.78573829439664,9.30766997774738,9,1
31.22812387268361,63.8081694580101,76.190181260487,21.16358985698612,22.46573976417666,0.133778144993968,36.14196019501061,83.55060658158757,29.43103849464422,0,0
31.11926441200673,45.50001754436569,83.36499619375856,99.56311094988834,39.933258019922256,0.9533071675823725,1.624329834508248,211.1891816475232,18.72976639645415,9,1
44.383987017725076,79.45138035020042,44.044135031242405,98.11179078679358,40.96728692925191,0.07266558758115671,29.763842055202726,134.91515512036068,8.08466800634604,6,0
48.41745732151576,24.171983155790873,30.233324935149376,64.95089297074473,97.82206685265584,0.19909341993592566,26.95968970636572,226.98695667529725,31.00990866690708,2,0
49.58003191468613,65.41007617809316,25.933489731709447,80.44140596774734,18.089190137889833,0.34782234743304596,48.440734528890225,189.3561861675355,25.428252736651213,8,1
42.60134555776825,77.04922317184882,19.462383670487192,71.51001612837,79.91579711047821,0.6202348489611205,24.210656967382082,114.00529326537827,38.64024247182733,5,0
31.287787565927474,85.56913755792186,5.764758219902488,59.31582190394682,33.419271417310995,0.5448010852760984,3.180071818889868,212.706987622332,5.28641544944218,4,0
22.505021500960062,64.65984226317167,34.244797883471335,5.3347996988897695,73.08703457761604,0.12564349241231398,27.584398390323084,79.06842007322017,35.35499708750053,7,0
43.3144074778231,49.773981120674186,27.024769213078326,45.476434255266106,42.001100429566286,0.2897279837382146,42.05480853080507,184.1025957700076,30.308255406776656,7,0
36.75212749207415,59.42777921609711,96.64173858664074,67.47863021674105,57.835976311654,0.23875177108602408,49.842464214071995,159.28702626125866,5.175492157264402,2,0
32.72666027740929,79.51239875829745,55.77088262500439,67.75316138836847,83.26117733261312,0.21354285449034138,21.517158684453623,116.96839570436019,31.266932844227433,1,0
47.19063155284208,55.64877973110637,34.72770390305075,37.31226184223836,80.41655649838842,0.41114433647998705,16.014937124837125,201.00124943487504,19.869627999592367,1,0
23.33592446918454,12.430964775746949,58.0467600993696,94.16919866580305,86.64231835397001,0.7040314525916569,45.33266484759994,267.8333980850706,42.52431535001294,4,1
34.778753128725775,84.47589564055822,13.91967013456955,16.7357032236781,5.961732534465902,0.21745293221723594,9.562106453806068,299.72617494076917,6.372510777805469,9,0
20.34060934302257,65.1621400825249,44.40437492022029,50.03594462155606,69.20505530397449,0.3666788797029814,30.771445751646333,201.94069218585614,28.927502586708208,6,0
34.05981925982379,64.12107086217972,62.62343214210638,69.08839765508228,13.998737672176286,0.39091742684116226,20.285721209047384,151.17646858229256,17.189102045832566,7,1
21.68909827045512,27.254012191817374,48.889783179245136,69.71358058918092,41.5818568018411,0.9764565294354102,2.0541182477777644,106.30177505405041,43.0566601765895,9,1
23.564537488042156,62.71083761861257,40.177880065432426,64.86389567688155,54.858841505468845,0.9546663568790689,17.36442371528489,114.27402234877793,14.848870288062441,7,1
23.525787403313146,41.50915245233268,99.38483888996981,27.528821345186017,40.273948474683074,0.8001375827520759,13.26142612513373,169.86374453744142,43.29836592713101,7,1
39.47630906348191,62.098638163319364,88.0314762148927,15.620656868662197,51.961167580300746,0.24165892081918516,34.304557697174346,141.81942532017732,40.56686329953371,9,0
42.3813463779627,18.527442424639258,62.34059581594401,63.594032682671084,99.65263087986192,0.06803731409166969,47.439524884595905,278.45363065623604,12.167245588979535,2,0
37.50106295291479,62.627624368242884,56.93773611822828,59.930211613943776,13.521731371285473,0.31690413772062476,13.402359368931888,142.0738669139274,36.159379957189245,1,0
48.86517645423626,89.95309806165332,62.06604798245841,17.935601028924097,67.54560453364256,0.26679454943383085,40.573296957584084,143.36114778635886,44.80218908115777,3,0
31.246117385711123,13.856963108844482,20.131210782243325,70.51391455705634,39.600096638561524,0.5059258001463939,2.767990846920476,145.88362810849424,11.369835097707705,0,1
28.57136258845582,88.17393473770538,39.51377432643186,45.51719917336564,13.300979890732878,0.7777279100677931,26.90605050199066,259.1550525919145,19.654972619549387,2,0
46.057973845683804,42.55263685782965,3.945953289089932,66.7760591603153,15.873676337430954,0.858322938878858,3.527503185494729,212.69708021172548,23.408133145504184,8,1
26.70787515558358,79.66027602698074,47.554603748682666,83.73670797701507,94.92731062456168,0.8448640854105085,46.70164955653197,203.54221257972316,13.271901111173895,6,1
48.89667618321834,72.59083872466188,54.302458395766315,16.972842857692317,87.9601496711762,0.35967556122306776,38.31756402786951,133.53575559596555,0.6869177840713392,6,0
20.36463424069449,55.36130087893342,22.77497361032096,1.9144867996836679,90.70419604150219,0.6872343434606829,32.897495560229615,254.47604420810987,9.9058159888887,0,0
49.09636480122917,69.07593674010613,96.40288471655137,77.91025863957867,99.15327758273865,0.31283419752422004,41.19481908123321,59.59096533892529,12.68715979537913,6,0
21.294797358517283,80.28124490410784,90.9454610937242,60.96974251526159,20.831539000851794,0.06090554323518271,32.375989778508156,267.6992930845283,19.961986559318422,9,0
46.73429341094213,42.331225732082636,72.21432354559059,69.96395696221217,35.543933736406174,0.7015652656029423,48.447219858714554,178.1874749484824,7.699611528603084,6,1
35.831033272588996,36.16265292505909,53.33866287653626,83.81549749886426,66.92190299248666,0.009827552569787845,35.69789739323858,149.56255871585319,39.296446051125265,3,0
49.78894388357901,63.40747084508678,86.99691596476849,80.28109348245005,48.38025398606472,0.40918258745848857,46.23293047911234,174.29182017942142,31.721000972910126,6,1
22.213896942061965,74.62767535530068,13.065234382346292,96.09201469288247,41.83895333783335,0.32937926930207573,25.856594600531903,216.85388263345777,3.834021490184789,7,0
36.61562853203962,70.98281078212926,79.0509794274885,53.59350788521182,35.781124933559305,0.6933775385188524,5.853220649093132,53.19135662947434,29.254160301296913,2,1
49.079076068572974,73.82509190869075,12.48208139668483,48.84956326599054,59.37806319434522,0.7662454727603789,26.408886071150857,267.8879641145619,29.41454143825292,9,1
35.692935325104465,44.84666518503464,79.42106625494054,40.18871998907301,57.5593428640082,0.30409463597128383,6.343641403154665,161.6848813278482,43.02995281396325,1,0
38.88195914405787,75.42673729400173,27.576756825135696,15.369104284420454,16.14578340642401,0.8116270144448535,29.624673958820253,135.74162992501954,0.13593921102725615,6,1
40.87246066953851,19.616724429648677,87.7090581018189,57.26072328820224,47.173983751843906,0.29391676050493376,24.124653026383147,84.56139140851428,11.156960241261324,4,1
33.636231943033195,53.559127836867965,94.40420938253979,27.70125243259788,55.347177620984986,0.4463263599865612,31.128769891639084,159.86634358961055,41.750616571889196,4,0
38.8267424025219,10.460692839849726,14.879596940511563,92.13075122129754,57.02869387313905,0.7270185270141339,0.5023490527415797,174.08069282109471,41.94602619292274,4,1
37.529429357693004,35.96686639202162,46.267560506539354,58.31908042770976,21.01071929123518,0.6929202292247886,9.742024582768206,150.91167362336944,32.42638887167868,6,1
47.034740314729675,39.31692278971183,98.09873781626851,59.284018050811014,74.22713922522868,0.9873684723122,24.566521595606545,219.66502345672427,34.459349447139296,8,1
21.363391410243736,41.69381532874043,48.34074359731466,35.492466087701004,2.5199094821069634,0.22516102421593187,47.525178079456744,155.22413218980648,4.11673310683412,7,0
28.42889568776691,65.63737653518898,86.35475225145451,5.198935197770749,35.483185554316265,0.6623179135395824,19.180452017757922,290.3543944616433,23.124412565020513,5,1
48.51234452229676,41.08464810162766,58.87315221313199,3.174376537298862,78.02126485356335,0.6096819082757774,21.218601302681734,199.81937945589797,10.421234608004973,6,1
46.70791351672749,45.895489809802456,37.53299079196019,42.33351441531975,56.389292105540235,0.9150984544900299,35.73480445033111,251.86948391297724,8.154811962612778,8,1
33.669702583571386,29.0035304699462,28.57835555258702,8.456537809723786,26.116243251086026,0.15636214164487505,30.1896378643059,77.33897577736971,36.46364846054996,5,0
38.6039779340461,39.860143330347206,20.322309108608728,60.68469555401391,69.49531193430477,0.751798163586933,14.946307504916662,149.32282323647644,6.076716150624634,0,1
28.32143548943398,28.181570181052116,76.17981913776973,88.09730056396575,56.73909441560734,0.5682686162687683,20.54081977837139,134.2119253617882,21.089323664837334,3,1
25.64363479171284,15.855673901475491,38.65405068230279,88.29148165187222,79.62436094563871,0.2746658697879054,10.884989942861623,192.37059703414795,42.23602078137149,7,0
33.91095214819946,58.275887470510234,51.12754622007512,65.90454101322324,73.50251861898234,0.4744349141471741,48.301072956510424,265.2783800153564,8.362442500440414,6,1
30.600566840781585,63.4570238844013,49.23254800011819,21.1231831472931,61.01079220362347,0.3337765970697978,6.531719077867987,69.58455444050166,44.00970406822056,2,0
37.509683355526164,59.55922768076916,57.727902923313124,86.29968313588721,48.8177675310814,0.5793134027884609,18.59183922832097,68.1436995111777,44.742959359247656,9,1
22.332039108949544,47.07952350404579,86.55771456245522,88.60934353132082,13.31821256675234,0.8890006108146659,1.2919486110005596,262.5794270393997,25.00277196070813,2,1
49.23184422998499,40.38286241433838,98.07393435834294,19.66535849529587,26.133301788538375,0.569304984412202,11.08897459667732,103.21252150958935,7.656423307972106,2,1
49.586322334388086,79.06669196574602,40.758420857381694,73.74260857706773,41.90994729170853,0.631722418326584,39.023556919007746,217.1883136124534,14.224719957340303,0,1
40.94485142059236,51.526542810897446,82.7518922106303,28.651954892712293,59.92992870063887,0.5187478471147094,10.058761614443974,185.71953309020128,19.102177470444083,9,1
36.08289099032361,48.33455021037848,76.45277946547176,80.26403123529296,51.37078552153048,0.051165506445475906,4.00317012644828,258.22339872180737,13.919590096120032,0,0
29.285828488589832,12.051365264514855,57.352895145557326,99.72378999036027,28.818452595952948,0.23285855687609425,23.722658992226165,81.27222745910089,12.62860109444321,5,1
44.41385059120846,37.299826210092505,95.60471436119332,3.0026005329392813,0.6464357789710551,0.49200172943208276,0.49846173672592475,82.44574143065282,43.75033691473609,0,1
40.54193517661638,40.41564950286856,20.04745155284028,89.73658657909318,49.623922190081394,0.31023528374470477,4.238307721316659,189.20459006957688,6.901417233708554,4,1
24.87850818034674,41.90582247175204,10.92642103096214,62.26305335986581,28.56259885622431,0.18176359776119422,40.381293478148756,286.5946633395927,32.999755892258804,3,0
47.32781553481527,56.413789538186585,85.39619669554222,97.33826191648211,73.46083007105351,0.5041328419184383,38.57366724298032,153.74943959268856,0.018463024762869207,4,1
44.67611728769507,52.68820373815028,43.91498166337483,46.50095175264276,2.394626527048349,0.3228097934478503,45.7569410202448,131.73552506367372,26.82822012310696,6,0
48.49399739875772,58.63240742347557,84.69688542070605,84.73879305713737,58.482781130579085,0.2581076431734147,42.725771795537476,201.67233079947147,41.21743517793236,5,1
41.7715852516508,71.19066092337026,89.30902051954149,6.239406859827723,94.14742375060654,0.4639854174403808,34.1587781619909,282.6121501362578,12.957034234194856,8,1
38.402455878073695,75.03885909728749,6.245759361907144,33.527905007829574,17.440926711149952,0.13328425808217315,2.6166428650331417,259.2319582111559,8.348668886597363,5,0
32.547291088718566,67.44984609811955,88.34647629860606,6.701653775120997,47.16494907505954,0.9277457330754073,39.14243089933287,298.87090268330496,29.325590769529214,8,1
47.9818545006204,86.44189567639478,44.831905536942216,97.53431334790706,9.142199181713817,0.867702097919239,42.275540542028025,55.64214580059427,32.06706332842769,3,1
45.98191668501225,11.45860661410893,51.04324890042322,81.69739072718367,62.56819122613526,0.7076205857405353,39.954107288597726,78.21453617819056,30.96137335283916,0,1
21.356560103185682,25.662238854683686,62.659251109321026,85.25474212459704,55.05316805962256,0.10621382758845621,25.423951765401302,202.3669408416555,14.369259600961831,0,0
20.79100923491756,10.60502999825137,92.63826067300867,93.79652314338942,40.736552421283236,0.775877254469693,11.645091932474083,255.14410983346244,11.34910809716989,9,1
31.293901006341486,61.79797713236824,1.911609442976403,8.510348611978536,52.13770214737412,0.807957328109019,42.26649878443634,121.31108557669164,43.01634599829199,6,0
44.31659992345499,81.84244391599896,47.68434683178171,38.55975925133334,89.65746584690102,0.7677646177143377,36.35814048700692,109.80277200855468,41.548477872146826,2,0
49.618283879448335,29.478583726103942,68.77220424305607,7.103488904400212,19.629430231106703,0.11396588711924116,49.03805871944258,246.74394984530022,20.579247445176915,1,0
24.512506733105845,84.16276358370453,72.27069576982285,21.07931015500286,2.2564511705347234,0.6439079570677647,7.784629887796646,64.0954634633079,38.078723976946804,5,0
37.82392146056405,14.821391223164868,69.2532431537108,22.936577703767234,86.16648846991009,0.8343247957493986,11.283229152602752,142.3456618956463,20.35455649354332,5,1
31.426725698930646,84.75488214444114,13.443512940812186,46.91072110475787,57.71170823879065,0.5773534012196677,10.589907494075135,176.45230564808242,19.097505813262966,6,0
49.09743193443809,38.12981497917075,29.93955883716812,26.856216745364257,89.06584554618424,0.646407375228089,39.62698838106684,190.08716858758086,7.0543326419682595,4,1
45.263567694071256,18.11366627593732,35.87155254170135,10.09781068177611,59.69452234131726,0.4583634794263062,9.345364822505909,232.15378919819423,19.188272542138776,7,1
45.149861141334135,48.86974073490605,80.4437207679505,16.749108909410772,81.01610899597024,0.5287073198840526,3.3329914911653047,138.71143085766454,24.183762236991313,6,1
34.06079479384911,30.542125417640634,27.875987241455302,14.727556355209092,42.967336335514794,0.034376858351725215,49.92804032928143,203.1710861686518,1.012694734290891,1,0
32.44458507012995,32.78983215695383,21.070496386720315,97.30767979122983,74.98599312882688,0.6389630219732846,1.2408605722574573,196.3438556977391,19.98508523289329,0,1
28.20221215792119,34.58319719410292,95.74480190380962,75.92925069184736,91.3041466889856,0.08144721289115919,41.762203007943285,186.90402516343678,35.16102982778401,8,0
21.691264899527813,74.24207182661307,0.88632851134689,96.7761465269562,57.21229637222063,0.4350145943402234,18.26834207753264,210.12082328555306,30.602072536842144,4,0
45.9416712876516,53.132902134020355,99.78208556819781,43.974048650790856,18.078515056237954,0.2926550976674078,42.08077298789076,114.86229276701907,28.582064498877074,4,1
44.387030273902326,34.90461593248029,67.68212988573956,27.83684816626566,26.879761503019818,0.5454279502117131,27.73102456055725,71.16218839615725,40.92999427967411,9,1
49.991530198583916,58.826702664873466,82.84692994491171,79.82931972091866,19.86445768974058,0.13341633552320709,45.08156147431801,79.81791800993585,0.8114404421353505,3,1
49.89910511221716,67.29205393785548,29.461939634619316,32.62539180411468,24.685702759573292,0.6916434019733182,46.30964932073133,106.14559566347526,25.067141378650536,1,0
36.66295116807882,31.8099200586827,1.4315277667059978,29.93833737053483,30.64154493510364,0.7950115369284704,0.4549090640387998,175.0494838806963,35.43069817843682,4,1
43.06962245541531,43.08392812202812,73.78695185615301,23.25059922078312,55.51337867531885,0.1633544497431565,3.7706087996394135,260.110687636505,24.360092221557025,1,0
48.34297189647284,19.750887466955803,83.41445970006758,12.967897822423534,58.79916294638328,0.10431308735188216,12.517936478542774,225.32333552209602,14.575299866117062,6,1
45.48942172032234,24.491947962774425,74.04761319535191,25.646306101676597,42.649974724186116,0.14551548278735915,33.46577081817508,247.26015105051178,6.131275429139004,8,1
27.42044305229593,64.48942831719862,14.285028730083859,35.53197484738877,61.54207798208354,0.8771275618985017,44.4136098255753,137.74390598152286,39.94033823172861,8,0
33.516324059302804,24.515067815650156,75.34279222569691,67.39942081457303,8.157492561136593,0.5281892617563562,22.997097564698137,151.16343541213755,21.184307657442133,5,1
23.87478245454485,52.01307069336481,76.8922782107641,6.256484221945158,8.778823705815997,0.4672609960075026,30.348655813713272,148.4204714976532,39.515183864356565,0,0
48.621530817761666,66.72370093779462,65.85405156700548,21.050693966534297,17.182946035765845,0.10671181910235428,9.424992639778058,97.96829610112539,26.363345509492575,5,0
38.1852390335264,18.55015384757951,76.61159327955862,80.90236402916764,51.80774980403447,0.6495560067569618,40.24834169408427,65.30416453589301,30.338645247675036,4,1
26.85928416510388,55.38497757031229,84.59214396777321,14.692192358377076,21.399467869831355,0.8679995918950899,48.36640556767349,197.7290232068067,36.19175194703025,3,1
40.15102053217571,30.5250226961091,61.360411423745845,34.26451465225215,28.328440349257733,0.828185869323453,13.429946645729874,297.30417085514654,29.661999507006048,5,1
38.543847213736875,87.03415001900639,8.860471396967906,86.46589218581401,40.03128361729941,0.6260547089808013,24.741297580027314,91.7074262375657,17.912467830552195,5,0
30.744881540985215,48.683651737593976,48.76278096672109,15.492531114344265,81.18661240103798,0.07527871665167363,4.30580552531869,61.67120497481844,23.113502276789294,5,0
23.40672776598887,74.47940398201266,7.764933467160507,8.27368356181899,1.3862135912860118,0.11239702717601296,27.95683282314842,244.88292045598322,36.137048610414595,1,0
40.14719586778399,54.01812337250094,40.75430310324308,48.45379950800108,64.93788202366224,0.049308987109824676,25.13917209233403,113.14650167118106,16.81426333678429,6,0
35.6092310271138,13.473002628385533,40.71064891256276,30.24195112785364,66.88765310406853,0.2574792164924693,7.22182420775388,257.41095133823205,17.46546555458237,3,0
43.16955175206918,60.65211004752179,6.600984414024158,56.34083644838541,79.86557803566366,0.13566146716037775,22.10331065590375,225.98416675862885,4.306055222610052,8,0
35.6049050333598,86.11226737653256,34.88205339694793,80.38048904834751,93.27529390603132,0.2600480402524339,16.705232604328163,286.4183842627011,41.15629958497865,9,0
45.5654450095562,58.1289456117065,11.099809879131485,13.714848815274316,2.0137848949289827,0.3850580557189617,26.091543765259466,152.231808939168,4.096634172544878,1,0
36.55720516323457,75.53510875414321,80.82352100092221,58.0699084554285,15.378370551321618,0.9429827840711357,29.282716771439958,215.49245986265854,29.169412985185016,4,1
36.82813914606159,80.73651706787263,94.76880259644707,50.550876038986395,88.6171294055993,0.6103760597816921,0.4247789303604754,166.21369520331768,18.593751546125898,3,1
46.29960807975035,28.246381755914598,7.231647525793861,14.407878601319958,45.851856218701535,0.8349737856829623,38.050299147477766,207.64717432713587,18.252872561494907,8,1
32.10448598637191,26.96358719265813,95.51152072917014,62.39984855289824,56.459063893346354,0.7103515007123322,35.65071459308704,162.39972650193434,30.579832645770775,3,1
24.02045685351922,58.87847910807934,52.25765993367452,27.364041786077166,66.30272037231474,0.11250313052663174,18.31431931032611,97.1580616060187,3.0192179683445426,7,0
20.86348028940017,42.882277584536375,29.95656779538739,48.78343185440125,67.90666044956374,0.7359204063739488,2.6467967784409128,176.9743540008452,26.716760232814558,7,1
42.65411767020857,77.18890422933762,7.686207527616351,8.227232427706188,93.17404033165082,0.27509888155912443,37.74662698925252,182.14605035936057,34.741430368755964,5,0
38.60928654060394,82.00184987184089,50.06242680704178,45.958405721362304,99.69494174116697,0.6391078469947064,47.75875802390662,252.65096206504026,37.26957410489674,5,0
41.12239304297671,38.27371034421745,79.45155444907486,30.646346804282032,72.01574609309402,0.3409619736429885,12.007579801100709,233.8801764483953,7.673867522719888,7,1
26.388924845267322,28.949644717958563,70.70864772666981,82.23812111853543,28.72212092051508,0.9976722632646592,16.176230686851895,215.94790598536102,40.38385725351782,9,1
24.09114426760309,72.44204121950895,5.022601146397376,5.697872699736828,87.97524022943436,0.2635514794967778,9.190644474090748,78.34677388814313,29.5265741331349,8,0
20.436339970036457,31.984482843850888,7.290183536790352,41.860727491832996,4.922091454076161,0.27913047077426967,28.846806167241983,230.15407266592877,39.683466036930724,4,0
30.51762676419791,75.80914548109428,40.28732826326371,45.8431424131438,23.10808528744962,0.9306722555623983,7.742069732372747,175.0762890886287,21.837632269958924,0,1
37.69753060563899,43.89906029190102,29.52904940479433,72.50060762991187,89.73857174637149,0.02464440463632267,17.809697173068972,273.5248840265398,24.391500529374092,0,0
31.76732135299197,63.403991943317635,23.238432305604782,57.428757509021096,25.619151443935493,0.6966889878731969,34.850650696713146,279.9677335326357,41.3567224662902,1,0
33.12424766071187,17.642825106773454,28.10044989087136,66.72123371941811,22.065105962174847,0.7253263907358781,28.00579915046742,63.78914765044637,40.49592945096023,9,1
47.12476083481245,59.90874597412584,80.34827432968846,77.7049285651756,13.812529314024724,0.8363785774103993,19.32312821639676,255.1603900886197,20.16723930160509,9,1
30.44766401069901,46.14141429897833,92.92280536318539,86.22029736581888,85.91117576469165,0.9744393106384753,21.012480090377096,59.424347605667656,12.348568423605679,4,1
35.419684674794325,56.92867705403793,40.510269452756646,31.38754967224705,50.00582591910867,0.9756019191566524,28.105544131161476,141.79240642375566,17.692669555391888,3,1
43.50959038223429,23.441136619589074,90.61110021324971,53.802270536390296,67.48932030541548,0.0652767575664639,0.29323639435806514,185.5749939052698,17.449394783838738,0,0
31.896283469638107,68.94989959553456,32.1495701247882,84.01080784391999,23.906638407502967,0.8218393227529025,3.9254934226804927,87.02519965678187,12.909009374225727,3,1
38.662601006836205,79.02376620345828,47.64369863437916,98.94511309650565,75.80404210112165,0.6463099336573813,44.06290338815058,236.5784531422692,12.086082194983495,3,1
45.87091126240236,27.339184007262052,22.602899781599973,88.95193110437631,76.00055449620984,0.6473421343730912,3.893949454564538,52.088676043034646,38.747832141587374,9,1
48.485618709729266,17.657164441612938,64.0476042175844,37.14672626243768,31.259802490830012,0.1283499266146948,35.34017981052526,92.14976210850921,3.143786430809776,3,1
24.41220442787114,11.891086883706912,97.89811151748088,19.516651721865042,41.06826330102828,0.6501871664456533,46.00190820545263,195.19920746336894,30.492503194481735,0,1
47.79762875484484,61.357720035461284,60.34930960433786,48.93925374065887,20.969027743020085,0.9824825806012478,13.534180215086556,228.5968905093231,7.776902315540354,8,1
34.76348879238614,58.56752288710246,35.78140841135489,74.16414518360422,97.65610233229043,0.911818569539447,18.52457185297571,279.16077567347907,15.502765202732846,2,1
27.74733164896875,53.7357930171256,64.78174459905284,49.25690707532976,64.56025770584117,0.4391306608048505,28.446070292235813,226.37416298365596,2.7694365360676585,3,0
33.774072687147836,28.555767689278035,12.292067846538757,48.31808633136685,93.45438807155155,0.03994797328609434,44.085448481929234,217.9448175637165,12.148813658495792,4,0
49.40097725856431,41.27247967244117,88.86590802653987,83.82304210818006,30.338554362913317,0.36229349000020483,47.09527936302101,148.58528658766608,34.578948200275896,6,1
34.77854281978609,57.55810681489385,50.30839507798363,36.14037790671863,78.18909129968897,0.8263903116005552,36.9781624055634,50.32110638170035,39.82568960462664,5,0
29.862548308625247,49.741348708733554,44.93497420396421,85.97946748116456,76.5858643884742,0.701499101465166,4.330988042734702,80.03981468390549,9.968721835606518,4,1
39.00202562950177,89.02284161719098,58.58647884535192,40.680480095172356,69.16556518665415,0.4593436555939564,33.45770777674254,183.6386361890098,20.859652766651482,7,0
27.204368563345792,20.91518020453865,62.47838627894025,32.82331056783394,96.56389752668004,0.055101535158831094,20.515186093633105,218.78247146110493,21.164582157174287,0,0
22.275899843259918,65.6115643238075,7.177580622651303,45.3989911199699,39.355533610631554,0.4268947278233026,23.53504997455308,154.36207097411562,39.31088875918804,6,0
23.866391657319475,42.34550144834337,68.26172212234025,76.24469586748684,13.07173235897573,0.4690249397178835,2.457419517258852,232.66975288209755,34.32595737941124,5,1
23.841375168733173,44.25596919404918,24.193168031552958,12.600202786399429,67.17088592440608,0.928555532894136,9.553106967317909,180.4655738330447,23.088474826562244,4,1
24.55708080536883,67.4078212526541,71.39526325065899,19.64192158720174,72.93098004772062,0.6410861035821595,39.52568037668239,68.54404889857805,30.183624021229804,6,0
24.164815179482304,65.39489210594957,82.25347943841967,95.1444825663092,57.506057345881466,0.3116529166546489,22.697941652392988,98.00406274198721,38.13097742592151,2,0
39.226242344096434,89.30047949617506,80.39585075525203,17.54916273813574,20.681789313339628,0.5253182644507214,15.083112081557443,259.9995558109857,0.42925293114952245,0,0
25.456402531974344,20.27154315633002,55.25009674078891,56.77273179310546,50.445594166935535,0.06605530782216007,19.200953698247908,231.22818665610987,18.13005139725219,8,1
30.370018499715897,18.328771950733305,52.016989231075115,57.931446666193786,31.21897365691294,0.9725682356497368,42.71997566628401,273.69049675312374,40.82594252746854,1,1
46.90365229718036,67.94710537029928,14.287596133941172,48.96244620502448,42.746652816668906,0.360059901930726,37.44995087024785,79.38931228023415,33.31408638797781,9,0
34.21884920788617,56.27095336051273,77.53461504031355,64.47452485768186,64.52185758446639,0.4778673549131358,13.615769859054138,297.5556336537685,24.42786184503336,2,1
40.02673215563081,31.932853324784467,27.140938044671437,22.982672579761843,74.52147426908346,0.3552839742369226,5.8750920106186655,102.3516784874834,23.834003716581005,7,0
25.169596136048895,16.35354951911893,49.669542281794655,55.266226777674824,23.22246909013431,0.6825117301162001,12.599911082203585,52.9449690716605,15.6496543921997,9,1
25.768670564260123,16.852659967714445,28.42740929275167,37.21732552468971,40.532536064695336,0.662232158329593,46.037822552736685,299.35573476338857,23.423424013868154,8,1
21.226058487994365,81.53526997312946,13.382836299969314,66.1667259629189,26.91615709916292,0.7153223105291356,29.07944189248777,120.26847136127829,29.492243975855395,2,0
25.068051892164938,25.34938597749943,62.95576968917366,14.122354337314945,19.86316138618691,0.26814322961192083,26.674010437239144,217.00486312814,18.82633672929569,5,1
28.35771017095876,35.86972496924166,5.4332034822903825,57.08774168394763,78.33872199958384,0.315668481164066,29.819679984623075,94.1705785440763,32.13689158764783,6,0
25.310314528302406,28.13251217815904,74.86452341262,18.52703553833237,90.92526944369924,0.12525123109620795,18.30141328732576,195.05713304978542,38.755450226717365,0,0
22.661076012711668,38.39970446655499,31.758679526111667,27.86430631150364,37.02321856845767,0.6555099718461126,40.355351015975636,276.0087466136398,6.960818168318752,6,1
23.619076133018023,15.55390741968747,0.013469300448532007,21.87098003235832,75.12789243737669,0.03979712733565255,26.16431246501249,130.04529185710965,20.3196160267841,3,0
33.823363040981775,51.52478327266163,51.11291392372298,18.28377798688171,89.69952893644111,0.5976823355234591,5.837395138439777,217.5634940110898,18.36090410782865,4,0
26.190011552173775,15.409005087377192,4.6851908527603126,82.5710951560667,84.61242105302316,0.8696958848516338,6.453256241453148,96.97589719960413,30.935916182237765,7,1
30.928095831442263,74.02852062578893,27.616955782089946,28.570756766089033,18.28133885392259,0.8908321482896335,26.842957325130918,206.1988496796813,11.24403593660682,3,1
35.10251812564571,28.696966552834642,70.69764874557161,92.71237818644494,95.62918815133614,0.4490377603699617,46.82851090354196,134.11258795437755,28.81129117285243,3,1
40.71184485888096,53.20095316836085,6.268962162186586,96.99265253451908,37.66764404294625,0.45930368821307377,15.417606083809938,102.80206464698792,39.48701587791696,7,0
21.179364195232967,80.40632700491666,83.93384923560023,57.126046993709735,33.92406611738363,0.07696918300801736,43.47705844296092,128.29551267590878,18.815921990713022,4,0
43.98231196727128,62.07018952377553,0.3819922658583108,14.30011226657264,6.2431327277780335,0.6707650254430357,38.204779328943964,94.71026712694984,40.9957064990649,5,0
38.83701168472723,52.636622924106824,24.682386920190226,37.45482433795813,48.6173654104883,0.8212594203728455,12.390622145345343,275.47902695947073,44.69236825200653,4,1
22.452770958466157,35.94670024923005,74.09040561520715,79.7732263348214,10.90136156409287,0.24465505460471304,1.8170374158121227,149.2967215792822,4.774142247657843,0,1
46.20735872320331,36.64015304465583,31.627014972930677,36.739072869707044,24.853982092742598,0.42130088163336465,5.092363257119137,111.31982624359183,10.487393459318639,6,1
47.626172015954396,63.55895641585521,10.189238806601352,8.701721830278874,31.694262176728138,0.8388393367652703,36.42469669237201,162.10196025398324,42.76708881669419,5,0
21.832338795645914,89.5311488976934,36.02339188004279,55.678491092818795,80.8826323491684,0.877120467662288,9.983486902032334,130.1340417016239,43.12474589166241,1,0
28.30632944441611,62.94713518795029,27.039328638452552,84.51208514960348,87.54886503958966,0.24317998026422594,18.56354602526969,236.1048134533315,4.396827392404132,6,0
44.18603839379184,54.62267338960199,84.27119021605549,79.59263871435024,30.246631746146967,0.5505706345413642,25.08495830032124,292.8049779713736,0.6749325169711506,5,1
42.447790711509754,68.45204081913968,31.334791758514314,17.512314013035322,85.86981212445738,0.19249315063582706,36.27340842250814,159.5084141744117,7.2495010465390015,4,0
25.53563058069132,47.21644898269745,78.89324717760073,67.27646144124667,85.72309373697911,0.10187876413955654,5.661561162956269,265.2583499930601,44.820575252201174,7,0
26.28047970010131,14.811387408062817,89.18721448107347,22.05042634356471,76.46509503848735,0.9111205013919575,20.318320263873073,191.46576838990487,8.099982747480908,4,1
31.11416308374146,54.98374527023279,43.381741957652956,21.820753455217222,14.669511401518154,0.8205075042321092,24.25364545713477,89.30891627355837,22.614642302491042,1,1
34.53568955573064,86.61002276043041,90.9943143854392,87.40717733051852,69.0322846900729,0.7600349018031739,27.041353198576985,222.6556855203354,38.178797689373,5,1
38.54764314590888,24.024235388612773,37.73180539631929,24.966895274023017,94.50240645805688,0.04876631881314042,40.918032069760834,178.35862428145504,0.9180724809692853,0,0
31.067409187093173,65.20039126565325,96.40784164901082,26.32473465180112,68.2540478767157,0.8437287927102575,8.583909752160846,212.65163081302586,27.202004201630675,4,1
33.876041483994435,26.074695092724518,8.928952452557294,0.06533907612995549,33.16168491078339,0.43804407590538375,40.39157259133111,272.42185314291623,12.466145199133095,5,0
42.4241281440127,52.8662147578465,68.70192665032427,87.06690341255177,50.05793174308313,0.34239512329585964,34.64392138483261,160.1086426640115,38.80507123978792,6,1
21.100496086717936,17.73411597173757,49.38140404569287,79.25948132091347,64.57250433510536,0.5464763610253764,27.793540709947965,275.2944058043389,12.755751716883562,1,1
27.573108330320622,46.02967490065481,38.76488054556471,62.7328935090678,51.05704087285036,0.09135324272355583,34.976393520128596,237.66725357041372,30.9040074126859,0,0
41.40048757653658,70.49306631161969,63.27118787486009,75.02657639388423,11.995294173096982,0.7566465493523988,20.60088694758282,172.1512314694962,30.33988346013286,5,1
46.856205130615976,37.80572193911857,70.38570916343312,15.20485674244918,31.206404465202063,0.5824350768882959,6.9198792984062285,200.80553391449092,9.967209698683801,2,1
35.35032326346998,63.19293795897744,0.43632696503090873,45.832359458757544,80.23960305536325,0.18659009687316752,33.288262013268366,131.39528312975284,1.5659639940757553,4,0
35.96340455795947,73.63599686317833,16.69530887471987,35.121938734878086,86.14180460955174,0.1882321997690456,26.23361533428111,295.89932493469354,18.41623082034288,1,0
23.215160340193282,84.17422555835621,71.30460506343186,9.37765262570165,13.730003271557024,0.18424865157267423,31.968740027138775,216.83779076259898,13.013691838464137,0,0
33.422371004703635,28.771366548436283,66.63854135782064,48.61304852149241,95.23867523987246,0.057002387551933986,16.8999390514245,60.96171312415747,36.403998732616884,0,0
35.9785179936507,41.94527326474465,96.60475051286772,92.07396503426354,32.88226178486093,0.5877984493716848,45.3433288669918,131.6554764370022,36.01638848049054,3,1
27.27411510904189,22.193281066433393,76.1037790250783,4.005911905069448,66.231373873072,0.8403481775885081,29.368493428778848,205.82860843976437,20.566077848668147,9,1
28.07729692848143,89.39868017267001,95.0772707731338,29.14609134937939,75.18251459566811,0.0174982139873886,4.270124214543691,64.08331944980995,27.29305013954485,1,0
31.31852489313868,84.16007743394363,70.25405015348069,20.754093620570345,81.19462346378835,0.04900464497127355,22.490199535221432,55.97104782978569,27.19167821941163,0,0
20.60213593333179,53.196570422444765,29.805220863944314,23.81466536656963,94.57497022259301,0.5727702766869458,37.817802737181715,162.50605988195065,37.22211667924305,5,0
29.66237496749535,77.3626635501137,10.536492225085647,90.84345518793752,31.29195480288226,0.8194956853860523,39.706728086613616,133.1725449231675,19.12510863554389,3,0
26.34344020989634,51.67663818176337,78.18238633449356,46.806905423429015,85.85064545515544,0.3267388905686336,24.72985263818794,159.57465200829148,12.395100590572909,9,0
29.82492056533744,59.88685504022078,64.4149221475916,46.62994129398188,13.168690343620703,0.34961439880772216,44.73737854156505,115.6733274700013,11.926571316324637,6,0
23.59286395457754,17.12995456928133,4.818601239329623,76.05756424552823,70.50409063535928,0.5963464974967759,13.383421859714877,91.17943673574523,24.128652567699188,5,0
46.71581842219685,70.42163363974464,36.005046590097834,15.44922040049258,74.19777295139859,0.274212889124147,20.52993486191333,222.28583924508442,20.211669122949566,4,0
37.80777360662146,20.217078690818788,95.67998154842861,48.72653541000508,67.77232412013204,0.02660836607768413,44.9298455284485,178.6427790669501,19.805434694322127,9,1
40.37306957433469,76.08541042020227,50.04011457102012,42.99852141210597,25.2314736135153,0.7352285181015961,44.81283582357894,100.0385528123417,4.101180259036825,1,1
43.67513715822015,72.56224701363087,43.272913601970465,59.69106905466561,87.30431470152034,0.6256499129414531,34.28563844123404,129.8973565649996,32.337168331058805,4,0
34.953265967871715,66.69957581943811,45.7699605159294,99.95577032504386,16.8858463370395,0.5807559990556591,42.94902735611101,197.95197691583147,9.618150959185982,8,1
22.60760864262271,12.89283044198097,20.88827240051637,76.9448894082047,5.363479152083084,0.7416841289918231,4.438663347811634,68.05733706811947,8.862913359392461,8,1
36.113196254556435,34.250268475626285,36.87071708647952,39.78657030174272,71.74649906119122,0.6752308375620375,43.249748810388816,86.86325231654489,18.574124412482707,1,0
37.60523354062637,31.04900559286743,36.98132559871766,82.75530522740469,47.54757152327337,0.20588198817832115,16.030995327511338,68.31140102684753,10.250025372801064,6,1
42.3631842255299,38.810912597721526,5.2355020187472405,17.070836331248017,84.90980199586761,0.35248104694335114,8.916575621410816,253.0793331785297,26.273622028860693,9,0
32.94978638689038,17.011419741107083,76.75676285179182,3.0463686308960125,38.3397141058259,0.126110141678625,11.968491817102317,238.1023083030023,16.715850270051217,3,0
23.82740908386691,84.95662584248502,41.6504431903879,20.444837246427305,16.827858850771282,0.12985701341788103,20.898425400694354,238.32823296981428,20.201027516675556,2,0
28.513277173961733,54.3041792569901,82.21798868164232,34.041155611425964,83.64421924698698,0.6761957463565392,12.559600230223362,229.081335869007,24.1726194721813,0,0
30.892468891959055,34.44194485264188,85.03480011198954,51.05807574595599,54.89096316400717,0.8586001069824982,16.02837930082495,217.3463559174673,9.159098511681218,2,1
39.377517239948034,41.75852136594267,21.199405469865805,61.51291405411998,18.91957923903549,0.962732583861139,6.748924303582104,169.24797884454375,7.008823028948841,8,1
37.12334914006736,45.77620324038685,65.73534821701286,91.06057172144217,72.03839985864458,0.6283471175494444,14.808838277949926,210.56954087677875,39.61898562931221,8,1
30.68290177693539,58.047546668849385,47.22818041629817,50.98540095504577,51.111363848950056,0.18410132336095697,28.61419072710006,59.590388696993664,19.517566627413945,6,0
49.59545746378939,51.25435421571982,88.0156737921485,50.127564462572934,60.431298224031984,0.1056503454489307,22.092685404553198,205.36610566419614,18.544212433464264,2,0
38.173244580706616,83.55135785715339,21.57406791764541,5.024300982298213,46.089833820658185,0.8128509715367578,17.33593806179556,244.4694263842193,1.6025467622778666,2,0
27.116803752079832,49.75707863246642,67.78132003100443,3.491155265622381,82.87089838180064,0.5787564763599993,37.3226064428557,175.08959009609754,22.408933616432694,3,0
23.053474178612113,89.372641185865,60.775212225272256,55.11599619163721,82.95627156830498,0.6182850210137198,44.6754985696659,139.37833210680924,24.937637472495005,6,0
24.585774175529963,78.11399661960766,29.53014775718328,43.81786132483445,70.93888218243862,0.7814620887547092,37.83946114511985,119.35668370024479,25.147839192959992,6,0
27.378731851535242,26.680841148586865,13.660090365117261,83.91803949802986,10.540137739646227,0.7032772277324516,16.600035105883958,210.7005125405206,31.816402619529796,1,1
24.82044119778667,84.4476171715133,65.16397604772766,16.067958471184518,83.88538619040689,0.8344582528560966,37.22210839187768,223.2002996574772,7.98668257459553,4,0
25.59701072153917,19.309311830838087,73.85974581323308,2.49716621170496,67.10129805329098,0.05621390545987848,7.59900912370256,267.74189996563564,11.350041040377846,6,0
28.55285506081541,75.39597667929533,31.562734376335,44.903876793012586,69.70241660042996,0.7475206367465048,6.5158994045645455,135.58352061524766,36.482870935368574,6,0
25.201207858842643,40.4498634781264,64.48326040223138,23.74785567522575,36.298284040387166,0.8508527573220954,17.281351851807948,242.4430768463964,42.62267775795273,5,1
46.90296273879275,80.23794563560556,39.51309076115032,4.961437333883745,87.92795561570067,0.28613504245831434,40.38511845220285,190.33895604733448,6.1169736315294285,9,0
22.407012369849266,79.44453520859602,71.32068832826177,72.4598286847629,72.53716002348575,0.6404472739932529,12.317412362115093,270.7091226695198,22.39422995273482,9,1
35.73534168710764,74.4740320094097,19.92152748940531,11.159299995724748,11.259046652919446,0.3141620638369721,3.1626704449339793,181.9530270739052,9.637931373281408,7,0
32.31190480968985,73.20243490456491,89.02150026361744,60.83195000077717,40.77780344061627,0.957971066482454,6.585476760317754,179.4074570994918,2.70329257597421,2,1
49.47135850725819,34.37433112784326,28.74095964655797,28.104975016688915,88.63803619601417,0.03342357243550376,42.93724842647901,194.46927036022728,14.647650215676094,0,0
23.36116706504157,16.473542644100174,36.77859877561529,17.3496050355022,4.719670169737899,0.579792843832955,31.68916423736438,237.3288387856086,6.465943133289573,2,1
31.935667971372247,42.23841430121291,5.8091952080349785,37.97515229193175,96.14166196420496,0.1665035470495151,12.660058168498834,291.17261970711525,31.946988304541083,1,0
49.08411299826106,23.881961198920692,11.15122123212764,80.14457762229537,67.91625683195628,0.7122202051771587,27.764791266409066,68.39083855394142,24.017643615215,1,1
45.96521377681941,65.59608711219694,51.58619027123281,39.20935769045727,63.13759776433766,0.17589028341866209,26.37898112126752,63.35865059775429,6.47255119456399,1,0
44.512162128478394,37.687978123022845,26.75926767279715,75.07696492110557,27.05592564879914,0.23538326189835757,32.771798922033064,284.3875843518346,0.4158714782481465,4,1
27.737084811348197,88.04881606879319,83.54802257421944,12.548629679915068,24.879178873917706,0.4943708110457581,11.659377721080816,182.46890637955153,36.36706720608957,0,0
25.126627621701974,61.27776618762656,1.4693388654953843,77.27714196650791,94.20582194885955,0.9148349499968781,43.22014935971988,203.72575364173403,7.928748277391139,9,1
40.05929659773293,75.79844509074887,37.90940486719362,23.693332490664865,29.827245423412275,0.21171437214797084,15.468428104000642,170.6059003986822,27.279748899934468,3,0
47.88127967382758,20.601973819347876,33.73455467690927,67.73931298888728,77.55052967189994,0.14424002111810352,34.70658269881184,73.41436315186863,15.16148608845355,9,0
36.70288679041789,78.9611585818098,1.9327630917601035,56.57815548409963,39.31217982070792,0.7589768318540306,0.8062323186107445,242.02234460466664,26.346867224176602,4,0
37.14838068409699,83.82057524107155,12.436839900051023,92.91447172116874,13.925407078470398,0.500619532333931,18.63285649470736,236.8061612721467,14.204413214204582,1,0
28.399372809808526,48.96495350551487,41.36426749186353,38.732251797531404,1.071529769535895,0.9117851123817714,17.585490897940414,127.925830373203,3.9122802311514375,4,1
43.084787995758106,58.50023502007819,49.28645844474466,6.616518883444044,54.42573370152508,0.14661455715984228,27.174221429150723,126.5598113071001,10.032750385098911,9,0
25.6113124567257,71.18478407223964,40.42897472548691,1.9155485551252904,97.57788185489326,0.6459278930230393,3.636813088859825,259.4603452263796,8.462635491558402,3,0
29.71037709212731,23.987090180833004,53.093767841209385,82.6858560972753,36.91361938092045,0.23287914615181504,39.506568686305414,68.08931443533166,19.260870859783974,7,1
32.7630931584925,50.205286117075396,59.51316749056815,52.473563766143215,35.719233399304485,0.1567604286516393,10.889040088378426,270.2762870891414,29.62277025417708,0,0
35.22831136053365,41.89304222178505,0.992382112783563,77.52440518349492,34.40916178494421,0.6834294151572705,33.85189074410051,114.16542247397861,11.87127337258609,4,1
27.272291972452408,21.70991937297993,46.409515945350385,23.44256000115147,52.054383730485846,0.5936846199087332,40.16060616220466,198.24618693887348,0.5431470885278078,9,1
23.445104742176106,39.40275378332252,96.34992408875883,34.50837455132337,44.06648834242935,0.7548274583623312,28.093847812075655,283.99854475044447,23.352181391914062,0,1
38.31860127324897,15.453784750839485,51.90322801295487,3.010387221131894,87.99146267270145,0.30946257644618236,37.044160336099274,219.5306253841616,27.259177021153743,9,0
28.65891659720767,12.064952555958959,67.75422674589532,96.14923245741122,50.55207917234903,0.44797165638218994,33.09301561075028,153.60745311675913,43.32917223008143,9,1
37.43714664267837,20.81330313238582,31.18638579168832,66.78679067008134,50.77578381885688,0.4054716763304185,17.77648985760038,222.3835522263538,26.526186139196106,3,1
24.63088145822607,87.0492089271339,77.39913781527625,93.32050877593062,13.83715947205566,0.9840894639665142,40.44292695167827,135.99490907909257,21.202765172016385,7,1
34.434203055644524,53.96236287160136,77.2921481876115,26.549640742907233,98.27395409103859,0.2922489567393879,14.7350684942764,119.31460408729653,25.803073165396672,0,0
35.97768297654758,87.2657728922576,52.129604765413895,61.146361122566084,24.99728908688297,0.2948172383467669,28.56064588757586,299.1708194836699,41.75552834379122,1,0
21.554706104672807,44.59983026641056,97.60138232792136,67.84999682926379,7.336406745960266,0.3545482088286074,37.26988695707698,237.69755779494693,37.27701655207408,0,1
30.098128345817617,34.945290646820766,12.555021476265338,31.754970025758844,66.31462489752089,0.5645940812903215,18.94779549062538,211.17999434545442,14.53404300137136,6,0
24.032440308169228,50.49134902721953,1.6947664889580993,84.81092350156301,59.53663701568727,0.25232274426374524,15.138380380871252,138.8224108048297,10.676446364571177,1,0
21.90124911418303,45.16093509063281,77.0158211757096,94.71614629002478,41.514565399274574,0.9152899403792739,22.967300508641138,62.29020728876204,11.818512556473314,0,1
49.69880697169836,18.453174740939513,80.71555373648826,88.48551176960044,42.2192233880678,0.2656855648662635,40.89817471745768,57.7642190087889,22.698946787184585,5,1
29.67061534924169,61.266105175216495,12.020722912057625,73.90669759393725,78.50639210464311,0.8958157315601947,46.49608815728324,188.5453138621997,33.482225305286,5,0
44.29623337563905,27.28305460076797,26.55828329586061,27.746467972495402,19.571264009964906,0.10347506364658465,27.254170642994506,240.50818025976275,22.644864323233293,9,1
27.639219642912916,59.56703639182636,1.755236336662891,28.161604210563173,82.02533189448897,0.6565627023996523,33.073310266182595,184.34479761096378,3.0508378122650663,1,0
40.44508166671788,62.01608739185227,29.33086107805647,96.3360320446038,64.87471138950181,0.9069855184382437,45.16368111194571,260.1962679847786,32.56113151979914,0,1
42.80683579669059,22.16198825029185,77.31418739186715,1.0284495935692028,41.89697737795244,0.16874943839822953,4.92734257064712,58.356633273305405,36.26865579019292,9,0
37.86916221823533,14.907970168853453,51.79605277125789,71.60499732421445,45.80286165838686,0.968326960099255,11.603928893308252,141.68801910648503,13.027403930387385,2,1
34.14728565650475,72.46092688547519,34.80955931682881,70.62461625552622,25.66472071860958,0.4528833604155117,35.445000312579126,109.26759779354451,29.885658267750767,9,0
32.355227424418054,46.78403390154561,37.17392949063303,62.26895409497975,75.21143326969748,0.9457151084410245,41.18722309561498,161.8182420392805,19.196635547447702,4,1
30.46604799628986,14.653103640438063,0.1353625715468154,99.01088460868658,51.287474230526776,0.676820043630047,42.851451416528896,68.09409829853062,40.010371007734925,5,1
47.88587432743478,89.58930537358137,29.98005275652359,31.187943576372522,32.08545427498436,0.30158686987355154,20.75535884274663,288.53291039276814,38.03515011723329,2,0
44.918582233631874,14.622444879709331,64.64587416379305,33.997186379324816,59.60501157609502,0.18830252491710642,4.466995114593342,105.81385026734023,23.644439923933902,8,1
48.95080731999538,65.60281830868425,97.41944438163571,7.893940294655555,99.5734452051323,0.3037350462250994,21.889073864980997,280.57694387089623,31.117749561611753,4,0
23.72891670456634,88.69431402107308,84.70608269838995,44.27981365437375,43.52622796565539,0.09301740926267499,11.53672951035269,156.47328875917043,39.75073654599468,1,0
41.92602425610933,29.13440833727405,2.3594964645529126,26.10485262348481,92.06914007786196,0.14386796634332977,14.55982274983121,296.38103331380455,22.307265453522398,9,0
48.150213704631135,21.379949494975694,89.85606046748393,34.338670217764424,34.50168399245661,0.10466044034648114,38.61337784187529,188.51459586505268,14.096283321996989,5,1
25.436991984969804,19.71079515379431,78.3198413298626,83.45717902556277,5.4732706924985886,0.42294354374155774,3.7763543012943437,282.7082160439519,33.914976205931154,7,1
21.994888021003327,34.262011805407646,78.03761235709804,93.54845135274957,20.424210636842886,0.7955783762575864,41.379060874035105,51.33724717355571,9.90298146531113,5,1
42.23361947870177,18.083664880851735,45.79957590035715,18.573307200518563,41.86951433276842,0.1413835542163402,21.383454291208455,237.05970154522504,17.483901660271894,3,0
37.234193395397355,65.37290733553056,39.80052929545028,37.25089315534659,21.963492859456903,0.13032043317233588,29.803196555029754,275.7626632756288,38.95772566980572,5,0
45.25486330274816,14.983343850405015,30.29157288331926,92.8630562115394,0.02270382182555375,0.6434289495173308,4.48261156178395,84.93014174473852,32.599005312119175,7,1
24.193171298788684,50.75377025198318,6.569485895436578,6.180846068922263,91.50015377475272,0.19718298196806627,16.867953917863982,74.03146293303787,18.171495236137467,7,0
43.858019355796706,89.73574830823814,22.82353634936991,9.236052811137851,84.3879411230929,0.0976100381089916,4.485045950742289,156.1431517964889,9.663502608376083,9,0
26.048819601432335,75.11762156048151,24.66036349780246,16.279098920622936,74.22922314869471,0.16684857820557764,48.07718614405548,283.41972653323376,16.018577587450643,1,0
24.909678285971136,59.21755505848087,48.40770697102016,59.521283412687474,16.781459564602862,0.9237313958767761,40.36308246631252,185.5966400476097,12.784686715234484,7,1
24.92797393792979,34.500289662928935,74.7444406596694,15.047227100599747,12.036357620998606,0.8214712527761908,22.981637717823013,181.86411593043303,7.924017957473427,5,1
44.43724160694146,59.91166690333108,47.38098283979466,96.80763814507335,6.760474947238315,0.3540645623550941,11.180127416183556,85.28152957483047,33.44998111045455,1,0
39.955916620886,52.163317112932134,5.784444944716061,44.671452725852035,72.40291887729212,0.6558207673273928,46.67275526249261,50.197377773304694,11.343144908257718,0,0
35.69196274307358,44.086670711229715,95.77898009882038,50.15179603501664,92.88079606878853,0.5372756736680381,17.22982978634859,252.5350226863653,20.43753615754937,5,1
30.764914523705073,20.45683013921596,94.27243190941122,24.66586158054065,43.053582091303696,0.6771242634825639,8.049221584368738,71.89364074655956,17.363675107624907,6,1
46.31601622439325,80.92833721923733,78.51895431484084,47.09602524347335,11.914067199604816,0.6826711524627593,28.158219422697744,208.462454683831,44.193482038603385,9,1
31.773353222679063,45.9827719057058,99.13279015642206,66.19136326370115,51.23928207321066,0.6287340150599929,47.188706017240804,278.65411362879786,17.599150986669923,4,1
44.497983184147316,25.569800945661207,54.448233280026294,75.11771369540428,34.88319074586301,0.2661013685373086,0.19151452501612876,102.16297828960775,3.5992117258539658,9,1
33.17404725710655,39.420748070183166,96.27683502532061,75.3868082709913,37.48249243499977,0.03900642076281813,11.906242162699938,216.3182090592277,4.042158865743781,7,1
31.308332882747226,43.130380202314164,7.560504061675077,57.789111269408835,62.13306241557073,0.4555667819901088,46.92238202052038,69.67464417687736,26.583917460887918,8,0
33.880393570088195,76.20303164534994,36.568074826137135,90.43597749938573,71.87181132622024,0.8909738846907038,8.554298342858102,200.93878595940325,26.971359828221953,3,1
29.04133622492426,68.68915044491217,22.538126800676583,81.74078473061094,11.060359887316086,0.5694972585185759,5.662172581990993,90.98293023830068,18.844154571719475,6,1
42.428281405287535,71.54439149130718,19.583308413427,75.70481146986255,3.5590230806476386,0.8323910417019079,28.509360789990225,233.9883901287945,19.432966154041335,7,1
35.081611702774374,10.882501154291777,14.08029488926761,5.560552168046062,99.43303026857149,0.9916243429612281,43.09219116474149,125.30782369847705,2.4269662278392046,5,1
26.96638085440452,43.29231985438092,62.241364156599666,0.6877962219649314,23.272834891555185,0.16361620413827627,23.855490884696305,165.84775220116154,23.2445929675168,1,0
46.987237198237054,48.50753213082589,78.1321855747305,21.244727719547296,5.383052490845907,0.6917776391419823,49.72821283422624,199.8576355069054,22.713276392115826,6,1
31.516736641196342,11.535382145844535,57.82983994203607,66.35235939134523,18.987532909591998,0.6742935737000246,33.958584976899644,92.81835266655989,6.729719335062504,8,1
36.30658583341966,30.785056699602737,14.696270958820968,41.119748888254584,3.895784634846422,0.9799554473582784,3.7037453605223867,235.40945465440524,4.672772374991741,4,1
47.19416332893641,70.8231858497708,81.11237699334708,40.24062592993117,39.181089461717164,0.9856007339528003,49.64160658409877,125.66008515920363,5.560762076977072,1,1
38.72713987741976,20.968776458319923,63.59547071637285,88.45868882296138,80.24017844513243,0.6866786117241295,20.39471183900952,215.59296497818838,4.546271092106633,3,1
23.506941221250923,52.824810516207336,38.81657061269955,89.55628481318388,34.124444975772064,0.24361479198219427,14.370126692274127,89.57076267484342,27.43686879915419,2,0
48.19496370840425,27.216149761379,67.4130295536063,90.91752640535857,44.418340687836654,0.798555838130599,27.893959178894278,222.02941480158756,8.841719358131337,3,1
38.83124159214253,10.969661971511462,25.990497924283286,31.38780765150273,67.55867735674389,0.1070291342110381,15.215379591043215,82.04701820261543,11.314356848435855,9,0
30.047168439712586,29.29611660796332,34.51922084942105,69.10558127392618,50.889407006988016,0.7806993041716287,4.322875356007616,156.3391240674959,7.810746486814788,6,1
24.17816217990162,88.0699003928043,91.74858431319902,27.163318127436963,86.14456860213242,0.9101961241446964,0.07141715395883597,111.80151843471921,43.102588700182636,9,1
43.82075567810888,74.12296895063916,29.05045056714204,19.060983307444978,86.60356750457565,0.38283339476843525,22.479167646013114,237.09381235704564,38.457785841832596,7,0
38.60218267785541,86.76613154568267,46.99882681579366,18.463245734736923,0.9910695491153643,0.6306352949830805,41.84317111132961,115.50875112671864,10.372267680818439,0,0
36.00383275928965,49.028323514109,89.01411373960147,34.2107620863594,77.80463064831991,0.4301427320968263,28.615759281503827,270.42932659884906,14.74048322649567,7,1
46.816777491528725,18.778895894200282,70.77213502675275,42.99576197798217,46.073360024167386,0.43776505498812845,49.96036494717204,272.95505285165325,9.445177903724872,4,1
43.65791633673592,53.83675911789544,6.220322616470275,83.09491710550684,98.88405413036631,0.31037088910812005,14.34233228236,99.11032880569647,22.134418175737068,6,0
24.550246391982533,46.350186764796874,14.730304427897034,11.98910934727121,48.323207587543514,0.7621296204503246,14.022753238002766,203.46148625193106,0.8824739613414118,0,0
29.351662033866447,77.54856661916928,0.7841590771916818,73.49258473948942,98.68959453882975,0.9361765641665052,7.98747301169721,71.92941042999108,30.211560400355808,1,0
27.45467419443397,17.846606462739565,63.09217902291634,53.14549141893053,75.45693612057366,0.9407508592344611,8.20317941326676,147.8842749004073,23.542116741793873,0,1
42.31838877718031,49.059290961742256,44.767342541041835,28.794534267599246,24.860488461330633,0.17478128487493383,14.25932980050239,228.33043237531805,40.43875177354965,4,0
21.005973042073382,22.00389317551874,13.427485090227552,49.281958453282456,53.83949792869577,0.874743649656566,39.64200226367636,214.85581171247907,7.397670794778636,5,1
37.0966905461395,35.974074151204796,95.79341210567705,29.994206977702266,99.21356394785828,0.7374314414271221,45.28783953182239,206.175167351652,36.18491607275092,9,1
42.87376057222072,68.98856619102398,52.96597239456199,59.608195523830595,85.75306077519237,0.25283740069028926,48.75435848538407,120.6352159156109,35.63824565100221,8,0
46.30296910285249,48.081450349501324,24.189329411288917,43.38439228552442,9.73668937912211,0.06728461292151455,11.614482704822631,144.50623735860052,5.723153514759912,7,0
30.262452461477224,40.07106281166155,50.06035711547076,16.440552907887874,70.6371996809996,0.26799726688437797,44.064877280704586,75.73653617507155,17.935165086485743,6,0
44.637719140160385,41.55810228560283,67.96203327351078,11.658307455569672,34.5579585870813,0.9122082367815256,16.412754463866854,229.75570510840024,7.65686885150326,4,1
23.318952108656216,46.75574147247893,7.623921797356448,54.66956820721302,0.6982261880348117,0.6331786748957723,5.64202722584422,175.97219919781838,11.462422520589701,2,1
45.39356875203555,72.80132350696455,27.4703815047892,90.24130332861034,40.34809690269996,0.7210546608978718,43.50124627600828,227.19140808641365,11.846077867374497,8,1
23.824659869959472,81.36677511521876,80.69654908839937,34.395768655768556,23.47544217249713,0.25715235110909584,31.80528173218093,112.2358811992182,25.030637731159775,4,0
31.918618716811018,86.42677492031426,45.966487040266124,73.30001072226231,81.88692705204716,0.7193881555748203,8.236544804053086,131.10955715876656,18.513491929220947,2,0
43.91886097338661,72.9522709004236,54.65771420322949,65.8661354939767,33.733060884576545,0.028121506277923758,21.49156287565013,133.55383431502867,42.64797618028374,2,0
24.497522820463214,35.23255165984102,43.28160022094693,93.1554914309481,82.7523693953817,0.3753213457730138,14.362884743853382,56.43560243680405,5.686656387615231,2,0
26.877541856979246,65.05077648692337,4.389994264300512,82.09810172991409,0.05979388347953085,0.6267533485423312,36.83972843550985,135.26196820765588,43.816146068258945,5,0
41.66757705179199,45.008249924431354,16.574977982015593,56.660525890546296,30.781915002611914,0.14609656554132022,22.670811531213403,250.82614337950838,10.378738809641877,0,0
41.601096096382236,30.373649763684092,44.554163874189086,65.70304982341074,24.116521430776196,0.8230035744469347,49.46399725531925,274.32462393743464,34.77932713718339,3,1
39.23442898655892,77.26972635407381,20.918546540792782,89.83864665840349,23.3567361068611,0.23503129881191864,2.737249112979756,179.55457890898185,15.253646677776963,7,0
40.818453334013,13.074107916986,4.997902865967873,39.95187845869348,6.81866197654627,0.6522811128184463,17.750763306812335,163.87542380480505,6.438662793779126,2,1
36.28173330042789,82.14095937083388,84.36496640518237,32.679470585777736,18.712427041050173,0.4051971425753297,24.09500835549887,57.706154674842566,38.605013336080795,4,0
27.553971767208584,46.91819716997873,98.11925291641158,1.081108363519634,55.55495698856199,0.5960435954776472,25.15667773741599,269.8010843963457,13.898740465640845,1,1
30.370879805117582,60.976118144662436,79.31428739967394,82.65510741914642,29.13610728377445,0.10745055262890812,15.796791119281838,53.25255335646818,29.648493190207898,1,0
25.44793150404277,62.748313776462616,85.3784921704667,80.0980700403365,41.73947823291479,0.016912799921607324,36.4620124548784,286.18752005255294,25.489965828898196,6,0
47.25351684000885,81.60941925652291,24.197713031704538,10.445451810015138,37.68668803471885,0.9095644273803012,43.737353674448734,172.30406217202267,21.229033922589345,9,1
37.50175384298362,60.93357457337659,96.06269755131997,57.68573811327003,87.59049249998945,0.2696300087671828,46.93596509889315,135.48362339368165,22.31187626918426,2,0
32.0255425029092,59.114686780804945,19.692570445342838,46.398169816688736,90.52989990105155,0.8196770027804591,40.25466883997631,281.054608710665,32.95070613415294,4,0
33.86017410932398,15.332163244855197,95.14298103618323,11.870909550911147,49.295697165586006,0.9993503004722002,42.52900986532997,56.09774827752418,3.949781135554826,2,1
48.41850018835446,51.47264175561632,99.4819293965951,98.05682270607235,33.01559503156044,0.21143125799891116,27.527265030999775,195.35622371727177,30.068129788105733,5,1
24.600542093482407,22.01352006536333,71.17228057460487,21.469588746335543,10.680070400236364,0.2651707411833556,41.29441132134073,187.23313112483442,40.31154456293604,9,1
37.58689496050391,68.99470149771885,98.1143731791822,6.723418009056115,95.3402879382095,0.6628597876346657,15.175195457397612,104.83010030284552,2.6004688658938866,2,0
35.17666036653398,50.97775366501396,56.95397795671037,59.48473795019096,6.022694490029745,0.9654486346006212,19.92393810546072,157.22185783755265,6.3294002655150035,7,1
38.343627063039435,64.41822233666826,25.954178317609035,73.88666771330327,29.765027756828044,0.9158143481907439,15.845650690927215,213.06600148594256,32.24843715159141,1,1
20.543305514625214,13.333832048190741,43.699588566562085,3.2443446047186963,29.806620117000413,0.5028755200655849,23.369366772396273,231.78279922048188,19.67767417100779,2,0
46.16371726832455,16.783361283664256,59.35609353787859,65.87176387270222,32.04012861402149,0.7951102825267247,14.278980811931818,50.179214676644946,18.159687936615978,7,1
47.96354847450837,67.30587104501458,7.308156202701499,53.22918759514545,16.428684327240926,0.13574585309990106,48.08057211272234,284.2133575227538,6.163498554490613,7,0
36.95399550767627,15.76674687989387,62.234326461724606,10.326500887504842,78.31614309236971,0.9774381842040123,15.642231400283407,91.1313430982031,22.804651832300465,0,1
40.89952471630677,15.700538221220688,98.11778367622945,17.252387694636205,12.249786196598922,0.9643532340359865,4.902226905546991,108.3951085555898,5.694539003836976,7,1
47.67498143531887,10.968678018790996,19.010764978372762,56.79742973160805,63.49066591531628,0.16372895787917097,26.34085830252067,115.86836142346206,21.44792053397432,9,1
41.217159029401955,86.5201118639584,79.25951162883833,29.63576135132884,12.384602670581746,0.2994231248031066,2.8549539222588183,59.45503413800883,34.36268845327455,1,0
24.57617128742784,69.00066875672056,90.78987937796194,93.8315728651316,7.053563759295656,0.10015499750676693,5.527158315429026,80.76303089758123,11.621896104922358,6,1
37.288650805004394,38.260112680165136,94.37015928202209,81.87402294840508,90.94295036858765,0.2717175988981797,10.969469459812315,296.5874807360405,21.63537756808773,5,1
38.201451391485676,33.72284650301242,96.01356044054472,98.3567206513663,19.01287663187057,0.8159557894152066,23.217512494107083,128.80418434432153,44.640718622857605,1,1
32.72392013907158,37.97625837966797,52.14596387214719,25.967083895041398,82.12501545597043,0.37831560716525947,21.662546615451394,78.82527258476233,30.899269050931675,4,0
42.09332706874169,71.97228249449455,97.73079079915037,96.9723632797977,54.46308711071358,0.08839696714675838,39.98459310013956,76.74781529365583,37.86105470873394,6,0
48.03101044307044,62.90964888563315,75.73102071344388,43.12338697915579,7.78565196087696,0.34222552477890456,36.973732694205665,229.86499191749297,18.66814229522456,7,1
47.767055387203285,24.815645429397435,16.16714362369619,34.751879531375465,95.54481914380675,0.9813833342412801,21.315914699535064,263.6421660081602,34.55374154066349,2,1
33.52518114212396,23.928746826726748,47.690010646797,5.034952696935324,24.696116699189254,0.6296835952592029,16.685210378781495,114.23807487711747,1.8229127823594826,0,1
23.39714137522266,17.871651977071785,71.8331175372004,5.276525785960262,85.96453453526065,0.41616094640615775,15.82343920307493,55.227378083808745,5.531003214401024,6,0
49.54523596887004,62.82421757610705,24.734031581908333,69.20112559466547,16.88100057845642,0.16653851349727,38.69975436470045,105.77250461133895,9.138176681402795,4,0
45.166942593378025,71.14981297773888,64.06151835488873,45.79289944340279,85.39428821418528,0.9861767972836948,2.6036203110634872,64.12892269918933,18.08783660768488,4,1
23.739880436098005,31.203714266000322,66.66004790466192,22.65216260361057,1.3228812905293985,0.8208490092631288,0.6410824755302913,75.84873415751038,38.058519524659346,6,1
47.625256478521166,11.675596882473025,16.26997438085659,61.39703063252326,51.178045656948065,0.2814773024509194,39.7772195963324,157.87702996191058,15.581972285456873,0,0
46.09689086186385,16.573733398114186,56.50853124527563,25.285811825011116,76.94425794215569,0.07006869572118946,23.857318799452464,107.47959271540815,29.45795370819583,7,0
35.56514171378216,87.42880278760244,77.16269109786077,57.76317543444226,93.47955174927833,0.05662555737755803,6.544056927678799,178.98646963135585,31.919143266156752,9,0
37.73826307234788,33.63558219819362,49.88956645359419,35.92087469826903,90.92021362064871,0.12037814950553383,11.778296729725064,113.3734383142976,26.378205933975362,4,0
31.970081116103906,71.53785182705069,1.2103116776107425,82.3552226611819,81.96248695476449,0.5807685836144216,46.625197654869126,285.1343252757369,16.07588856765613,7,0
21.64284916466094,59.9730855083411,0.9038469079292177,82.06961607667793,88.8191349661304,0.9287634212054924,42.9751487812449,276.48599198156614,25.96740037710949,9,1
30.05591724937703,40.555171172231674,35.702934397001215,47.73503981224013,19.92196858370765,0.4967434280059845,35.48925251119863,191.7015262526165,15.40195167553858,9,1
44.085603457940344,26.45498097564441,92.6194068431782,35.08191093350156,28.418429571172876,0.8429454824561972,24.11126151686633,138.60599799684655,3.7743182348405435,4,1
20.138960690138084,19.710913452752514,22.867677960360876,36.25597965590946,28.89685249210585,0.4458866198598078,26.016181309569287,145.28672050868389,44.67617901837065,6,0
30.004975150734325,59.20103744310933,63.43636888716871,80.57145256682179,37.70539310016988,0.7085835457678252,48.76222676419793,152.96307078612423,5.723210413462991,9,1
31.9450608077283,71.97070245102304,22.207587069332057,32.8179482797612,39.33206703851887,0.7318727372865008,48.28852219421436,231.894830533736,3.255677272622581,2,0
36.12186808813769,61.512340283290456,32.16699896595486,20.9059373706846,54.45553246546755,0.17396370590333865,10.763452289291713,162.90974887970947,39.533883714322016,1,0
47.59566849238281,52.42417065993266,84.8042089601484,8.468834187530682,15.987976336644138,0.36121605897581177,40.55522831526591,264.1824866264743,13.582559740180281,5,1
30.390379830978837,13.356097874530901,72.88614422699469,46.66931208844084,69.12466637859893,0.6373021565380239,9.86213330835084,286.02369648259116,29.263363833307842,4,1
30.40859605688683,87.47910220755071,9.539927731321063,48.213209891984185,16.75665393045065,0.07069660818436618,10.67687389419757,133.98653834473345,14.805257834800479,8,0
42.125037443292456,73.89713533236596,42.87020209864336,84.09087104029072,31.030848210454753,0.3615401877629566,33.80465170822884,190.17362034392002,17.615442185751203,9,1
33.56653822669421,33.42576293607718,2.916976364526447,22.123869644606398,50.33451306061541,0.5347994662811925,20.25005492937742,73.76413420814112,11.795083740755842,3,0
26.73814468819946,88.39762634870806,48.0890146603009,38.099127366839994,79.64405615234773,0.9962244930446387,46.57722035532601,100.11726194158975,15.43698026068546,2,0
33.5731854839808,58.15052717090577,66.24340117010681,80.8405738893691,73.94692332387272,0.47453356262244073,4.4504867448004415,153.36644167754002,18.48151802639444,8,1
24.225710611393996,56.593812656579715,11.850262359815156,82.36236107489735,64.55343564105223,0.8160567571143236,25.576282040474652,101.55067897544471,32.41872310915543,7,0
25.2916095951867,69.84585435436257,28.888493890916568,38.46110759787682,15.577326058017016,0.43206728506661773,45.92607652215606,269.1401226971794,23.01912874056563,5,0
34.95103318218439,74.941583047211,39.783662550215695,45.91240232866809,54.70453456155777,0.7963907226197089,45.205683023975254,89.57156401477451,42.46043477206396,0,0
32.56776348513644,62.518288586520214,91.95310246560497,30.328589084928293,8.744650179988545,0.5954148016201084,7.8264606707870605,163.915205388273,1.884617722744898,9,1
47.445377032043,20.247659709296002,99.32550154229641,93.2554878419312,37.73631767966508,0.8865954415023983,18.331885004822823,201.42481011496892,22.638074518441268,0,1
30.871816973498994,37.06140047955987,4.491129899561585,11.864376574158031,41.35165302899592,0.4109425523501099,30.956070002334812,222.9659770402111,26.290115497427315,5,0
37.4176505083413,84.24669122608398,76.1007923495392,93.374942300147,3.9811439445753827,0.6043044198214789,7.969744238570109,145.76734243162667,41.408864373342325,2,1
38.96792863758591,27.969248947508156,37.17240664023432,68.38664518353433,27.398809946997183,0.6300186806188274,48.40110860228693,267.27476718118214,2.212133562964241,2,1
20.39283369765001,39.77336190700107,39.245818622948,53.15721526867312,95.56494672664894,0.4173829418004733,45.737466436383016,192.07978776948138,25.807481322084723,5,0
39.906121160501314,44.56615063553568,75.42649733470228,3.2659060784495875,95.36326078296895,0.14431204368748152,8.347508951723459,159.87694511188795,38.413346783758065,2,0
25.341079006092542,45.15239917555618,91.84264321454087,47.55961918220083,35.23270542525393,0.09355940691233555,6.057773063049271,66.81015851300916,10.886747765365646,9,1
48.832109524083656,59.03516659956204,95.09285945025483,40.774810500273226,4.310010894832406,0.0166715505996331,4.270424140413265,166.17236711129124,39.43315568357718,5,0
24.45988183259339,85.4460670195766,57.712258603832076,16.121881197512256,17.909493932818155,0.8735342642452146,45.472183201831555,255.18396020393257,0.856953417343132,4,1
32.43872371181071,29.2554169466004,35.71211593005028,65.6409603500657,39.221779343354015,0.23647491223869455,9.681190489773039,203.63525455532886,32.96045831101784,3,0
22.560490042359316,19.720110104073445,78.75490858587793,97.11509073682858,94.77796979692297,0.21150674928176805,20.814246427217736,258.0406134322796,41.99009495258939,7,1
49.90622755537842,25.797639188794985,25.100138326230027,56.218881106452514,14.119906353718491,0.7360354004260655,22.44256828260015,173.5029176498264,29.5738947738028,1,1
35.065850309937275,80.95399201674157,56.40740288335178,71.47532764439458,76.35158436682123,0.32001611308739175,29.950552210678378,79.61542627362046,19.75631597912016,6,0
37.86155051960131,61.664865012416485,35.85784615248732,6.845045256601678,10.868253937469207,0.5060446924118366,3.5867671873712483,53.409961458970265,2.0196457412723112,3,0
22.012294321652824,32.87254313913281,65.66310737078761,41.76669958169947,98.12575773912768,0.1625110652974563,11.337930870025797,125.8048866796478,41.405121599518296,1,0
42.498814111975335,75.27575511748938,24.03989128935069,11.635848516449588,38.161649910913496,0.9597457214619692,46.5745193459463,224.4976178744481,21.163330021120863,6,1
26.297167792867572,78.90959970907488,19.159294573482576,61.27958355365104,77.5234538899056,0.8515814000172374,45.420505363428475,247.56497598542344,1.3048534951176605,0,0
46.94162868322141,77.72114709522225,91.8239086675437,93.84821582141547,34.259108281113186,0.8637896229650033,39.06453237028461,123.93820865508235,31.041948209794285,3,1
26.154189214460217,83.51412269116436,10.18036829495369,66.17777324716386,62.76688771588087,0.4067737485720052,0.9700622809107717,173.91348022081178,21.682676410931617,8,0
25.720631619909998,30.179281613868927,50.595790773493164,7.680304831442153,19.201608474003674,0.7623612137071728,16.350338424805106,155.2797261085204,5.595539284908483,3,1
21.096490035442848,70.40335429970227,22.085278296300892,35.466620498508284,14.602101929696254,0.14387615538978016,31.39793676714539,152.63069608785696,9.64223141896168,2,0
34.16200835329998,46.8431597819312,3.892996332566745,55.066337944085156,93.80641395681313,0.008619002591780278,13.759510588673784,107.83717830003762,2.9020806205130825,9,0
36.94523399787849,77.35988423120492,3.601881829142639,40.320775613325225,91.76472779044335,0.019972932578028124,45.479334752688864,84.09277625736459,25.84320928688581,9,0
21.97125918285057,68.27925417292906,17.522177210582733,83.36440104751723,88.74689402128824,0.5866017374045605,31.694473091622093,99.17213955780328,27.991326566340415,1,0
43.26582850085032,72.11579571997797,86.67703545060003,81.46710047099891,62.543345016659345,0.4553949052479408,3.59533586582228,63.83309679083652,22.758403425994995,2,0
33.59866504244083,62.49294701448572,28.247874397702667,61.183102010322145,80.82682112162783,0.5180153489085197,45.45027944178515,99.53268545589427,36.76959598511767,0,0
35.7317080798274,24.19430155757655,95.04591705752958,37.345794513270526,6.903693691137491,0.007463140417219405,47.88833290881113,52.30022440634487,38.74539695886061,9,1
33.222882408146845,53.60215351175506,58.16222929891936,25.533637376324414,33.47890418906792,0.4226866196574257,3.8856209195862745,206.81460015899458,27.703097850740697,7,1
32.02289182625978,88.77357916196065,43.66141897687661,10.587431821312931,31.37031247571562,0.7180681612008608,26.618011743065743,129.0938518469207,0.5740415868343746,0,0
36.78920993924653,84.99104531976951,58.00888346694546,35.4897683486554,63.56453219526132,0.44269370196743585,15.168214110708522,293.28617785672714,31.285334508648106,2,0
24.657207377921374,13.453898863760934,51.669838522626776,41.31725172077195,35.59577734706405,0.7322192063122223,19.641953824070118,98.42926269407447,18.80996476141582,2,1
25.457843914858135,23.18518525835497,75.87762537573252,67.58229251040736,14.85067816436808,0.23301896439683478,8.982560897767094,136.45714257739849,25.450086745187413,1,1
45.85356863040552,20.538301876364955,28.249606597285226,65.81598242975734,59.646707541354374,0.8131420044817255,28.903605100620627,139.4602896603833,29.2086270908498,4,1
48.38346386400898,68.07839279882364,35.30503916003024,7.0108139641256955,81.43839206690815,0.5884312404534523,47.898967662444534,52.112874015615134,15.760647644718453,9,0
31.199279488392587,75.4228263885556,89.40943025332507,39.525931543115775,38.21234944599732,0.21076309942990623,25.153630013580454,259.80198825986474,41.26943273273074,2,0
28.122340194306613,27.080909304853755,94.64565131504055,18.177886721736193,13.22687150984817,0.23672047585383293,4.145729069724058,57.998615036081176,6.028869003740154,2,1
39.31998629717047,50.46821543614632,89.25582274864745,15.68127053168057,19.668819731282305,0.628030464569537,31.000066673870418,285.0449586823104,30.218031327646685,7,1
32.262025132942895,77.256242240896,41.94479939573136,82.73021497372459,23.7483305169384,0.8299395932124434,17.011149722562852,273.01858777340516,0.19618109804611927,3,1
20.761590669810346,68.62412358130004,78.03655030068816,4.191521671625753,29.989759299453624,0.4156277820291552,42.79625947956489,183.88047902149088,41.60929974323314,3,0
24.68457792098571,53.378976439347866,47.63357333010988,41.91828759021213,64.27950705063091,0.2583004291275922,21.733907415823513,185.898893727823,5.0626859957141175,2,0
41.47916686542193,57.22781523670183,49.75398521461022,16.82036557665182,60.0945484537719,0.8670116069106004,9.64198044711228,213.44448073903908,4.269790356640859,0,1
39.76771825730454,50.6688437533024,20.468010905728395,87.9330215678474,69.60798615670392,0.6692682917508349,9.555281134557248,146.76250298372173,14.98534348735099,7,1
20.812879775104506,33.803876105505644,59.113030325851646,55.704051327503514,36.25019845315131,0.4480854872830765,38.43820903605802,211.80557084946386,16.810482871758627,0,0
26.659164857988483,55.20175942872129,18.613589775334795,23.1380636376848,82.39976518799783,0.48790019527930184,13.279379915367995,61.19209717212172,9.643503254529538,6,0
26.93224389764214,65.11082416400725,33.15646990671938,50.24272871663764,20.40876611557603,0.2042564679363964,38.36166970796115,63.51190683743164,26.33047474172061,4,0
40.15678230796185,79.86583326886462,85.50302016199352,73.14863597031159,46.90407475181539,0.6268026300648439,10.29436553832997,164.3076049048861,19.93113441188836,3,1
20.591316132630926,60.903308318339846,20.707580921085523,95.81180089194338,80.09387215414303,0.35874251054288864,16.08431843506547,187.40557527650873,1.5379015068489337,3,0
23.123257459537214,70.88972296345264,7.115828517343282,22.044600424541894,18.015864773261924,0.9956451766743493,23.27434862198497,271.9544100839547,14.384342801488529,7,1
43.99748256119568,22.80573079636584,6.90075926128163,88.61817721293451,10.986311374078294,0.48018351526188785,47.159792484672536,76.16515847697406,36.46948111079267,5,1
25.35633986163001,46.92459795358319,94.07845205031079,93.43041141674902,88.36839676879897,0.4858856061896132,46.58657123769123,255.66198179847234,31.036569068784086,0,1
39.582383235556236,10.746529586167464,50.69204379618346,91.64205445320663,34.29296627591959,0.5658517874106719,10.34359377111439,102.5118343230174,32.61918841109462,9,1
27.145483431401797,29.73430916172984,40.941207181701834,63.54143568619099,68.3870124909032,0.9167560031187467,17.91095206215364,148.52091212750798,31.41526158375856,7,1
22.983241782780354,68.11693720904039,81.08785810079185,62.982065443470766,2.534860426393848,0.8008180998597503,7.4699694226886155,129.15060870685323,13.993785962236498,1,1
27.295165729983623,89.34479610794908,83.5825927910516,40.32106331838228,69.00468884094497,0.4511300697978414,25.499253965674857,150.03881821634974,4.484876493454914,5,0
41.66800795566978,17.934247966977274,33.21910331156046,75.23978823037879,31.61013115469705,0.718699265972796,23.02912753473333,87.62387451814638,12.26102328148932,8,1
45.67089404318857,42.11954526890306,69.36180574737952,53.12940183509319,5.574085358744174,0.5862354987807616,45.038008122536624,175.89251860088874,37.43033850833217,0,1
44.90659593700975,74.00567749593276,77.11228158518865,67.74380712282945,60.9812761548117,0.4923670487012489,46.50026888955363,250.4106474578418,44.1211859002382,5,1
31.915505888553646,26.32285077031191,65.46506868659546,42.84579038487954,24.080381607317324,0.19231577278435052,19.178369550364604,160.38350259472423,22.223115663370262,7,1
40.042554097119385,54.4067959441829,15.159507480009937,73.14964640431391,38.680724205188,0.4639362634548909,24.586897150949472,172.65339397454977,0.4365159715368999,9,1
26.14952886247463,68.64570368237398,87.5883083517057,82.4471517604549,8.058081228651359,0.24581858702257464,44.81181245730666,262.19189632032857,6.302016546040306,1,1
28.794431907830397,59.278836020814325,53.90945527360087,14.64362566028161,14.716325109494532,0.9148421498516547,40.33539038725307,226.5145286595077,14.493625889231959,4,1
46.89007455563359,25.04197876923329,28.24724263700037,83.2929715574228,29.797723549584376,0.33540681349634693,0.18281556723246384,172.61360212994617,26.03634068668274,5,1
20.390057705322082,38.43076549485915,42.52281854376939,54.029653179030724,8.975950056015714,0.9522640145333723,16.002978209179126,114.42391204729492,3.3792140612391286,4,1
22.56525592563404,72.70334275883178,3.757109039890738,84.46659090902243,91.08262646863152,0.5330552900947112,21.088712096806294,271.23168671124165,42.451078441944674,2,0
26.23658765438082,54.33812113056133,12.786680122241755,43.13017063410146,0.6047043183978418,0.6315443786761603,11.485814184161585,194.2551004226396,16.428765297798034,3,0
20.79596611621459,10.418369083433019,76.55467505158609,37.904048538303506,48.38602188643114,0.5429404444893278,9.978580794796937,105.28690252767335,41.066289806617036,6,1
25.44306305269392,70.8792608022475,0.0011634755366141114,91.50607325172224,12.324745813255145,0.1293806169667009,1.8892253297839834,117.27993815950259,35.12348112406598,3,0
37.49124682909077,12.824908395219126,41.65658284822922,25.11692675484013,30.767908947794854,0.37582121900794097,32.16848625348803,250.78327223406149,33.99467726320115,8,1
32.642736517774935,69.65870261849858,52.251018108558846,84.42123252861431,92.60595598182655,0.09914611227762393,13.125514524158282,61.036390521863865,27.30238109020044,9,0
46.780151332309245,26.19844481321899,5.4634420000972295,48.40205725094041,16.169455327398687,0.6229540441833817,2.6173589215656543,298.023046757205,28.205271767333006,1,1
44.523306852153226,86.64587840955042,97.30781629723329,51.40954425512597,96.58323197183326,0.4468741952004389,11.548965526403181,82.58791992869794,28.710145584731166,4,0
30.254520550936277,39.43526010416676,22.612533124967193,30.8468281489484,20.579437698942172,0.7779849715709368,40.095697641806325,249.01713134923435,28.292462416151196,7,1
27.782703002938774,36.15452930704633,30.419871963628086,57.30422006190157,74.15661084668295,0.22047048099936983,42.57445908232733,148.6938291929207,24.917770412926256,4,0
31.390772245018006,21.911044026595576,30.39425122550273,32.52111962762113,54.66772648973117,0.16456605842933492,24.15331225966513,173.0540458218667,44.38863083173,9,0
37.70884827544423,34.44833723921719,23.04166621173499,3.926941424165231,88.44787275967592,0.4063322309637678,20.803533520434307,270.1626443661445,32.953075534156326,7,0
28.041909224686286,80.13206094625605,0.1473822086311416,27.199860534435604,55.399325550313094,0.9265853832183811,48.892684675089086,153.2277973973033,34.962587477663455,7,0
38.72446723547402,89.70674701017978,72.93447940879963,0.6379043406590679,53.45592191563087,0.7104218150124118,10.028232979403494,184.3734384183086,39.26082667876534,8,0
32.28234956573721,39.464762440547865,96.68454997992853,97.83547870568566,19.54580003683999,0.41892362479291867,10.767964142730424,62.324915602292485,9.703789322663212,9,1
36.5614154255594,45.8888504763634,22.429348328504506,96.57472098197475,16.62293620516587,0.5172721697543106,14.593358851819987,50.58686846686329,3.7711871592777353,5,1
33.083795874059504,67.76567505621897,66.30471918034225,39.5155297472305,91.64891511155142,0.08421301117709834,8.637865914054366,111.19996825043148,21.73024964693694,3,0
28.83397278625753,80.89566243720596,74.18963269587151,72.8370854339646,32.78381988500341,0.9845758963761131,18.96827991020933,220.14577322969183,23.133631302867293,2,1
48.4535992088647,57.44354673494273,84.84253790905247,34.580609841042495,37.20822549628959,0.6664073046949189,45.54171134948769,80.31622333978417,37.3131800977463,4,1
42.908173824792826,41.32205585422635,42.262919701360914,67.1093157085976,75.98236584283885,0.2854040684634225,30.767392031428713,78.44048970113735,19.970261067705106,5,0
24.203395272993575,43.0097472678899,30.293090564042924,80.54300430459791,33.882348242280734,0.5858083942152443,20.597327430613184,152.74015200897583,25.68838614949407,2,0
46.05403927693739,65.64945171974455,32.52951340230311,94.67562446922408,95.20624466390028,0.10948236606899397,46.72053972856074,211.95925965205663,23.718192233105626,1,0
34.62293594748541,10.257461088342295,71.26213330985128,40.0212275849672,73.79277689988002,0.9658366688075836,2.423211623791116,228.01799806198264,1.7191252690825976,6,1
46.836566806822745,59.56714699678726,81.6779466505636,78.32979829560477,59.742924257342,0.17478498788336594,10.513808895093069,94.61266852459369,27.68467034686113,4,0
43.995657678419455,38.43944083530859,18.161396775660265,26.59284506321188,88.08951605447525,0.6480303180552142,28.29443025508795,69.89703684301061,37.26194785984135,8,0
32.756405134077,73.53578650216674,37.09410081577652,99.03323037936484,4.960590834948276,0.24545446253893044,30.77763115965896,285.099258486386,7.087524663411172,2,0
20.674079249603523,17.439251185850573,90.19401967491501,2.5769598764351143,25.706269218920873,0.7175613826485358,1.9778753281306571,115.16659564052543,26.744928026696808,7,1
28.060320781548384,57.05618135587124,80.66935196947392,60.3528806501121,46.50363342209099,0.7768213672402811,20.15193789535661,263.336624402181,26.712474500088646,5,1
36.24902643982601,48.4778311908899,98.48584027624759,65.95059816513272,22.6978539471521,0.6734197289114326,32.45769824154364,265.87286261570455,7.388323382536143,3,1
39.00434659478442,61.38604207241819,75.42482596820807,68.80455570741289,74.39051873021519,0.6144994602551925,34.90352732017008,243.13064794063612,5.555860817883121,8,1
27.73663056299607,15.188287558637468,39.319520102792225,12.038757878908902,91.92080310537251,0.8924690939520117,31.906995125813463,92.20840166314252,44.10233743394181,4,0
24.180682222184725,56.3987029942505,59.06378339946377,93.85297834731304,42.37701199309234,0.07862671098975804,16.02816121804623,255.4503648135501,17.71736263438669,9,0
45.04790710397897,54.9187670367619,66.10142542473203,18.11832790500828,34.2132600111895,0.3309147657801952,4.6760061798954755,242.31263981039666,10.233977792558818,5,1
49.532065421106566,54.85280755329367,7.845581631712395,62.27534032398411,96.15507321375662,0.24828747963084596,21.355622320966706,199.18074752655428,7.709604500446873,8,0
35.770705469080575,58.279013327716385,54.44969591038651,22.267607912308495,44.485243282754084,0.9880139620654216,6.4377218684027735,134.3005087922382,30.04207711124558,6,1
25.150378575449103,64.11743497810897,70.93208284726096,30.72164170212709,48.90484004492832,0.3893897796668735,47.381182926033354,115.62715106663603,27.425038379727546,4,0
28.169219795581068,74.39911997446158,16.732130400106037,54.645854172812435,35.164987234190534,0.7326126992403987,23.758543301131414,80.47230302008974,28.959845534433786,1,0
20.551720296424,31.585657610257147,78.06317174255571,41.719341856457646,90.95484730121383,0.6847251638810046,15.862958717843378,177.43926672521786,3.9602712380153515,3,1
47.428964196814974,76.00395281440497,58.37727805141116,16.02256009765063,56.89554832818507,0.21208123747737773,38.315203555945004,196.31521887746163,40.209056257429665,1,0
23.532532486704234,49.86045458107629,95.22217856975946,17.093640242084827,76.21745871816447,0.23899768021155132,24.897429629113194,139.8347476289468,17.516987856407173,2,0
37.29549426542761,16.164662330746495,4.24222982068917,41.814478816279966,81.18067183508863,0.2812845635530341,15.501701200622502,168.83976692021713,14.101623289366106,9,0
28.22165662061618,14.684074339518336,26.5326137555467,75.72829782755008,34.18490419172582,0.4111272782593792,40.598387119540085,140.87861434231667,20.806265126148265,2,1
36.6253400754738,36.73906549568486,60.15538792998241,89.79646468477885,43.369433132038004,0.2343250656505268,43.3576075500561,210.25151433017533,17.55297295864327,3,1
39.542611650555926,72.7917581689174,29.65599122059307,8.412766225938284,84.84717744062647,0.019651482746847804,33.65040831443385,275.3148019491408,38.860965141261566,5,0
44.89225411121605,66.61447477927325,71.44241640712423,39.310390755940105,36.32553516758102,0.8793930568071955,2.3482211203833647,90.98006551173623,41.81674388390515,2,1
26.1926381528181,73.08919717379251,75.9005282521931,10.024556372287662,79.39351334518513,0.9656098313808841,28.316144008326603,145.35220247578087,13.65539474023228,9,1
20.329874859754415,51.38152451532875,10.251596406647446,1.6592480632597884,94.09923225744372,0.34157038703156795,38.164745599864084,85.21715098771533,38.87711133569797,0,0
24.106568902064218,45.21591983643924,51.38544642067677,66.17186826439566,62.3210373068007,0.33850687942547286,6.825150604179109,206.235942601958,35.16854082898802,0,0
47.00055925544315,21.796202136502714,50.889055559105586,60.24494419665878,74.16272874518889,0.007091812774370987,11.433537569230168,232.21762737214894,41.88634525551428,8,0
46.216702326875456,36.25542028874492,36.92807702155411,16.301911381488623,80.50973120411349,0.680250688330374,44.124755253406825,282.978183149364,11.058764048364953,8,1
37.92239306510925,44.72154929391002,93.29248625696721,23.38128330930641,84.50396488966425,0.8254398957486287,1.0060860926537019,119.71798156524123,25.96316175544406,4,1
38.0155058130096,17.08803437436938,82.75063198732212,2.370775364451838,39.505333785679596,0.14660830036000316,37.6363568912988,287.55280146635755,12.354506313320009,8,1
39.95110023638766,27.6489562168969,69.72093819096368,83.49472056944037,5.126345917599817,0.15966634936715074,23.688664625721145,65.81566795516869,37.08425207179684,6,1
25.261138358703487,57.85802352509911,71.43266357349975,97.46905960485515,40.187627123673956,0.7900832499714378,22.338607941980342,200.75346584114703,0.2395885756978916,8,1
47.4323583777488,68.85304913913518,46.17161438131191,13.545953679469081,67.37562297840898,0.6162907483541447,0.3548266247443588,64.2831798358325,25.416862329887824,6,0
32.56311574676219,89.86780091143598,92.09945210965759,23.147521376529813,45.03503857807928,0.04486055762771701,40.96991154832464,273.4435469404862,15.26415440723631,8,0
31.494155847484926,84.64906650748462,69.45954272532853,86.8409523946934,74.89631508603985,0.6225469904622817,17.991245031828324,182.45226426751353,14.52076681850191,1,0
35.567531158485124,61.40521596281532,72.89810616558164,92.64637979561849,35.69824294686639,0.30891772284376606,27.038281565027145,217.337087690699,29.020784573921265,7,1
21.408979003251652,43.69984426352576,86.16909037873452,41.96273828068103,63.474414110402954,0.36872515547084594,33.865034316782975,257.89348147761314,38.316800219129725,6,0
24.98850106268238,60.894189176658614,27.4071589342191,5.062247226907413,18.641980485397458,0.7697314182968802,35.13147882189579,87.57765562099219,27.41379261269968,5,0
42.141008492791116,72.85212944641856,80.7070903866703,3.93918336928194,74.93694366449569,0.8109351926726106,47.79900294130361,59.64789048453346,38.39278403910251,4,0
22.483960037753793,19.466895273870986,19.524060295649203,57.39498660690104,54.56959688130259,0.40035662683983064,26.566997661830456,269.72028647821304,11.90687003464635,3,0
38.09456328399165,42.79239117570306,34.53419522448878,39.2895108893179,20.40643885466006,0.9471529360063548,19.98597754872138,128.73330686473312,23.377583464424152,6,1
27.36047329043963,77.18418285084938,33.56104542698427,2.8652427577654516,29.191117349780725,0.40646271795207223,47.68518132458539,82.24472698179132,20.27414425801842,2,0
31.678868421259295,40.70663615464352,97.85254683891405,58.32523923125568,74.86087085818323,0.7718360352301099,32.105511751276055,167.11530927177165,0.5240204776393298,7,1
28.660812103120996,55.74978169817492,85.65372237479268,1.1302536589022472,48.26012356615207,0.48387726456425906,14.90751781382778,199.5765189240047,25.056546441333307,1,0
30.670181493948476,57.021548868975856,70.11698615902597,78.73719581492729,21.60314403930722,0.897532326522084,6.323212270178558,57.74265085562753,29.76859458657787,0,1
41.571377155527365,24.75810025069115,72.70567616153902,30.643282270337156,96.72711903702977,0.9077612436501786,42.127725073259064,118.72391456427194,26.63614819885815,1,1
28.91365146869525,38.97883533218307,56.20727944025711,4.02580030092321,71.51250198168879,0.08741680787108386,18.10908013970758,58.199968569224005,33.13259544525397,8,0
36.99213920890692,36.76090309935457,94.70906671085191,58.835222098315334,95.71348325397962,0.9364933313102257,33.02348606822156,155.08384729887473,25.71027878038847,4,1
34.28151206597299,12.095736682565184,49.62587528823615,39.76844144330547,42.71050453603432,0.8255348415204157,23.540820968294906,273.7750072665611,3.003761468284061,7,1
39.91013496087945,11.93534111130842,38.05177098698945,97.38004133571495,47.51003406917205,0.7913107143126669,9.946488989751916,295.6631028733923,5.2400485838120145,2,1
48.10489217974274,76.53576349406188,16.3035336931591,54.41986625037022,89.79552161850192,0.20091133968552244,30.084330431023254,209.2618883759069,26.841355989477858,6,0
41.977162916307506,31.845664797824995,78.6205652261058,27.52391810370083,52.504934024538464,0.8051192087546649,3.034153447534116,90.40942344614795,12.374063638813809,1,1
26.448211357722702,51.44630129910524,73.44439320755914,70.94388646339748,70.72789119056672,0.8501327346850368,20.667122993559612,276.4623474998265,3.5840308065644626,7,1
20.93549405183854,33.898045887101844,38.43550385241349,27.149200254271133,25.217287749552998,0.28915033445415095,27.330746983183552,179.0619558000151,19.332123455184604,6,0
27.867921328994754,85.25433960922724,2.519341395922936,90.42432914075651,44.67264687026405,0.9522600783623237,21.802348705928953,88.43732802572953,24.94451691376449,4,0
37.852337921007646,30.7437407092619,83.89973277180107,37.47219705073764,12.34498658103551,0.04986014639916425,37.43360876254954,280.43166736291533,14.793569475732294,3,1
21.54277440452751,44.37254501911481,1.1417983454073632,54.98685627762052,20.59800358769617,0.14990925324713966,41.396247727265624,239.36726268077575,32.41951660016001,0,0
34.89098741603709,79.81842003876815,70.3699779629051,5.0573103824228856,0.0943415267631087,0.5375811380515143,38.5621537016589,232.9263181807879,28.96967736455601,4,0
37.90528546750667,77.3546853433447,97.02571097260571,42.61212379522308,3.926505164866023,0.5757924711223097,1.9406473905901056,227.29517594860116,14.976826249125239,8,1
30.027316724508825,24.888113427702187,43.766132814820345,83.2363539660995,97.72838231769293,0.6451500833009034,9.70643852229861,100.08495527411058,33.96926380088523,9,1
43.12736611237466,74.21146478365684,23.497340499595275,80.56488053633419,24.23536951367623,0.016969129315466458,26.830375463188716,102.75167292688153,29.191276913986595,3,0
23.197947594013154,46.65495093903141,70.48710100433817,22.431855885352626,66.33107095040019,0.9603667746221303,46.74110202219006,222.07324960681376,28.685042042305593,8,1
22.254133452074264,48.637509766828416,81.71281420155852,22.60790710105627,83.90996987996115,0.04458809273414399,41.747838752605844,104.93068752759922,24.90424653541806,1,0
41.8456626861081,20.6783977932755,54.64303160778473,81.73053122132367,55.066045923656425,0.14306195272340239,42.12672541759008,159.66792420076223,0.5125350639848758,3,1
34.864739486185954,16.44812110056997,96.70352752561462,93.03984201693255,15.31445000839562,0.01401451752605698,15.160409687983744,245.50045639848534,31.34282325646001,8,1
40.65207189283208,68.23514455790121,5.166872165796111,9.536092127300355,72.81164373361663,0.5668584332940947,21.47239485393513,245.98812952446025,16.92188059991204,3,0
33.04482015811239,49.716892188423984,50.479559830452814,45.005863942622526,60.025141009958304,0.9322668839209722,23.535297365796872,163.31544313146492,42.4174369571395,4,1
27.392060997173203,44.948056209214364,71.845394732255,33.745427896422896,73.12505893473751,0.6659471660804642,7.868579167495521,248.04748456881129,36.80931469847424,7,1
44.57306953022599,68.36065829219174,86.2640471149179,87.06884554574394,76.97466228570872,0.8226574684804273,1.5534065122228158,259.65544904951423,26.44625112890905,0,1
43.982476369069374,71.24103191928879,17.925561190779003,8.352491468001876,97.54103676847451,0.013281203458580082,47.345144973025846,213.69393782106505,11.348189181867124,0,0
40.8408941256328,22.712653413548285,80.00034817636814,21.112594255803742,57.356328002671,0.5420152984797261,12.035629283175336,107.10646307710505,9.167282697494997,8,1
28.16435411689888,58.8180119582113,55.27070757185453,75.24683375864943,34.164111269060186,0.4595629775055219,11.997445186181565,118.50294509638688,15.317317695489711,8,1
37.706920006072615,20.828326582214842,39.65536819899632,5.129384898121558,64.8464556900237,0.49896794422079305,4.168952688437977,128.71028885218385,21.445557461100833,3,0
30.829216908200806,70.11000688232366,13.171502857909356,49.25353807142893,6.844070924262613,0.07221318533518795,46.42538759718893,79.201026933488,13.322947951752619,1,0
22.747462199799024,62.55641250137116,86.52957589089124,44.210703467972,89.73973183215863,0.6844353610693075,28.9868557469886,118.28990509248628,23.171827292661725,8,1
47.51940726386728,86.52916968667664,15.727320817971535,33.44011789887487,11.938101133819679,0.5032204148586344,33.351842856267695,102.37980607813303,7.441669148093367,3,0
24.104558927568842,15.516641308513694,30.978785920909925,39.457231531892376,32.784283788581824,0.765148849861264,45.578844363152626,163.83218745215055,43.997076577147496,5,1
48.50712061462407,14.564377692100345,29.004553196243688,52.99405869302329,81.57453806261209,0.48529063406171535,17.281008445039475,277.10938696806625,4.856604973424724,0,1
33.380173188738674,32.57496597545601,87.14140341908544,16.136735838838312,59.731237833071184,0.14938163622643208,31.075365556904206,76.12007918848951,41.93748628444674,8,0
